observation_id,organism,antibiotic,facility,region,month,tested_isolates,resistant_isolates,resistance_rate,previous_resistance_rate,resistance_change,rolling_mean,rolling_std,trend_slope,facility_count,reporting_volume,threshold_distance,target_risk
OBS-00001,Enterococcus faecium,Ciprofloxacin,St. Jude General Hospital,East District,2026-01,182,52,28.7,29.0,-0.3,29.9,1.3,0.51,4,830,-1.3,0
OBS-00002,Escherichia coli,Ceftriaxone,North Suburbs Health Zone,Metro Central,2025-10,263,100,38.0,34.2,3.7,34.1,2.6,1.02,2,695,-2.0,1
OBS-00003,Klebsiella pneumoniae,Gentamicin,Valley Health District,West District,2026-01,324,110,33.9,40.4,-6.5,36.5,4.7,-2.39,8,2645,-1.1,0
OBS-00004,Staphylococcus aureus,Colistin,Eastside Medical Center,Metro North,2026-01,144,32,22.5,24.9,-2.4,23.3,3.8,-1.66,6,961,-17.5,0
OBS-00005,Pseudomonas aeruginosa,Ceftriaxone,Eastside Medical Center,Metro Central,2026-09,589,122,20.8,25.5,-4.8,23.8,4.1,-1.56,8,4825,-9.2,0
OBS-00006,Acinetobacter baumannii,Colistin,Valley Health District,East District,2026-07,111,39,35.5,32.0,3.5,33.1,3.2,0.91,4,517,10.5,0
OBS-00007,Escherichia coli,Vancomycin,University Hospital Center,Metro Central,2026-04,504,143,28.4,31.9,-3.5,32.4,2.9,-1.66,5,2895,-11.6,0
OBS-00008,Pseudomonas aeruginosa,Meropenem,Valley Health District,East District,2026-09,215,111,51.6,47.2,4.4,48.4,4.8,1.82,2,753,21.6,1
OBS-00009,Staphylococcus aureus,Colistin,Valley Health District,Metro North,2026-08,97,27,27.8,28.6,-0.9,26.2,3.4,-0.59,6,749,-12.2,0
OBS-00010,Staphylococcus aureus,Colistin,St. Jude General Hospital,Metro North,2026-07,257,28,11.0,13.8,-2.9,11.6,4.0,-0.91,6,1927,-29.0,0
OBS-00011,Enterococcus faecium,Ampicillin,University Hospital Center,East District,2025-12,591,130,21.9,19.6,2.3,21.6,3.7,1.14,4,2548,-8.1,0
OBS-00012,Acinetobacter baumannii,Ampicillin,Eastside Medical Center,Metro North,2025-12,133,45,33.9,35.9,-2.0,33.3,1.7,-0.23,8,1138,8.9,0
OBS-00013,Klebsiella pneumoniae,Vancomycin,Valley Health District,West District,2026-07,434,100,22.9,26.9,-4.0,27.4,4.6,-0.79,2,1113,-12.1,0
OBS-00014,Pseudomonas aeruginosa,Ceftriaxone,St. Jude General Hospital,Metro Central,2026-08,388,65,16.6,16.7,-0.1,18.1,2.4,0.28,5,2047,-13.4,0
OBS-00015,Escherichia coli,Gentamicin,Valley Health District,East District,2026-06,559,209,37.4,31.7,5.7,28.9,2.9,2.23,3,1781,-2.6,0
OBS-00016,Enterococcus faecium,Ceftriaxone,Metro West Community Clinic,Metro North,2025-12,205,36,17.5,13.6,3.8,15.8,2.8,1.27,6,1556,-12.5,0
OBS-00017,Escherichia coli,Ceftriaxone,Eastside Medical Center,West District,2025-10,411,173,42.2,43.8,-1.6,42.3,3.9,-0.73,2,1029,2.2,0
OBS-00018,Acinetobacter baumannii,Ciprofloxacin,St. Jude General Hospital,West District,2025-11,171,81,47.3,43.0,4.3,44.3,2.8,1.56,3,900,22.3,1
OBS-00019,Pseudomonas aeruginosa,Ceftriaxone,Metro West Community Clinic,West District,2026-01,359,105,29.4,25.8,3.6,25.4,2.7,1.07,4,1690,-0.6,0
OBS-00020,Staphylococcus aureus,Ceftriaxone,North Suburbs Health Zone,Metro Central,2026-01,105,73,69.3,45.3,24.1,49.7,9.3,6.97,4,643,29.3,1
OBS-00021,Escherichia coli,Ciprofloxacin,Valley Health District,Metro Central,2026-01,72,36,49.9,34.8,15.1,37.3,8.6,4.71,2,363,9.9,1
OBS-00022,Klebsiella pneumoniae,Ceftriaxone,University Hospital Center,West District,2026-01,456,283,62.0,40.1,21.8,41.5,9.4,7.26,8,3795,27.0,1
OBS-00023,Staphylococcus aureus,Ampicillin,Valley Health District,Metro Central,2026-08,102,6,6.4,9.9,-3.6,7.7,2.2,-1.18,2,460,-33.6,0
OBS-00024,Escherichia coli,Meropenem,University Hospital Center,Metro North,2026-06,183,118,64.4,51.7,12.7,55.0,5.9,4.13,8,1730,24.4,1
OBS-00025,Escherichia coli,Ampicillin,Metro West Community Clinic,Metro Central,2025-10,135,78,57.5,31.7,25.8,35.1,10.5,9.06,1,306,17.5,1
OBS-00026,Staphylococcus aureus,Ciprofloxacin,University Hospital Center,West District,2025-10,311,131,42.0,39.0,3.0,38.3,2.8,1.56,7,2459,2.0,1
OBS-00027,Enterococcus faecium,Vancomycin,Metro West Community Clinic,West District,2025-12,343,114,33.3,36.1,-2.9,35.7,4.1,-1.36,4,1533,3.3,0
OBS-00028,Acinetobacter baumannii,Ciprofloxacin,Valley Health District,East District,2025-10,528,174,32.9,32.3,0.5,31.7,2.8,0.17,1,835,7.9,0
OBS-00029,Escherichia coli,Ceftriaxone,St. Jude General Hospital,Metro North,2025-11,280,124,44.2,29.1,15.2,30.5,8.0,5.26,2,816,4.2,1
OBS-00030,Acinetobacter baumannii,Ciprofloxacin,Metro West Community Clinic,Metro Central,2026-04,307,135,43.8,44.2,-0.4,43.6,1.2,-0.49,6,1996,18.8,0
OBS-00031,Pseudomonas aeruginosa,Ampicillin,University Hospital Center,East District,2026-05,114,31,27.4,31.5,-4.1,31.0,3.7,-0.84,6,738,-2.6,0
OBS-00032,Escherichia coli,Ciprofloxacin,Metro West Community Clinic,Metro North,2026-06,175,51,28.9,29.4,-0.5,27.1,1.9,0.31,5,1103,-11.1,0
OBS-00033,Pseudomonas aeruginosa,Colistin,University Hospital Center,West District,2026-06,581,177,30.4,29.2,1.2,29.8,3.0,0.54,5,2959,0.4,0
OBS-00034,Enterococcus faecium,Ciprofloxacin,University Hospital Center,East District,2025-11,199,60,30.0,26.8,3.2,27.7,3.8,0.58,2,587,-0.0,0
OBS-00035,Pseudomonas aeruginosa,Meropenem,Valley Health District,East District,2026-06,297,111,37.4,15.5,22.0,20.8,9.1,7.8,8,2452,7.4,1
OBS-00036,Escherichia coli,Colistin,University Hospital Center,East District,2025-12,477,21,4.3,25.4,-21.1,21.9,9.7,-6.66,8,4153,-35.7,0
OBS-00037,Klebsiella pneumoniae,Ceftriaxone,St. Jude General Hospital,East District,2026-07,480,246,51.3,35.5,15.7,37.6,7.0,5.2,3,1555,16.3,1
OBS-00038,Escherichia coli,Colistin,University Hospital Center,Metro North,2026-08,402,144,35.9,34.7,1.2,36.2,3.4,1.49,2,1140,-4.1,0
OBS-00039,Acinetobacter baumannii,Gentamicin,University Hospital Center,Metro North,2025-12,462,267,57.8,38.9,18.9,43.7,8.2,5.96,3,1448,32.8,1
OBS-00040,Staphylococcus aureus,Vancomycin,Valley Health District,Metro North,2026-02,150,45,30.2,30.5,-0.3,30.3,3.5,0.2,3,695,-9.8,0
OBS-00041,Klebsiella pneumoniae,Meropenem,North Suburbs Health Zone,East District,2026-02,268,65,24.4,29.5,-5.1,27.8,3.0,-1.36,4,1134,-10.6,0
OBS-00042,Pseudomonas aeruginosa,Vancomycin,St. Jude General Hospital,East District,2026-03,589,184,31.2,30.7,0.5,31.7,1.2,0.87,7,4342,1.2,0
OBS-00043,Pseudomonas aeruginosa,Meropenem,Metro West Community Clinic,East District,2025-10,484,105,21.7,25.5,-3.8,25.2,4.0,-1.04,2,1194,-8.3,0
OBS-00044,Acinetobacter baumannii,Ceftriaxone,St. Jude General Hospital,West District,2026-07,300,100,33.4,28.4,5.0,30.8,4.7,1.43,4,1272,8.4,0
OBS-00045,Acinetobacter baumannii,Gentamicin,Valley Health District,Metro North,2026-03,111,63,56.8,43.2,13.7,46.7,7.5,5.02,7,1167,31.8,1
OBS-00046,Enterococcus faecium,Vancomycin,St. Jude General Hospital,East District,2026-06,458,127,27.7,26.9,0.8,25.3,1.3,-0.33,5,2507,-2.3,0
OBS-00047,Klebsiella pneumoniae,Meropenem,North Suburbs Health Zone,West District,2026-08,348,117,33.6,33.1,0.5,36.7,1.7,-0.58,3,1301,-1.4,1
OBS-00048,Pseudomonas aeruginosa,Meropenem,North Suburbs Health Zone,East District,2026-05,492,109,22.2,21.7,0.5,20.4,2.4,0.03,8,4331,-7.8,0
OBS-00049,Enterococcus faecium,Meropenem,Valley Health District,Metro Central,2026-02,135,30,21.9,19.3,2.6,18.7,1.8,0.95,6,980,-8.1,0
OBS-00050,Klebsiella pneumoniae,Meropenem,St. Jude General Hospital,Metro Central,2026-01,114,78,68.5,61.9,6.7,65.3,5.8,2.56,8,1195,33.5,1
OBS-00051,Klebsiella pneumoniae,Gentamicin,Valley Health District,West District,2026-05,289,54,18.6,17.7,0.9,16.9,2.3,0.64,7,2148,-16.4,1
OBS-00052,Escherichia coli,Vancomycin,North Suburbs Health Zone,Metro North,2025-12,91,29,31.8,25.8,6.0,26.5,3.6,1.87,8,1063,-8.2,0
OBS-00053,Staphylococcus aureus,Meropenem,North Suburbs Health Zone,East District,2026-05,496,262,52.8,51.2,1.6,49.6,3.9,0.9,7,3603,12.8,0
OBS-00054,Pseudomonas aeruginosa,Vancomycin,University Hospital Center,East District,2026-06,284,97,34.0,28.0,6.0,27.2,3.6,2.74,8,2462,4.0,1
OBS-00055,Klebsiella pneumoniae,Colistin,Eastside Medical Center,East District,2026-06,181,88,48.4,50.7,-2.3,50.9,2.9,-0.46,2,489,13.4,0
OBS-00056,Enterococcus faecium,Meropenem,St. Jude General Hospital,West District,2026-04,595,130,21.8,24.8,-3.1,22.3,3.1,-1.08,6,3858,-8.2,0
OBS-00057,Staphylococcus aureus,Ampicillin,Metro West Community Clinic,Metro Central,2026-07,528,236,44.8,49.6,-4.8,48.0,3.5,-1.55,7,3749,4.8,0
OBS-00058,Staphylococcus aureus,Vancomycin,North Suburbs Health Zone,Metro North,2026-05,319,125,39.1,30.7,8.4,33.0,4.2,3.16,4,1549,-0.9,0
OBS-00059,Enterococcus faecium,Gentamicin,North Suburbs Health Zone,Metro North,2026-05,586,145,24.7,26.6,-1.9,26.3,4.0,-0.79,3,1821,-5.3,0
OBS-00060,Enterococcus faecium,Ciprofloxacin,St. Jude General Hospital,West District,2025-12,226,33,14.5,9.8,4.7,9.8,3.9,2.41,8,1883,-15.5,0
OBS-00061,Staphylococcus aureus,Colistin,Eastside Medical Center,West District,2026-02,298,91,30.4,28.2,2.3,29.1,1.8,0.52,7,2177,-9.6,0
OBS-00062,Escherichia coli,Colistin,University Hospital Center,Metro Central,2026-08,71,19,26.8,39.1,-12.3,35.9,7.3,-4.35,1,247,-13.2,0
OBS-00063,Klebsiella pneumoniae,Ampicillin,Valley Health District,Metro Central,2026-07,516,196,38.0,34.4,3.5,37.3,4.4,1.49,4,2245,3.0,1
OBS-00064,Acinetobacter baumannii,Gentamicin,Valley Health District,Metro Central,2025-12,150,90,60.2,44.3,15.9,48.3,8.5,5.02,5,1096,35.2,1
OBS-00065,Staphylococcus aureus,Ampicillin,Valley Health District,Metro North,2025-11,144,44,30.4,29.7,0.6,31.8,1.9,-0.04,4,780,-9.6,0
OBS-00066,Escherichia coli,Vancomycin,Metro West Community Clinic,Metro Central,2026-03,419,181,43.1,44.4,-1.3,43.5,3.7,-0.33,7,3018,3.1,0
OBS-00067,Staphylococcus aureus,Vancomycin,North Suburbs Health Zone,Metro Central,2026-04,510,234,45.9,45.7,0.3,46.7,2.0,-0.02,6,3188,5.9,0
OBS-00068,Enterococcus faecium,Colistin,Metro West Community Clinic,West District,2026-05,314,66,20.9,22.8,-1.9,25.3,2.7,-0.21,7,2413,-9.1,0
OBS-00069,Escherichia coli,Colistin,North Suburbs Health Zone,Metro North,2026-05,384,76,19.9,24.0,-4.0,24.9,4.3,-1.02,7,2752,-20.1,0
OBS-00070,Staphylococcus aureus,Meropenem,Eastside Medical Center,East District,2026-03,322,133,41.3,21.6,19.7,25.5,8.9,6.44,5,1944,1.3,1
OBS-00071,Enterococcus faecium,Ampicillin,North Suburbs Health Zone,Metro North,2026-09,542,183,33.8,31.4,2.3,33.9,1.9,0.86,8,4615,3.8,0
OBS-00072,Klebsiella pneumoniae,Ampicillin,Valley Health District,Metro North,2026-02,524,165,31.5,32.9,-1.4,33.0,1.5,-0.0,6,3477,-3.5,0
OBS-00073,Enterococcus faecium,Ceftriaxone,Eastside Medical Center,East District,2026-09,317,60,19.1,21.2,-2.1,22.8,1.8,-0.58,8,2742,-10.9,0
OBS-00074,Klebsiella pneumoniae,Colistin,St. Jude General Hospital,Metro North,2026-01,535,299,56.0,52.8,3.2,53.2,2.2,0.95,4,2331,21.0,0
OBS-00075,Acinetobacter baumannii,Ceftriaxone,Eastside Medical Center,Metro Central,2026-01,272,53,19.4,38.0,-18.6,34.7,9.3,-6.53,5,1594,-5.6,0
OBS-00076,Pseudomonas aeruginosa,Ciprofloxacin,St. Jude General Hospital,East District,2026-09,542,160,29.5,28.9,0.5,26.9,3.3,-0.17,3,1728,-0.5,0
OBS-00077,Staphylococcus aureus,Ampicillin,North Suburbs Health Zone,East District,2025-12,298,59,19.7,32.7,-13.0,30.1,6.8,-4.32,1,592,-20.3,0
OBS-00078,Acinetobacter baumannii,Gentamicin,Valley Health District,Metro Central,2025-12,351,169,48.3,43.0,5.3,45.5,3.9,2.25,3,1146,23.3,1
OBS-00079,Staphylococcus aureus,Ceftriaxone,Metro West Community Clinic,Metro North,2026-06,501,259,51.6,51.8,-0.2,53.2,2.5,-0.4,7,3783,11.6,0
OBS-00080,Staphylococcus aureus,Colistin,Metro West Community Clinic,Metro Central,2026-07,252,39,15.6,22.8,-7.2,20.6,4.9,-3.17,2,874,-24.4,0
OBS-00081,Klebsiella pneumoniae,Meropenem,University Hospital Center,Metro Central,2025-12,458,201,43.8,41.6,2.2,43.5,2.0,0.21,1,738,8.8,0
OBS-00082,Escherichia coli,Meropenem,Eastside Medical Center,East District,2026-09,112,57,51.0,46.7,4.3,46.8,5.0,1.55,8,1065,11.0,1
OBS-00083,Enterococcus faecium,Ceftriaxone,Valley Health District,Metro North,2026-04,597,105,17.6,16.2,1.4,16.4,3.6,0.42,2,1359,-12.4,0
OBS-00084,Klebsiella pneumoniae,Ciprofloxacin,St. Jude General Hospital,Metro North,2026-02,489,220,45.0,50.4,-5.4,48.4,2.8,-1.7,5,2558,10.0,0
OBS-00085,Staphylococcus aureus,Colistin,Metro West Community Clinic,West District,2026-05,80,31,39.1,33.6,5.5,35.2,5.3,1.65,2,431,-0.9,0
OBS-00086,Escherichia coli,Ciprofloxacin,University Hospital Center,Metro Central,2026-08,81,27,33.4,37.0,-3.5,36.1,4.6,-1.71,5,544,-6.6,0
OBS-00087,Pseudomonas aeruginosa,Meropenem,Metro West Community Clinic,West District,2026-08,133,44,33.2,29.3,3.9,32.4,3.1,1.43,8,1354,3.2,1
OBS-00088,Enterococcus faecium,Ciprofloxacin,University Hospital Center,East District,2026-04,335,83,24.6,19.0,5.6,20.3,4.2,1.93,8,3069,-5.4,0
OBS-00089,Acinetobacter baumannii,Ciprofloxacin,North Suburbs Health Zone,Metro Central,2026-03,371,198,53.3,49.5,3.8,50.5,3.2,1.52,5,1964,28.3,1
OBS-00090,Acinetobacter baumannii,Vancomycin,St. Jude General Hospital,West District,2026-04,232,113,48.5,51.7,-3.2,52.1,2.3,-1.76,1,547,23.5,0
OBS-00091,Enterococcus faecium,Ampicillin,St. Jude General Hospital,Metro North,2026-02,334,133,39.9,36.6,3.3,37.0,2.9,1.7,3,1276,9.9,1
OBS-00092,Escherichia coli,Gentamicin,Metro West Community Clinic,Metro North,2026-09,358,180,50.1,32.6,17.6,37.6,9.5,6.0,3,1406,10.1,1
OBS-00093,Escherichia coli,Ampicillin,St. Jude General Hospital,Metro North,2026-05,561,103,18.4,18.4,0.0,19.0,2.1,-0.01,5,2994,-21.6,0
OBS-00094,Staphylococcus aureus,Meropenem,North Suburbs Health Zone,Metro North,2026-04,560,216,38.6,43.5,-4.8,42.3,2.8,-1.63,4,2359,-1.4,0
OBS-00095,Staphylococcus aureus,Colistin,Metro West Community Clinic,East District,2025-10,345,108,31.3,34.4,-3.1,33.0,4.3,-1.46,5,2075,-8.7,0
OBS-00096,Klebsiella pneumoniae,Ampicillin,Metro West Community Clinic,West District,2026-03,596,343,57.6,58.6,-0.9,57.7,1.2,-0.49,6,3819,22.6,0
OBS-00097,Klebsiella pneumoniae,Gentamicin,University Hospital Center,West District,2026-01,84,25,30.1,32.7,-2.6,32.0,2.3,-1.28,7,800,-4.9,0
OBS-00098,Staphylococcus aureus,Ampicillin,Valley Health District,Metro North,2026-05,169,39,22.9,30.7,-7.8,29.0,5.7,-2.58,1,476,-17.1,0
OBS-00099,Escherichia coli,Vancomycin,North Suburbs Health Zone,Metro Central,2026-06,55,15,27.4,26.4,0.9,26.4,3.3,0.21,8,563,-12.6,0
OBS-00100,Klebsiella pneumoniae,Ciprofloxacin,North Suburbs Health Zone,East District,2026-03,122,40,32.9,30.6,2.2,30.3,2.9,0.24,7,1072,-2.1,0
OBS-00101,Staphylococcus aureus,Colistin,Valley Health District,West District,2026-06,110,18,16.8,11.8,5.0,15.3,2.6,1.57,1,280,-23.2,0
OBS-00102,Klebsiella pneumoniae,Gentamicin,St. Jude General Hospital,West District,2025-11,494,214,43.3,46.5,-3.3,45.9,3.4,-0.71,2,1123,8.3,0
OBS-00103,Escherichia coli,Colistin,St. Jude General Hospital,East District,2026-03,481,134,27.8,31.0,-3.1,27.9,2.6,-0.95,6,3010,-12.2,0
OBS-00104,Enterococcus faecium,Vancomycin,University Hospital Center,Metro North,2025-12,431,101,23.5,23.5,0.0,21.9,1.7,-0.26,2,1229,-6.5,0
OBS-00105,Acinetobacter baumannii,Meropenem,University Hospital Center,West District,2026-08,510,297,58.2,54.9,3.3,55.5,2.2,1.69,5,2730,33.2,1
OBS-00106,Staphylococcus aureus,Colistin,Valley Health District,Metro North,2025-11,393,245,62.2,58.5,3.8,58.6,2.5,1.9,8,3494,22.2,1
OBS-00107,Enterococcus faecium,Colistin,North Suburbs Health Zone,East District,2026-01,534,71,13.4,18.0,-4.6,18.5,3.4,-0.77,7,3842,-16.6,0
OBS-00108,Acinetobacter baumannii,Colistin,Valley Health District,East District,2025-10,321,125,38.9,38.3,0.6,37.9,1.4,0.1,7,2301,13.9,0
OBS-00109,Enterococcus faecium,Ciprofloxacin,Metro West Community Clinic,West District,2026-02,400,73,18.3,19.8,-1.5,18.6,1.8,-0.85,4,1762,-11.7,0
OBS-00110,Enterococcus faecium,Vancomycin,Valley Health District,Metro North,2026-08,80,6,7.6,5.0,2.6,6.1,4.0,0.83,2,368,-22.4,1
OBS-00111,Pseudomonas aeruginosa,Gentamicin,University Hospital Center,Metro Central,2026-02,465,108,23.2,20.4,2.8,21.7,4.3,0.54,6,2929,-6.8,0
OBS-00112,Pseudomonas aeruginosa,Ceftriaxone,Metro West Community Clinic,East District,2025-12,533,252,47.2,41.3,5.9,43.9,3.4,1.66,5,2866,17.2,1
OBS-00113,Escherichia coli,Ampicillin,St. Jude General Hospital,Metro North,2026-01,414,82,19.8,25.9,-6.1,22.2,3.2,-2.01,7,2994,-20.2,1
OBS-00114,Acinetobacter baumannii,Ciprofloxacin,North Suburbs Health Zone,East District,2026-08,430,111,25.7,22.8,3.0,21.6,3.1,1.11,5,2526,0.7,0
OBS-00115,Klebsiella pneumoniae,Ampicillin,St. Jude General Hospital,East District,2026-07,104,33,31.8,31.5,0.4,30.3,1.1,-0.02,4,791,-3.2,0
OBS-00116,Pseudomonas aeruginosa,Gentamicin,North Suburbs Health Zone,Metro Central,2025-12,78,18,23.0,20.2,2.9,22.4,3.4,1.28,1,283,-7.0,0
OBS-00117,Klebsiella pneumoniae,Ceftriaxone,University Hospital Center,West District,2026-05,593,63,10.7,13.3,-2.6,13.6,4.0,-0.95,6,3822,-24.3,0
OBS-00118,Staphylococcus aureus,Gentamicin,St. Jude General Hospital,West District,2026-07,326,106,32.5,32.0,0.5,32.9,3.2,0.8,7,2348,-7.5,0
OBS-00119,Staphylococcus aureus,Meropenem,Eastside Medical Center,Metro Central,2026-08,597,196,32.8,34.1,-1.2,33.1,1.7,-0.57,6,3962,-7.2,0
OBS-00120,Klebsiella pneumoniae,Ciprofloxacin,North Suburbs Health Zone,Metro Central,2026-08,61,29,47.3,43.4,3.8,40.9,4.5,1.41,4,319,12.3,1
OBS-00121,Klebsiella pneumoniae,Vancomycin,Metro West Community Clinic,Metro North,2025-11,261,127,48.8,50.0,-1.2,46.7,2.5,-0.8,4,1213,13.8,0
OBS-00122,Acinetobacter baumannii,Ciprofloxacin,Eastside Medical Center,Metro North,2025-12,218,100,45.8,48.5,-2.8,45.6,4.2,-0.93,5,1196,20.8,1
OBS-00123,Escherichia coli,Colistin,University Hospital Center,East District,2025-10,311,197,63.3,38.6,24.7,40.3,11.1,7.64,3,1009,23.3,1
OBS-00124,Escherichia coli,Ampicillin,North Suburbs Health Zone,East District,2026-06,502,214,42.5,41.2,1.4,40.8,3.0,0.85,2,1311,2.5,0
OBS-00125,Enterococcus faecium,Vancomycin,Valley Health District,East District,2026-05,102,25,24.2,25.7,-1.5,26.0,2.2,-0.17,1,397,-5.8,0
OBS-00126,Escherichia coli,Ampicillin,Valley Health District,West District,2025-11,369,47,12.7,25.2,-12.5,24.9,7.5,-4.01,2,1099,-27.3,0
OBS-00127,Acinetobacter baumannii,Ceftriaxone,Valley Health District,East District,2026-04,504,236,46.8,48.4,-1.6,47.7,3.5,-0.92,5,2828,21.8,0
OBS-00128,Enterococcus faecium,Ciprofloxacin,Valley Health District,Metro North,2026-04,273,54,19.8,21.6,-1.7,22.7,3.1,-0.18,8,2445,-10.2,0
OBS-00129,Staphylococcus aureus,Gentamicin,St. Jude General Hospital,East District,2026-04,301,126,41.7,35.0,6.8,35.2,3.7,1.77,6,2047,1.7,1
OBS-00130,Staphylococcus aureus,Ciprofloxacin,St. Jude General Hospital,Metro Central,2025-11,138,49,35.2,32.0,3.1,31.3,4.4,0.1,7,1206,-4.8,0
OBS-00131,Acinetobacter baumannii,Ceftriaxone,Metro West Community Clinic,East District,2026-08,460,170,37.1,40.8,-3.7,43.7,2.1,-1.18,2,1151,12.1,0
OBS-00132,Staphylococcus aureus,Vancomycin,Valley Health District,Metro Central,2026-02,400,215,53.7,51.4,2.3,52.2,2.0,0.94,5,2103,13.7,0
OBS-00133,Enterococcus faecium,Ampicillin,University Hospital Center,Metro Central,2026-03,157,71,45.0,40.1,4.9,43.4,5.0,1.43,6,1134,15.0,1
OBS-00134,Acinetobacter baumannii,Vancomycin,Metro West Community Clinic,Metro Central,2026-07,69,28,40.0,37.1,2.9,41.5,2.9,1.18,5,487,15.0,0
OBS-00135,Pseudomonas aeruginosa,Colistin,St. Jude General Hospital,Metro North,2025-12,111,25,22.4,23.7,-1.3,22.0,2.7,-1.1,7,899,-7.6,0
OBS-00136,Escherichia coli,Gentamicin,Metro West Community Clinic,Metro North,2026-04,504,237,47.0,30.2,16.9,34.5,8.7,5.03,7,3752,7.0,1
OBS-00137,Acinetobacter baumannii,Ceftriaxone,St. Jude General Hospital,Metro Central,2025-12,90,48,53.7,35.4,18.3,38.7,8.6,5.99,3,665,28.7,1
OBS-00138,Acinetobacter baumannii,Ampicillin,North Suburbs Health Zone,East District,2026-01,393,248,63.1,46.0,17.1,49.2,8.4,5.29,2,1056,38.1,1
OBS-00139,Acinetobacter baumannii,Gentamicin,Eastside Medical Center,Metro Central,2026-01,96,39,40.6,43.2,-2.6,42.4,4.4,0.16,7,725,15.6,0
OBS-00140,Klebsiella pneumoniae,Vancomycin,Eastside Medical Center,East District,2026-03,47,18,38.8,38.6,0.2,38.6,1.4,0.02,2,398,3.8,0
OBS-00141,Staphylococcus aureus,Ceftriaxone,Valley Health District,Metro North,2026-06,113,46,41.1,31.9,9.2,32.0,4.2,2.96,6,931,1.1,1
OBS-00142,Escherichia coli,Ampicillin,St. Jude General Hospital,East District,2026-07,454,159,35.0,44.0,-9.1,43.9,5.1,-3.5,7,3555,-5.0,0
OBS-00143,Escherichia coli,Colistin,University Hospital Center,West District,2026-09,130,45,34.8,33.6,1.2,33.5,3.8,-0.16,6,1053,-5.2,0
OBS-00144,Acinetobacter baumannii,Ampicillin,Metro West Community Clinic,Metro Central,2026-04,387,103,26.5,30.2,-3.7,32.1,2.2,-1.04,5,2098,1.5,0
OBS-00145,Acinetobacter baumannii,Gentamicin,St. Jude General Hospital,Metro North,2026-03,191,98,51.5,30.3,21.2,35.6,8.3,6.62,6,1316,26.5,1
OBS-00146,Klebsiella pneumoniae,Vancomycin,Valley Health District,Metro Central,2025-12,515,199,38.7,39.0,-0.3,39.7,1.5,-0.52,8,4458,3.7,0
OBS-00147,Acinetobacter baumannii,Gentamicin,Valley Health District,East District,2026-08,194,112,57.7,35.6,22.1,39.5,10.8,7.22,6,1439,32.7,1
OBS-00148,Pseudomonas aeruginosa,Ceftriaxone,St. Jude General Hospital,East District,2026-06,357,110,30.7,34.3,-3.6,34.5,2.9,-1.87,2,1000,0.7,0
OBS-00149,Pseudomonas aeruginosa,Ciprofloxacin,Valley Health District,Metro Central,2026-07,513,179,35.0,39.1,-4.1,37.1,3.3,-1.99,7,3938,5.0,0
OBS-00150,Escherichia coli,Ampicillin,Metro West Community Clinic,Metro North,2026-03,553,180,32.6,36.8,-4.3,38.6,3.8,-2.13,8,4551,-7.4,0
OBS-00151,Pseudomonas aeruginosa,Gentamicin,St. Jude General Hospital,Metro North,2025-10,488,118,24.2,20.6,3.6,21.3,4.2,1.05,4,2226,-5.8,0
OBS-00152,Pseudomonas aeruginosa,Colistin,Eastside Medical Center,West District,2026-04,93,24,25.8,24.5,1.3,22.2,3.0,0.18,6,931,-4.2,0
OBS-00153,Escherichia coli,Ceftriaxone,Valley Health District,West District,2026-02,193,101,52.3,28.7,23.7,33.4,9.6,8.04,5,1185,12.3,1
OBS-00154,Pseudomonas aeruginosa,Gentamicin,Valley Health District,West District,2025-12,357,50,14.1,12.0,2.1,15.4,3.8,0.99,2,1050,-15.9,0
OBS-00155,Klebsiella pneumoniae,Gentamicin,Valley Health District,Metro Central,2026-08,560,341,61.0,40.6,20.4,46.1,9.7,6.06,7,4155,26.0,1
OBS-00156,Pseudomonas aeruginosa,Vancomycin,North Suburbs Health Zone,Metro North,2026-01,198,25,12.8,14.8,-2.0,14.4,1.9,-0.81,3,683,-17.2,0
OBS-00157,Acinetobacter baumannii,Vancomycin,Metro West Community Clinic,Metro Central,2026-08,174,61,35.2,40.0,-4.8,39.9,3.5,-1.97,6,1399,10.2,0
OBS-00158,Enterococcus faecium,Vancomycin,Metro West Community Clinic,Metro North,2026-09,84,9,11.0,14.2,-3.2,15.1,3.4,-0.23,8,932,-19.0,0
OBS-00159,Staphylococcus aureus,Ceftriaxone,Eastside Medical Center,West District,2026-01,356,96,26.9,26.3,0.5,26.7,1.6,-0.06,4,1714,-13.1,0
OBS-00160,Enterococcus faecium,Ceftriaxone,North Suburbs Health Zone,West District,2026-02,554,195,35.1,26.0,9.2,27.7,4.9,2.93,7,4198,5.1,1
OBS-00161,Klebsiella pneumoniae,Vancomycin,Metro West Community Clinic,Metro North,2026-02,532,219,41.3,40.4,0.8,40.1,2.4,0.02,1,772,6.3,0
OBS-00162,Acinetobacter baumannii,Vancomycin,St. Jude General Hospital,East District,2025-11,319,188,58.8,56.1,2.7,55.8,3.9,0.46,3,1237,33.8,0
OBS-00163,Staphylococcus aureus,Ciprofloxacin,University Hospital Center,West District,2026-03,464,163,35.2,41.2,-6.0,41.7,3.1,-2.03,1,541,-4.8,0
OBS-00164,Staphylococcus aureus,Ciprofloxacin,Eastside Medical Center,Metro North,2025-10,141,54,38.3,37.4,0.8,35.6,3.4,0.59,6,1228,-1.7,0
OBS-00165,Escherichia coli,Colistin,North Suburbs Health Zone,Metro North,2026-09,499,78,15.7,36.9,-21.2,34.0,8.9,-6.88,8,4357,-24.3,0
OBS-00166,Klebsiella pneumoniae,Ceftriaxone,Valley Health District,West District,2025-11,283,137,48.6,22.7,25.8,27.8,12.4,8.93,5,1619,13.6,1
OBS-00167,Acinetobacter baumannii,Ampicillin,St. Jude General Hospital,Metro Central,2026-05,567,233,41.1,39.3,1.8,39.4,4.1,0.58,1,911,16.1,0
OBS-00168,Staphylococcus aureus,Ciprofloxacin,Metro West Community Clinic,East District,2026-01,231,89,38.5,38.2,0.3,38.3,1.8,-0.46,7,2007,-1.5,0
OBS-00169,Pseudomonas aeruginosa,Ciprofloxacin,Metro West Community Clinic,Metro Central,2026-04,84,21,25.6,29.0,-3.4,30.2,3.9,-1.21,8,1047,-4.4,0
OBS-00170,Enterococcus faecium,Ciprofloxacin,Eastside Medical Center,Metro Central,2026-03,146,39,26.7,21.5,5.3,22.8,3.5,2.11,4,931,-3.3,0
OBS-00171,Escherichia coli,Colistin,Metro West Community Clinic,East District,2026-08,515,153,29.7,34.3,-4.5,34.2,2.4,-1.47,3,1840,-10.3,0
OBS-00172,Escherichia coli,Gentamicin,North Suburbs Health Zone,Metro Central,2026-02,84,33,38.9,40.5,-1.6,42.3,2.7,-0.17,4,488,-1.1,0
OBS-00173,Pseudomonas aeruginosa,Ceftriaxone,North Suburbs Health Zone,West District,2026-02,235,51,21.8,27.5,-5.7,23.7,4.8,-2.07,1,431,-8.2,0
OBS-00174,Enterococcus faecium,Colistin,Eastside Medical Center,Metro Central,2026-03,449,82,18.2,22.7,-4.5,20.5,3.2,-2.27,7,3418,-11.8,0
OBS-00175,Klebsiella pneumoniae,Ampicillin,Valley Health District,West District,2026-03,124,59,47.4,25.9,21.5,31.7,10.9,7.08,5,887,12.4,1
OBS-00176,Acinetobacter baumannii,Colistin,Eastside Medical Center,Metro Central,2025-11,342,202,59.0,61.1,-2.1,62.4,2.9,-0.05,6,2258,34.0,0
OBS-00177,Klebsiella pneumoniae,Gentamicin,North Suburbs Health Zone,East District,2026-05,401,120,30.0,31.6,-1.7,30.4,3.5,-0.79,1,765,-5.0,0
OBS-00178,Escherichia coli,Ciprofloxacin,Valley Health District,West District,2026-03,71,20,27.6,28.0,-0.4,27.4,3.0,-0.6,3,336,-12.4,0
OBS-00179,Staphylococcus aureus,Ciprofloxacin,University Hospital Center,Metro Central,2026-01,410,90,21.9,20.0,1.8,19.6,2.0,0.85,6,2706,-18.1,1
OBS-00180,Klebsiella pneumoniae,Gentamicin,North Suburbs Health Zone,East District,2026-03,118,96,81.7,61.6,20.1,67.0,8.1,6.55,8,1287,46.7,1
OBS-00181,Pseudomonas aeruginosa,Meropenem,St. Jude General Hospital,Metro Central,2026-09,551,175,31.8,29.7,2.1,31.7,3.0,0.63,3,1968,1.8,0
OBS-00182,Pseudomonas aeruginosa,Vancomycin,Eastside Medical Center,West District,2026-01,542,194,35.8,18.6,17.2,23.4,8.2,5.35,5,2862,5.8,1
OBS-00183,Enterococcus faecium,Ampicillin,St. Jude General Hospital,East District,2026-08,106,23,21.8,20.9,1.0,21.0,2.4,0.81,6,967,-8.2,0
OBS-00184,Klebsiella pneumoniae,Gentamicin,Valley Health District,Metro North,2026-03,164,84,51.5,50.1,1.4,52.3,2.8,0.01,4,808,16.5,0
OBS-00185,Staphylococcus aureus,Ciprofloxacin,Eastside Medical Center,East District,2026-05,128,46,35.9,37.0,-1.1,37.7,3.5,0.08,3,467,-4.1,0
OBS-00186,Enterococcus faecium,Ampicillin,Metro West Community Clinic,West District,2026-04,168,52,30.9,28.2,2.7,29.5,3.6,1.24,2,548,0.9,1
OBS-00187,Enterococcus faecium,Ceftriaxone,Eastside Medical Center,Metro North,2026-06,172,66,38.5,36.1,2.5,36.3,2.6,0.89,3,787,8.5,0
OBS-00188,Escherichia coli,Ceftriaxone,University Hospital Center,East District,2025-12,370,105,28.4,26.5,1.9,27.5,2.8,0.79,3,1275,-11.6,0
OBS-00189,Pseudomonas aeruginosa,Vancomycin,St. Jude General Hospital,East District,2026-01,168,45,26.9,26.5,0.4,24.6,2.7,0.43,5,1210,-3.1,0
OBS-00190,Acinetobacter baumannii,Gentamicin,University Hospital Center,Metro North,2025-12,82,54,66.4,53.0,13.5,56.0,7.6,4.72,6,556,41.4,1
OBS-00191,Pseudomonas aeruginosa,Gentamicin,University Hospital Center,West District,2026-07,549,164,29.8,25.4,4.4,24.1,4.9,1.29,1,920,-0.2,0
OBS-00192,Pseudomonas aeruginosa,Ampicillin,University Hospital Center,West District,2026-02,114,49,42.8,26.6,16.2,29.3,8.0,5.47,8,992,12.8,1
OBS-00193,Pseudomonas aeruginosa,Ceftriaxone,University Hospital Center,East District,2026-09,393,185,47.2,34.6,12.6,34.8,7.6,3.98,6,2612,17.2,1
OBS-00194,Pseudomonas aeruginosa,Meropenem,North Suburbs Health Zone,Metro Central,2026-02,293,148,50.6,28.0,22.6,32.3,10.8,6.72,8,2466,20.6,1
OBS-00195,Acinetobacter baumannii,Ampicillin,University Hospital Center,Metro North,2026-03,234,92,39.2,32.4,6.8,31.6,3.6,1.39,6,1535,14.2,1
OBS-00196,Staphylococcus aureus,Colistin,North Suburbs Health Zone,Metro Central,2025-11,557,231,41.4,37.8,3.7,40.2,2.8,1.76,7,4183,1.4,1
OBS-00197,Pseudomonas aeruginosa,Ciprofloxacin,St. Jude General Hospital,East District,2026-05,332,41,12.3,30.2,-17.9,26.5,8.8,-6.58,8,2980,-17.7,0
OBS-00198,Pseudomonas aeruginosa,Gentamicin,Eastside Medical Center,West District,2026-03,450,88,19.5,19.5,0.0,19.8,3.2,-0.28,1,526,-10.5,0
OBS-00199,Acinetobacter baumannii,Colistin,St. Jude General Hospital,West District,2026-06,326,104,31.8,31.3,0.5,31.1,2.0,0.13,8,2977,6.8,0
OBS-00200,Escherichia coli,Ampicillin,Eastside Medical Center,East District,2026-06,187,79,42.3,40.9,1.4,41.9,3.4,0.65,6,1273,2.3,0
OBS-00201,Escherichia coli,Ciprofloxacin,St. Jude General Hospital,Metro North,2026-09,525,177,33.8,36.9,-3.1,36.7,2.0,-0.95,6,3465,-6.2,0
OBS-00202,Acinetobacter baumannii,Meropenem,Eastside Medical Center,East District,2025-12,346,156,45.0,45.1,-0.1,47.2,1.2,0.12,7,2775,20.0,0
OBS-00203,Acinetobacter baumannii,Ampicillin,Valley Health District,East District,2026-05,417,108,25.9,30.4,-4.6,29.0,3.7,-1.48,1,636,0.9,0
OBS-00204,Acinetobacter baumannii,Colistin,Valley Health District,Metro Central,2026-07,311,107,34.3,31.2,3.1,30.8,2.7,0.92,8,2873,9.3,0
OBS-00205,Acinetobacter baumannii,Meropenem,Valley Health District,Metro Central,2026-07,214,80,37.3,37.7,-0.4,36.6,2.2,-0.77,8,2030,12.3,0
OBS-00206,Staphylococcus aureus,Meropenem,Valley Health District,Metro North,2025-10,235,99,42.1,39.1,3.0,40.4,4.0,0.99,2,529,2.1,0
OBS-00207,Staphylococcus aureus,Gentamicin,University Hospital Center,West District,2026-06,103,23,22.4,23.1,-0.7,22.4,3.7,-0.23,8,944,-17.6,0
OBS-00208,Enterococcus faecium,Ampicillin,Metro West Community Clinic,West District,2026-03,510,108,21.2,15.7,5.5,18.1,4.2,1.48,3,1852,-8.8,0
OBS-00209,Enterococcus faecium,Gentamicin,Valley Health District,East District,2026-07,236,58,24.6,25.3,-0.7,25.0,1.3,-0.63,8,2064,-5.4,0
OBS-00210,Pseudomonas aeruginosa,Vancomycin,Eastside Medical Center,Metro North,2026-09,364,106,29.2,22.8,6.5,25.0,5.2,1.97,8,3207,-0.8,0
OBS-00211,Enterococcus faecium,Colistin,Eastside Medical Center,Metro Central,2026-07,444,100,22.6,21.4,1.2,20.5,3.1,0.42,7,3334,-7.4,0
OBS-00212,Pseudomonas aeruginosa,Ciprofloxacin,Eastside Medical Center,Metro Central,2026-03,302,68,22.5,19.8,2.6,20.9,3.6,0.63,8,2711,-7.5,0
OBS-00213,Pseudomonas aeruginosa,Ceftriaxone,Valley Health District,East District,2025-12,285,163,57.1,33.7,23.4,40.4,10.2,7.88,2,744,27.1,1
OBS-00214,Klebsiella pneumoniae,Ciprofloxacin,St. Jude General Hospital,West District,2026-03,142,71,49.9,42.0,7.8,43.0,3.7,2.68,8,1534,14.9,0
OBS-00215,Acinetobacter baumannii,Meropenem,North Suburbs Health Zone,West District,2026-05,334,100,30.0,31.5,-1.5,30.7,4.0,-0.33,4,1550,5.0,0
OBS-00216,Escherichia coli,Gentamicin,Metro West Community Clinic,Metro North,2026-06,219,48,22.1,23.7,-1.7,24.3,2.7,-0.11,1,482,-17.9,0
OBS-00217,Escherichia coli,Vancomycin,North Suburbs Health Zone,West District,2025-12,78,37,47.5,45.8,1.7,46.2,1.9,0.61,5,444,7.5,0
OBS-00218,Pseudomonas aeruginosa,Colistin,North Suburbs Health Zone,West District,2025-12,319,70,21.9,21.0,0.9,22.8,3.1,0.26,8,2700,-8.1,0
OBS-00219,Enterococcus faecium,Ampicillin,Valley Health District,East District,2026-09,54,14,26.8,21.1,5.7,20.4,5.5,1.31,3,384,-3.2,0
OBS-00220,Klebsiella pneumoniae,Meropenem,Metro West Community Clinic,West District,2026-04,128,38,29.6,22.4,7.2,23.7,5.7,3.11,6,1023,-5.4,0
OBS-00221,Klebsiella pneumoniae,Ampicillin,Eastside Medical Center,Metro North,2025-10,432,171,39.6,36.3,3.3,37.9,4.4,0.47,5,2330,4.6,0
OBS-00222,Pseudomonas aeruginosa,Colistin,Metro West Community Clinic,Metro Central,2026-02,281,70,25.1,29.3,-4.2,30.5,2.6,-1.09,6,1767,-4.9,0
OBS-00223,Klebsiella pneumoniae,Ampicillin,Valley Health District,East District,2026-09,342,151,44.1,42.9,1.1,42.3,3.8,0.1,2,922,9.1,0
OBS-00224,Klebsiella pneumoniae,Ampicillin,University Hospital Center,West District,2026-09,465,188,40.4,41.2,-0.8,38.6,3.4,-0.29,6,3121,5.4,0
OBS-00225,Enterococcus faecium,Vancomycin,University Hospital Center,Metro North,2026-08,578,124,21.4,31.2,-9.8,30.9,4.7,-3.96,2,1434,-8.6,0
OBS-00226,Acinetobacter baumannii,Ciprofloxacin,St. Jude General Hospital,Metro North,2026-07,208,87,41.6,41.7,-0.1,42.9,1.7,-0.53,3,841,16.6,0
OBS-00227,Enterococcus faecium,Meropenem,Valley Health District,West District,2025-11,96,45,46.8,21.3,25.6,26.9,11.0,8.56,8,1050,16.8,1
OBS-00228,Acinetobacter baumannii,Ampicillin,Valley Health District,East District,2026-09,445,128,28.9,25.2,3.7,25.2,3.3,1.49,1,625,3.9,1
OBS-00229,Acinetobacter baumannii,Ciprofloxacin,St. Jude General Hospital,West District,2026-03,594,127,21.3,24.1,-2.7,24.3,2.2,-1.03,2,1268,-3.7,0
OBS-00230,Staphylococcus aureus,Ciprofloxacin,Eastside Medical Center,West District,2025-12,470,265,56.5,54.9,1.5,55.9,2.9,0.38,3,1651,16.5,0
OBS-00231,Staphylococcus aureus,Ampicillin,St. Jude General Hospital,Metro North,2026-08,161,54,33.6,34.6,-0.9,33.5,1.3,-0.01,6,1107,-6.4,0
OBS-00232,Klebsiella pneumoniae,Gentamicin,University Hospital Center,Metro Central,2025-10,514,212,41.3,38.5,2.8,39.0,2.6,0.7,5,2964,6.3,0
OBS-00233,Staphylococcus aureus,Vancomycin,University Hospital Center,Metro North,2026-05,198,87,44.2,30.1,14.1,34.3,7.0,4.84,6,1379,4.2,1
OBS-00234,Escherichia coli,Vancomycin,Valley Health District,West District,2026-07,286,104,36.5,15.2,21.3,23.9,8.6,6.72,1,441,-3.5,1
OBS-00235,Enterococcus faecium,Gentamicin,St. Jude General Hospital,Metro North,2026-09,451,141,31.3,30.2,1.2,29.4,2.4,0.32,1,725,1.3,0
OBS-00236,Escherichia coli,Meropenem,Metro West Community Clinic,East District,2026-01,368,136,37.0,33.7,3.2,35.1,4.5,1.05,6,2379,-3.0,0
OBS-00237,Enterococcus faecium,Ceftriaxone,University Hospital Center,West District,2026-02,102,45,44.6,41.0,3.6,42.2,3.6,1.64,5,845,14.6,1
OBS-00238,Klebsiella pneumoniae,Gentamicin,Valley Health District,West District,2026-06,88,46,52.3,49.9,2.4,48.6,2.7,0.49,8,930,17.3,0
OBS-00239,Acinetobacter baumannii,Colistin,Valley Health District,West District,2026-04,347,216,62.2,41.0,21.2,45.1,10.6,7.2,3,1283,37.2,1
OBS-00240,Klebsiella pneumoniae,Colistin,Valley Health District,Metro North,2026-05,462,215,46.6,41.4,5.2,43.3,3.7,1.88,1,725,11.6,1
OBS-00241,Klebsiella pneumoniae,Colistin,University Hospital Center,East District,2026-08,500,366,73.2,49.9,23.3,52.7,11.0,7.65,2,1239,38.2,1
OBS-00242,Pseudomonas aeruginosa,Ampicillin,Valley Health District,Metro Central,2025-11,262,93,35.7,36.0,-0.3,36.1,2.4,-0.61,4,1343,5.7,0
OBS-00243,Pseudomonas aeruginosa,Ciprofloxacin,University Hospital Center,Metro North,2026-09,530,47,9.0,11.9,-2.9,13.6,3.0,-1.22,2,1234,-21.0,0
OBS-00244,Staphylococcus aureus,Meropenem,Metro West Community Clinic,East District,2026-02,517,104,20.1,14.1,5.9,16.8,4.5,1.07,7,3942,-19.9,0
OBS-00245,Pseudomonas aeruginosa,Ceftriaxone,North Suburbs Health Zone,West District,2025-11,367,73,19.9,19.5,0.4,21.3,2.2,-0.42,8,3090,-10.1,0
OBS-00246,Acinetobacter baumannii,Vancomycin,University Hospital Center,Metro North,2025-10,467,195,41.7,21.5,20.1,29.1,9.9,6.99,5,2536,16.7,1
OBS-00247,Klebsiella pneumoniae,Ampicillin,Metro West Community Clinic,East District,2026-02,542,376,69.3,43.9,25.4,50.3,9.7,8.77,8,4621,34.3,1
OBS-00248,Enterococcus faecium,Ceftriaxone,North Suburbs Health Zone,Metro North,2026-06,576,160,27.8,27.2,0.6,27.3,1.2,0.12,1,643,-2.2,0
OBS-00249,Enterococcus faecium,Ciprofloxacin,St. Jude General Hospital,West District,2025-12,109,47,42.8,29.4,13.4,29.6,6.3,4.43,4,563,12.8,1
OBS-00250,Acinetobacter baumannii,Gentamicin,Valley Health District,West District,2026-08,56,26,45.7,47.7,-2.0,44.4,3.1,-0.51,8,501,20.7,0
OBS-00251,Escherichia coli,Ceftriaxone,Valley Health District,East District,2026-06,57,16,27.6,24.1,3.5,23.3,2.5,1.08,5,592,-12.4,0
OBS-00252,Klebsiella pneumoniae,Ciprofloxacin,St. Jude General Hospital,Metro North,2026-01,579,176,30.4,28.3,2.1,31.5,1.8,0.79,4,2495,-4.6,0
OBS-00253,Staphylococcus aureus,Ciprofloxacin,Eastside Medical Center,West District,2026-05,271,34,12.6,10.9,1.7,11.2,3.6,0.79,4,1287,-27.4,0
OBS-00254,Enterococcus faecium,Vancomycin,Valley Health District,Metro Central,2025-11,428,89,20.8,20.4,0.4,21.2,2.6,0.19,7,3239,-9.2,0
OBS-00255,Escherichia coli,Gentamicin,University Hospital Center,Metro Central,2026-05,379,124,32.7,32.4,0.3,31.4,2.6,-0.17,7,2992,-7.3,0
OBS-00256,Acinetobacter baumannii,Ciprofloxacin,University Hospital Center,Metro North,2026-09,317,154,48.6,49.5,-0.9,48.9,1.8,0.0,8,2609,23.6,0
OBS-00257,Pseudomonas aeruginosa,Ceftriaxone,Metro West Community Clinic,Metro Central,2025-12,56,13,22.6,19.3,3.3,19.5,3.8,1.6,6,492,-7.4,0
OBS-00258,Enterococcus faecium,Vancomycin,North Suburbs Health Zone,Metro Central,2026-02,286,70,24.4,26.9,-2.5,29.7,2.1,-1.33,3,1198,-5.6,0
OBS-00259,Acinetobacter baumannii,Colistin,North Suburbs Health Zone,Metro North,2026-09,552,328,59.4,44.3,15.0,48.0,6.3,5.02,2,1331,34.4,1
OBS-00260,Pseudomonas aeruginosa,Ceftriaxone,Metro West Community Clinic,West District,2026-03,319,87,27.4,23.8,3.6,27.9,2.7,1.78,1,599,-2.6,0
OBS-00261,Staphylococcus aureus,Ampicillin,University Hospital Center,West District,2025-11,292,84,28.7,9.8,19.0,12.4,8.6,6.99,5,1547,-11.3,1
OBS-00262,Enterococcus faecium,Meropenem,Valley Health District,West District,2026-03,149,87,58.7,32.8,25.9,39.6,10.2,8.75,6,990,28.7,1
OBS-00263,Pseudomonas aeruginosa,Ciprofloxacin,University Hospital Center,Metro Central,2025-12,499,76,15.2,20.7,-5.5,20.5,2.9,-2.07,7,3828,-14.8,0
OBS-00264,Escherichia coli,Ciprofloxacin,Eastside Medical Center,Metro Central,2026-07,434,95,21.8,23.9,-2.1,21.6,1.7,-1.0,6,2660,-18.2,0
OBS-00265,Escherichia coli,Gentamicin,Metro West Community Clinic,Metro North,2026-07,429,238,55.5,32.3,23.2,37.3,11.3,7.11,3,1423,15.5,1
OBS-00266,Escherichia coli,Meropenem,North Suburbs Health Zone,East District,2026-04,535,232,43.3,35.7,7.6,35.5,5.3,2.04,5,2764,3.3,1
OBS-00267,Enterococcus faecium,Gentamicin,North Suburbs Health Zone,Metro North,2026-05,178,101,56.9,38.4,18.5,42.7,7.4,6.39,2,561,26.9,1
OBS-00268,Staphylococcus aureus,Vancomycin,Eastside Medical Center,West District,2026-03,179,59,33.0,30.9,2.1,29.9,2.1,0.33,7,1456,-7.0,0
OBS-00269,Klebsiella pneumoniae,Ampicillin,Eastside Medical Center,Metro North,2026-04,338,151,44.6,38.8,5.7,39.5,3.7,2.34,6,2402,9.6,1
OBS-00270,Klebsiella pneumoniae,Colistin,North Suburbs Health Zone,East District,2026-04,156,108,69.1,44.1,25.0,48.3,10.0,7.77,6,1274,34.1,1
OBS-00271,Acinetobacter baumannii,Ciprofloxacin,Valley Health District,West District,2026-09,488,248,50.8,50.1,0.7,53.7,1.3,0.39,4,2151,25.8,0
OBS-00272,Staphylococcus aureus,Gentamicin,North Suburbs Health Zone,Metro North,2026-08,287,72,25.1,23.7,1.5,24.7,3.2,0.73,5,1614,-14.9,0
OBS-00273,Staphylococcus aureus,Ciprofloxacin,North Suburbs Health Zone,West District,2026-07,587,95,16.1,20.6,-4.5,16.9,3.4,-1.3,7,4418,-23.9,0
OBS-00274,Staphylococcus aureus,Ceftriaxone,St. Jude General Hospital,East District,2026-09,151,79,52.1,55.9,-3.8,56.4,3.5,-1.25,2,479,12.1,0
OBS-00275,Enterococcus faecium,Ceftriaxone,St. Jude General Hospital,West District,2026-03,148,64,43.0,25.7,17.3,29.0,9.2,5.87,7,1091,13.0,1
OBS-00276,Acinetobacter baumannii,Ceftriaxone,Valley Health District,Metro North,2026-05,440,172,39.1,41.2,-2.1,42.3,1.8,-1.18,6,2927,14.1,0
OBS-00277,Acinetobacter baumannii,Meropenem,Eastside Medical Center,Metro Central,2026-05,342,106,31.0,34.5,-3.4,35.8,4.6,-0.7,2,946,6.0,0
OBS-00278,Enterococcus faecium,Meropenem,Eastside Medical Center,East District,2026-03,251,73,28.9,28.8,0.1,30.0,2.5,-0.23,8,2324,-1.1,0
OBS-00279,Staphylococcus aureus,Gentamicin,Valley Health District,West District,2026-03,347,96,27.7,36.4,-8.6,34.7,4.2,-3.11,2,766,-12.3,0
OBS-00280,Pseudomonas aeruginosa,Gentamicin,St. Jude General Hospital,Metro North,2026-09,568,136,23.9,23.5,0.4,24.4,3.5,-0.59,4,2411,-6.1,0
OBS-00281,Staphylococcus aureus,Ampicillin,University Hospital Center,West District,2026-08,230,28,12.3,22.2,-9.9,20.7,4.6,-3.78,3,1067,-27.7,0
OBS-00282,Enterococcus faecium,Ceftriaxone,University Hospital Center,West District,2026-07,438,155,35.4,29.8,5.6,32.7,3.2,1.59,7,3118,5.4,1
OBS-00283,Enterococcus faecium,Vancomycin,St. Jude General Hospital,Metro Central,2026-06,414,4,1.0,24.5,-23.5,20.0,11.7,-7.97,3,1458,-29.0,0
OBS-00284,Staphylococcus aureus,Ceftriaxone,Valley Health District,East District,2026-07,441,163,36.9,23.2,13.7,25.4,6.4,4.69,7,3437,-3.1,0
OBS-00285,Klebsiella pneumoniae,Vancomycin,Valley Health District,East District,2026-07,177,79,44.6,31.7,12.9,34.5,7.5,4.3,2,564,9.6,1
OBS-00286,Enterococcus faecium,Meropenem,Metro West Community Clinic,West District,2026-04,432,145,33.5,12.7,20.7,18.2,9.5,6.48,3,1562,3.5,1
OBS-00287,Enterococcus faecium,Meropenem,Metro West Community Clinic,Metro North,2026-05,183,42,23.1,23.3,-0.2,24.8,1.4,-0.53,5,1060,-6.9,0
OBS-00288,Escherichia coli,Vancomycin,Eastside Medical Center,Metro Central,2026-05,239,47,19.7,17.6,2.1,19.1,3.6,0.69,3,963,-20.3,0
OBS-00289,Staphylococcus aureus,Ampicillin,Valley Health District,West District,2026-04,540,50,9.2,27.9,-18.7,23.3,8.8,-6.08,8,4455,-30.8,0
OBS-00290,Pseudomonas aeruginosa,Ciprofloxacin,Eastside Medical Center,Metro North,2026-06,212,36,17.1,17.0,0.1,14.1,3.1,0.86,5,1344,-12.9,0
OBS-00291,Staphylococcus aureus,Ceftriaxone,Metro West Community Clinic,Metro Central,2026-07,314,84,26.6,29.7,-3.1,28.4,3.9,-1.39,2,956,-13.4,0
OBS-00292,Escherichia coli,Vancomycin,Valley Health District,West District,2026-06,475,58,12.2,13.6,-1.4,12.0,3.4,-1.38,4,2002,-27.8,0
OBS-00293,Klebsiella pneumoniae,Colistin,St. Jude General Hospital,West District,2026-02,129,45,35.1,31.3,3.8,31.2,2.8,2.0,6,1048,0.1,1
OBS-00294,Klebsiella pneumoniae,Meropenem,Valley Health District,East District,2026-09,209,121,58.0,37.1,20.9,42.7,9.9,7.08,7,1828,23.0,1
OBS-00295,Escherichia coli,Ceftriaxone,Eastside Medical Center,East District,2026-07,371,135,36.4,38.4,-2.0,38.2,2.9,-0.48,3,1312,-3.6,0
OBS-00296,Acinetobacter baumannii,Gentamicin,St. Jude General Hospital,Metro North,2026-04,323,163,50.4,31.2,19.2,34.7,7.7,6.44,1,708,25.4,1
OBS-00297,Enterococcus faecium,Colistin,University Hospital Center,West District,2026-05,315,72,22.9,22.1,0.8,20.2,2.0,-0.12,3,1316,-7.1,0
OBS-00298,Enterococcus faecium,Vancomycin,St. Jude General Hospital,West District,2026-06,417,145,34.7,30.4,4.3,30.6,2.6,1.26,5,2367,4.7,1
OBS-00299,Escherichia coli,Vancomycin,Valley Health District,Metro Central,2026-09,406,179,44.2,41.5,2.7,43.5,3.4,0.6,8,3330,4.2,0
OBS-00300,Staphylococcus aureus,Vancomycin,University Hospital Center,West District,2026-02,330,44,13.4,15.0,-1.6,15.1,3.5,-0.9,6,2202,-26.6,0
OBS-00301,Staphylococcus aureus,Vancomycin,Eastside Medical Center,Metro Central,2025-10,510,245,48.1,35.5,12.6,41.2,7.8,3.94,2,1078,8.1,1
OBS-00302,Escherichia coli,Ampicillin,University Hospital Center,Metro North,2026-08,202,132,65.1,39.4,25.7,46.8,11.8,9.29,5,1200,25.1,1
OBS-00303,Enterococcus faecium,Gentamicin,University Hospital Center,Metro Central,2026-04,279,93,33.3,29.3,4.0,29.5,4.7,1.0,5,1664,3.3,0
OBS-00304,Escherichia coli,Meropenem,North Suburbs Health Zone,Metro Central,2025-12,571,131,23.0,27.2,-4.3,23.8,4.0,-2.21,4,2682,-17.0,1
OBS-00305,Pseudomonas aeruginosa,Vancomycin,St. Jude General Hospital,West District,2026-09,529,119,22.5,23.2,-0.8,23.5,1.9,0.06,3,1673,-7.5,0
OBS-00306,Escherichia coli,Ciprofloxacin,Eastside Medical Center,East District,2026-02,431,153,35.6,34.4,1.1,35.9,2.4,0.04,3,1411,-4.4,0
OBS-00307,Escherichia coli,Ceftriaxone,Metro West Community Clinic,Metro Central,2026-07,490,190,38.7,35.9,2.8,37.5,2.3,1.4,3,1699,-1.3,0
OBS-00308,Klebsiella pneumoniae,Ampicillin,Metro West Community Clinic,West District,2026-01,142,59,41.6,41.3,0.3,41.2,2.9,0.07,2,405,6.6,0
OBS-00309,Staphylococcus aureus,Colistin,North Suburbs Health Zone,East District,2025-12,323,138,42.7,23.7,19.1,28.4,9.8,6.49,4,1672,2.7,1
OBS-00310,Acinetobacter baumannii,Colistin,Valley Health District,Metro Central,2026-08,250,140,56.1,55.0,1.0,59.1,2.0,1.06,5,1565,31.1,0
OBS-00311,Staphylococcus aureus,Colistin,Valley Health District,Metro Central,2026-01,435,169,38.8,37.5,1.4,39.1,3.3,0.41,8,3587,-1.2,0
OBS-00312,Escherichia coli,Ceftriaxone,St. Jude General Hospital,East District,2026-03,436,94,21.7,22.2,-0.5,20.8,3.1,-0.06,3,1649,-18.3,0
OBS-00313,Klebsiella pneumoniae,Vancomycin,North Suburbs Health Zone,Metro Central,2025-10,54,14,26.7,24.0,2.7,26.7,2.3,1.38,2,292,-8.3,0
OBS-00314,Staphylococcus aureus,Ceftriaxone,Eastside Medical Center,West District,2026-04,124,28,22.4,22.7,-0.3,22.7,3.0,-0.68,7,1245,-17.6,0
OBS-00315,Pseudomonas aeruginosa,Ciprofloxacin,Eastside Medical Center,Metro Central,2026-06,199,29,14.8,16.1,-1.4,14.6,3.7,0.22,4,1120,-15.2,0
OBS-00316,Enterococcus faecium,Gentamicin,Valley Health District,Metro Central,2026-02,284,65,22.8,21.8,1.0,23.4,2.2,1.01,7,2067,-7.2,0
OBS-00317,Escherichia coli,Ampicillin,Metro West Community Clinic,Metro Central,2026-02,162,49,30.3,26.0,4.3,26.0,2.6,1.21,3,542,-9.7,0
OBS-00318,Klebsiella pneumoniae,Ampicillin,Eastside Medical Center,East District,2025-12,169,104,61.8,63.6,-1.8,63.5,3.0,0.14,6,1201,26.8,0
OBS-00319,Escherichia coli,Colistin,North Suburbs Health Zone,East District,2026-06,309,164,53.0,47.1,5.9,49.7,5.0,2.28,2,963,13.0,1
OBS-00320,Acinetobacter baumannii,Colistin,St. Jude General Hospital,West District,2026-07,416,124,29.8,32.5,-2.7,32.0,1.9,-0.45,3,1378,4.8,0
OBS-00321,Acinetobacter baumannii,Gentamicin,Valley Health District,Metro Central,2026-01,85,30,35.0,31.5,3.5,33.2,3.4,0.71,1,141,10.0,0
OBS-00322,Staphylococcus aureus,Meropenem,University Hospital Center,Metro Central,2026-06,269,68,25.4,27.7,-2.3,24.4,1.8,-0.57,7,2097,-14.6,0
OBS-00323,Pseudomonas aeruginosa,Colistin,St. Jude General Hospital,East District,2025-11,223,33,14.9,14.1,0.9,15.1,2.3,0.79,1,387,-15.1,0
OBS-00324,Staphylococcus aureus,Ciprofloxacin,North Suburbs Health Zone,East District,2026-02,128,47,36.4,37.0,-0.6,35.4,3.3,0.28,6,1101,-3.6,0
OBS-00325,Pseudomonas aeruginosa,Ceftriaxone,Eastside Medical Center,Metro North,2026-05,545,29,5.3,9.5,-4.2,9.2,3.2,-1.34,6,3420,-24.7,0
OBS-00326,Klebsiella pneumoniae,Meropenem,St. Jude General Hospital,West District,2025-10,594,129,21.6,20.3,1.3,20.4,2.0,0.85,4,2603,-13.4,0
OBS-00327,Escherichia coli,Colistin,St. Jude General Hospital,West District,2026-09,146,43,29.3,30.4,-1.1,30.8,3.4,-0.83,5,885,-10.7,0
OBS-00328,Staphylococcus aureus,Ciprofloxacin,University Hospital Center,East District,2025-11,277,6,2.1,2.0,0.1,4.7,2.0,0.39,1,593,-37.9,0
OBS-00329,Staphylococcus aureus,Gentamicin,St. Jude General Hospital,Metro Central,2026-06,443,181,40.8,39.3,1.4,38.0,1.7,0.77,3,1417,0.8,0
OBS-00330,Enterococcus faecium,Meropenem,University Hospital Center,East District,2026-02,442,153,34.7,34.8,-0.2,34.5,1.6,0.08,6,2869,4.7,0
OBS-00331,Escherichia coli,Meropenem,University Hospital Center,Metro Central,2025-12,208,57,27.5,30.2,-2.7,28.3,3.8,-0.3,2,696,-12.5,0
OBS-00332,Acinetobacter baumannii,Colistin,University Hospital Center,West District,2026-02,311,150,48.2,35.3,12.9,37.1,5.5,4.29,8,2599,23.2,1
OBS-00333,Enterococcus faecium,Gentamicin,Metro West Community Clinic,Metro Central,2026-01,191,17,8.9,5.6,3.3,7.4,2.0,0.99,6,1242,-21.1,0
OBS-00334,Staphylococcus aureus,Ceftriaxone,St. Jude General Hospital,East District,2026-02,71,24,33.5,33.0,0.5,34.1,1.1,0.21,3,470,-6.5,0
OBS-00335,Acinetobacter baumannii,Meropenem,St. Jude General Hospital,West District,2025-11,164,73,44.6,22.4,22.2,26.0,11.2,7.72,3,548,19.6,1
OBS-00336,Klebsiella pneumoniae,Vancomycin,North Suburbs Health Zone,East District,2026-08,305,33,10.7,25.5,-14.8,20.5,8.6,-3.97,2,698,-24.3,0
OBS-00337,Staphylococcus aureus,Vancomycin,University Hospital Center,Metro Central,2026-03,83,20,24.2,10.6,13.6,15.1,6.0,4.24,2,452,-15.8,0
OBS-00338,Enterococcus faecium,Ampicillin,North Suburbs Health Zone,Metro Central,2026-04,216,42,19.4,18.5,0.9,20.4,2.5,0.18,7,1743,-10.6,0
OBS-00339,Pseudomonas aeruginosa,Ampicillin,University Hospital Center,Metro Central,2026-07,342,95,27.7,26.2,1.5,29.2,1.5,0.07,4,1673,-2.3,0
OBS-00340,Escherichia coli,Ciprofloxacin,Eastside Medical Center,West District,2025-12,244,25,10.4,8.6,1.7,10.3,2.6,1.27,7,2087,-29.6,0
OBS-00341,Enterococcus faecium,Vancomycin,Metro West Community Clinic,Metro Central,2026-04,531,77,14.4,16.7,-2.3,16.4,3.0,-0.84,6,3514,-15.6,0
OBS-00342,Acinetobacter baumannii,Ceftriaxone,Eastside Medical Center,West District,2026-02,66,33,49.7,51.7,-2.1,50.1,2.0,-0.24,3,411,24.7,1
OBS-00343,Pseudomonas aeruginosa,Ciprofloxacin,North Suburbs Health Zone,East District,2026-07,203,28,14.0,18.9,-4.9,18.0,4.9,-1.75,4,913,-16.0,0
OBS-00344,Acinetobacter baumannii,Vancomycin,Valley Health District,Metro Central,2026-01,403,194,48.2,22.4,25.8,27.4,12.3,8.31,7,2959,23.2,1
OBS-00345,Enterococcus faecium,Colistin,Metro West Community Clinic,Metro Central,2026-09,185,65,34.9,23.6,11.4,26.3,7.0,3.5,6,1448,4.9,1
OBS-00346,Staphylococcus aureus,Ceftriaxone,Eastside Medical Center,Metro North,2026-05,132,58,43.9,45.7,-1.8,42.6,3.6,-0.52,1,210,3.9,0
OBS-00347,Acinetobacter baumannii,Ampicillin,St. Jude General Hospital,East District,2026-07,173,105,60.7,56.7,4.0,56.9,4.7,1.85,4,916,35.7,1
OBS-00348,Pseudomonas aeruginosa,Ciprofloxacin,St. Jude General Hospital,Metro North,2026-07,153,24,15.9,15.2,0.6,16.8,1.9,0.46,3,778,-14.1,0
OBS-00349,Pseudomonas aeruginosa,Gentamicin,Valley Health District,West District,2026-07,384,81,21.1,22.3,-1.2,20.6,2.4,-0.23,2,972,-8.9,0
OBS-00350,Enterococcus faecium,Ampicillin,Valley Health District,West District,2026-08,218,44,20.0,19.1,0.9,19.6,2.5,0.4,6,1645,-10.0,0
OBS-00351,Pseudomonas aeruginosa,Meropenem,Valley Health District,Metro North,2026-04,341,3,1.0,24.4,-23.4,20.4,10.8,-8.22,5,1820,-29.0,0
OBS-00352,Acinetobacter baumannii,Ampicillin,Metro West Community Clinic,Metro Central,2025-12,266,111,41.8,42.3,-0.5,43.7,1.4,-0.15,6,1973,16.8,0
OBS-00353,Klebsiella pneumoniae,Colistin,Valley Health District,Metro Central,2026-01,367,153,41.8,35.3,6.5,37.0,5.5,2.24,6,2337,6.8,1
OBS-00354,Enterococcus faecium,Gentamicin,Valley Health District,East District,2026-05,311,73,23.6,22.2,1.4,22.0,3.5,1.19,1,468,-6.4,0
OBS-00355,Pseudomonas aeruginosa,Vancomycin,St. Jude General Hospital,Metro Central,2025-10,488,131,26.9,27.8,-0.9,24.7,3.3,-1.15,7,3680,-3.1,0
OBS-00356,Staphylococcus aureus,Ampicillin,Eastside Medical Center,West District,2025-11,270,74,27.4,22.7,4.7,23.6,3.4,1.78,8,2293,-12.6,0
OBS-00357,Escherichia coli,Colistin,St. Jude General Hospital,East District,2026-02,115,56,48.8,25.3,23.6,29.6,9.4,7.72,2,455,8.8,1
OBS-00358,Acinetobacter baumannii,Ciprofloxacin,Eastside Medical Center,West District,2026-09,481,259,53.9,31.4,22.5,32.8,10.4,6.89,1,865,28.9,1
OBS-00359,Escherichia coli,Colistin,University Hospital Center,Metro North,2026-04,328,137,41.8,42.0,-0.2,43.8,3.5,-0.43,5,1842,1.8,0
OBS-00360,Acinetobacter baumannii,Ceftriaxone,North Suburbs Health Zone,Metro North,2025-10,43,27,62.7,41.2,21.5,47.3,8.5,6.72,6,526,37.7,1
OBS-00361,Staphylococcus aureus,Meropenem,St. Jude General Hospital,Metro Central,2026-01,338,111,32.7,33.4,-0.7,34.1,1.8,-0.42,3,1105,-7.3,0
OBS-00362,Staphylococcus aureus,Ampicillin,North Suburbs Health Zone,East District,2025-11,229,115,50.3,46.5,3.7,44.4,2.7,1.28,7,1842,10.3,1
OBS-00363,Staphylococcus aureus,Ciprofloxacin,Eastside Medical Center,West District,2026-05,271,100,37.0,36.2,0.8,36.9,3.2,0.46,5,1542,-3.0,0
OBS-00364,Enterococcus faecium,Gentamicin,St. Jude General Hospital,Metro Central,2026-08,594,109,18.4,15.3,3.1,16.3,3.4,1.29,6,3825,-11.6,0
OBS-00365,Acinetobacter baumannii,Ciprofloxacin,North Suburbs Health Zone,West District,2026-06,281,94,33.5,36.7,-3.2,37.7,3.4,-1.11,8,2541,8.5,0
OBS-00366,Enterococcus faecium,Ciprofloxacin,Metro West Community Clinic,Metro North,2025-11,217,59,27.0,27.0,-0.0,26.7,0.9,-0.38,8,1871,-3.0,0
OBS-00367,Klebsiella pneumoniae,Ciprofloxacin,North Suburbs Health Zone,Metro Central,2026-08,246,141,57.2,41.3,15.9,44.8,8.7,5.51,7,2093,22.2,1
OBS-00368,Enterococcus faecium,Vancomycin,St. Jude General Hospital,Metro Central,2026-04,373,96,25.7,22.9,2.8,24.4,1.8,1.29,7,2802,-4.3,0
OBS-00369,Escherichia coli,Vancomycin,Valley Health District,West District,2025-11,193,58,30.3,27.8,2.5,27.7,2.0,0.98,7,1476,-9.7,0
OBS-00370,Escherichia coli,Ciprofloxacin,Metro West Community Clinic,Metro Central,2026-02,460,212,46.1,46.7,-0.6,46.1,1.0,-0.95,6,2945,6.1,0
OBS-00371,Acinetobacter baumannii,Ampicillin,St. Jude General Hospital,Metro North,2026-02,187,55,29.6,35.0,-5.4,35.1,3.5,-1.42,7,1675,4.6,0
OBS-00372,Escherichia coli,Ampicillin,Eastside Medical Center,Metro North,2025-10,315,221,70.2,45.7,24.5,51.7,9.5,7.91,8,2760,30.2,1
OBS-00373,Pseudomonas aeruginosa,Vancomycin,North Suburbs Health Zone,Metro Central,2026-01,347,103,29.8,25.6,4.3,25.0,2.6,1.53,3,1317,-0.2,0
OBS-00374,Enterococcus faecium,Ampicillin,Metro West Community Clinic,Metro Central,2026-01,256,76,29.6,27.1,2.4,28.6,2.8,1.88,8,2306,-0.4,0
OBS-00375,Pseudomonas aeruginosa,Vancomycin,St. Jude General Hospital,Metro North,2025-11,558,238,42.6,19.8,22.8,21.6,10.4,7.55,5,3046,12.6,1
OBS-00376,Escherichia coli,Meropenem,University Hospital Center,Metro North,2025-10,73,44,60.1,39.6,20.5,45.6,9.9,7.53,4,575,20.1,1
OBS-00377,Pseudomonas aeruginosa,Vancomycin,North Suburbs Health Zone,West District,2026-08,71,14,20.2,25.6,-5.4,24.2,4.0,-2.14,2,315,-9.8,0
OBS-00378,Klebsiella pneumoniae,Vancomycin,North Suburbs Health Zone,East District,2026-03,304,131,42.9,42.2,0.7,44.6,2.4,0.48,3,1008,7.9,0
OBS-00379,Klebsiella pneumoniae,Vancomycin,Metro West Community Clinic,Metro North,2026-01,251,82,32.7,31.8,0.9,30.8,2.4,-0.23,4,1191,-2.3,0
OBS-00380,Enterococcus faecium,Ciprofloxacin,North Suburbs Health Zone,Metro North,2026-08,48,8,16.2,23.2,-7.0,22.5,4.0,-2.83,3,308,-13.8,0
OBS-00381,Pseudomonas aeruginosa,Gentamicin,Valley Health District,East District,2026-04,397,82,20.8,25.7,-4.9,24.2,4.7,-1.93,7,3064,-9.2,0
OBS-00382,Enterococcus faecium,Ceftriaxone,Metro West Community Clinic,West District,2026-07,47,18,38.6,28.8,9.8,31.4,5.3,3.19,2,405,8.6,1
OBS-00383,Pseudomonas aeruginosa,Ceftriaxone,Valley Health District,East District,2026-02,533,129,24.3,26.7,-2.4,25.7,3.0,-1.12,2,1148,-5.7,0
OBS-00384,Pseudomonas aeruginosa,Vancomycin,Eastside Medical Center,East District,2026-08,232,67,28.8,24.9,4.0,25.0,3.3,1.07,5,1286,-1.2,0
OBS-00385,Escherichia coli,Vancomycin,Metro West Community Clinic,West District,2026-08,183,22,12.2,17.6,-5.3,16.9,4.3,-1.56,6,1161,-27.8,0
OBS-00386,Pseudomonas aeruginosa,Ampicillin,North Suburbs Health Zone,West District,2026-09,234,72,30.7,32.4,-1.7,32.2,3.2,-0.81,1,459,0.7,0
OBS-00387,Acinetobacter baumannii,Gentamicin,North Suburbs Health Zone,East District,2026-06,214,69,32.4,35.3,-2.9,31.5,2.1,-1.25,5,1456,7.4,0
OBS-00388,Escherichia coli,Ampicillin,University Hospital Center,East District,2026-09,383,219,57.2,44.2,13.0,46.0,5.6,4.54,3,1534,17.2,1
OBS-00389,Pseudomonas aeruginosa,Ampicillin,Eastside Medical Center,East District,2026-02,514,145,28.1,23.7,4.5,26.3,3.4,1.46,5,2680,-1.9,0
OBS-00390,Acinetobacter baumannii,Ceftriaxone,Metro West Community Clinic,Metro Central,2026-05,552,226,40.9,38.2,2.7,39.1,3.4,1.05,4,2319,15.9,0
OBS-00391,Pseudomonas aeruginosa,Ampicillin,St. Jude General Hospital,Metro North,2025-12,390,119,30.5,30.1,0.4,29.1,1.3,0.12,4,1819,0.5,0
OBS-00392,Staphylococcus aureus,Meropenem,Eastside Medical Center,Metro North,2025-11,380,104,27.3,27.5,-0.2,24.6,2.4,-0.85,8,3413,-12.7,0
OBS-00393,Escherichia coli,Ciprofloxacin,North Suburbs Health Zone,East District,2026-01,202,83,41.1,37.9,3.2,40.4,4.2,0.81,3,906,1.1,0
OBS-00394,Klebsiella pneumoniae,Ceftriaxone,North Suburbs Health Zone,West District,2026-04,528,407,77.2,55.8,21.4,58.6,10.4,6.7,7,3942,42.2,1
OBS-00395,Escherichia coli,Colistin,Metro West Community Clinic,Metro North,2025-10,294,125,42.5,43.1,-0.7,43.4,3.5,-0.13,1,459,2.5,0
OBS-00396,Klebsiella pneumoniae,Ciprofloxacin,North Suburbs Health Zone,East District,2025-12,86,15,17.6,19.8,-2.2,16.6,3.2,-0.26,2,374,-17.4,0
OBS-00397,Acinetobacter baumannii,Ceftriaxone,Metro West Community Clinic,East District,2026-04,390,205,52.5,48.3,4.1,47.5,3.4,1.2,3,1470,27.5,0
OBS-00398,Staphylococcus aureus,Ciprofloxacin,University Hospital Center,Metro North,2026-09,256,44,17.1,18.4,-1.3,18.2,3.0,-0.5,3,829,-22.9,0
OBS-00399,Pseudomonas aeruginosa,Gentamicin,Valley Health District,Metro Central,2026-04,587,224,38.2,20.5,17.7,23.7,7.8,6.29,5,3304,8.2,1
OBS-00400,Enterococcus faecium,Vancomycin,St. Jude General Hospital,Metro Central,2026-09,466,158,33.8,37.9,-4.1,36.2,4.9,-0.61,2,1209,3.8,0
OBS-00401,Staphylococcus aureus,Gentamicin,University Hospital Center,Metro North,2026-09,348,85,24.5,24.5,0.0,22.7,0.9,0.22,1,613,-15.5,0
OBS-00402,Pseudomonas aeruginosa,Ceftriaxone,Metro West Community Clinic,Metro North,2026-04,563,43,7.7,25.1,-17.4,19.9,7.0,-5.94,2,1492,-22.3,0
OBS-00403,Klebsiella pneumoniae,Ceftriaxone,University Hospital Center,East District,2026-06,406,167,41.2,35.4,5.8,37.4,3.1,1.82,4,1883,6.2,0
OBS-00404,Staphylococcus aureus,Meropenem,Valley Health District,West District,2026-03,42,13,29.9,28.9,1.0,29.4,3.4,0.69,4,224,-10.1,0
OBS-00405,Acinetobacter baumannii,Gentamicin,North Suburbs Health Zone,Metro North,2025-11,143,55,38.7,36.9,1.8,34.9,2.9,0.15,2,467,13.7,0
OBS-00406,Pseudomonas aeruginosa,Colistin,North Suburbs Health Zone,Metro Central,2025-11,80,18,22.5,26.5,-3.9,28.0,4.4,-1.2,3,438,-7.5,0
OBS-00407,Staphylococcus aureus,Gentamicin,St. Jude General Hospital,Metro Central,2025-10,181,12,6.7,8.4,-1.7,6.9,1.6,-0.82,1,570,-33.3,0
OBS-00408,Staphylococcus aureus,Ceftriaxone,Eastside Medical Center,Metro Central,2026-03,227,27,12.0,14.9,-2.8,14.4,2.7,-0.74,6,1470,-28.0,0
OBS-00409,Pseudomonas aeruginosa,Vancomycin,North Suburbs Health Zone,West District,2026-04,155,27,17.5,16.4,1.0,19.7,2.5,-0.03,3,582,-12.5,0
OBS-00410,Klebsiella pneumoniae,Ciprofloxacin,North Suburbs Health Zone,West District,2026-07,225,100,44.3,40.9,3.3,44.5,2.5,1.55,8,2162,9.3,1
OBS-00411,Escherichia coli,Vancomycin,Valley Health District,Metro North,2026-05,155,44,28.1,28.3,-0.2,32.2,1.5,-0.67,8,1500,-11.9,0
OBS-00412,Enterococcus faecium,Colistin,St. Jude General Hospital,Metro North,2026-08,571,191,33.5,27.1,6.4,27.9,5.2,2.25,6,3743,3.5,1
OBS-00413,Staphylococcus aureus,Gentamicin,Valley Health District,Metro North,2026-05,434,158,36.4,37.5,-1.1,37.8,2.5,-0.38,6,2730,-3.6,0
OBS-00414,Acinetobacter baumannii,Ciprofloxacin,St. Jude General Hospital,Metro North,2026-06,547,316,57.8,40.6,17.3,45.6,7.6,6.02,8,4510,32.8,1
OBS-00415,Pseudomonas aeruginosa,Ciprofloxacin,Metro West Community Clinic,Metro North,2026-06,452,165,36.6,19.2,17.4,19.5,8.4,7.06,7,3334,6.6,1
OBS-00416,Escherichia coli,Vancomycin,North Suburbs Health Zone,West District,2026-03,549,353,64.3,41.6,22.7,45.6,10.3,8.03,2,1482,24.3,0
OBS-00417,Acinetobacter baumannii,Ciprofloxacin,St. Jude General Hospital,East District,2026-06,507,181,35.7,36.0,-0.3,37.4,2.3,0.16,4,2252,10.7,0
OBS-00418,Klebsiella pneumoniae,Vancomycin,North Suburbs Health Zone,East District,2026-06,412,215,52.2,39.9,12.3,45.3,7.1,4.0,8,3577,17.2,1
OBS-00419,Pseudomonas aeruginosa,Colistin,Valley Health District,East District,2026-06,148,30,20.4,18.8,1.6,17.7,3.5,-0.02,6,961,-9.6,0
OBS-00420,Enterococcus faecium,Gentamicin,Valley Health District,West District,2025-11,240,104,43.2,17.8,25.4,21.9,9.7,8.25,5,1346,13.2,1
OBS-00421,Klebsiella pneumoniae,Gentamicin,Eastside Medical Center,Metro Central,2026-04,166,81,48.6,46.6,2.0,48.0,1.9,0.99,1,446,13.6,0
OBS-00422,Acinetobacter baumannii,Meropenem,North Suburbs Health Zone,Metro Central,2026-06,483,241,49.9,45.5,4.4,47.5,4.6,1.16,1,832,24.9,0
OBS-00423,Klebsiella pneumoniae,Gentamicin,Metro West Community Clinic,Metro North,2026-09,146,55,37.4,40.1,-2.7,39.5,2.8,-1.17,3,686,2.4,0
OBS-00424,Pseudomonas aeruginosa,Ceftriaxone,North Suburbs Health Zone,West District,2026-07,320,68,21.3,23.8,-2.6,22.9,3.9,-0.85,4,1533,-8.7,0
OBS-00425,Staphylococcus aureus,Vancomycin,University Hospital Center,Metro North,2026-04,600,215,35.9,37.3,-1.4,36.7,2.6,-0.2,5,3210,-4.1,0
OBS-00426,Enterococcus faecium,Meropenem,University Hospital Center,Metro North,2026-07,393,178,45.2,32.5,12.7,34.8,6.0,3.95,5,2359,15.2,1
OBS-00427,Klebsiella pneumoniae,Ceftriaxone,Metro West Community Clinic,East District,2026-09,400,109,27.2,30.3,-3.1,30.9,2.8,-1.11,2,1137,-7.8,0
OBS-00428,Enterococcus faecium,Gentamicin,North Suburbs Health Zone,East District,2026-04,575,6,1.0,12.7,-11.7,10.1,7.5,-4.56,1,679,-29.0,0
OBS-00429,Klebsiella pneumoniae,Colistin,University Hospital Center,East District,2026-08,189,89,47.2,50.0,-2.8,50.0,4.2,-2.14,5,1026,12.2,0
OBS-00430,Acinetobacter baumannii,Ciprofloxacin,Eastside Medical Center,West District,2025-11,438,203,46.3,39.8,6.5,43.0,3.3,1.72,4,1923,21.3,1
OBS-00431,Enterococcus faecium,Colistin,Valley Health District,Metro Central,2026-04,466,160,34.4,31.3,3.2,32.7,4.1,1.49,7,3662,4.4,1
OBS-00432,Escherichia coli,Gentamicin,Eastside Medical Center,Metro North,2026-07,270,150,55.7,54.1,1.6,53.6,2.1,-0.2,8,2534,15.7,0
OBS-00433,Acinetobacter baumannii,Ceftriaxone,Valley Health District,Metro North,2026-09,341,176,51.6,37.7,13.9,39.7,7.7,4.69,4,1643,26.6,1
OBS-00434,Klebsiella pneumoniae,Gentamicin,Metro West Community Clinic,Metro Central,2026-04,478,153,32.0,31.7,0.3,33.2,1.1,-0.31,1,670,-3.0,0
OBS-00435,Acinetobacter baumannii,Vancomycin,Eastside Medical Center,Metro Central,2026-03,198,124,62.7,46.3,16.4,48.2,6.8,4.93,8,1654,37.7,1
OBS-00436,Enterococcus faecium,Ceftriaxone,Valley Health District,East District,2026-05,114,19,17.0,18.4,-1.5,19.5,3.5,-0.56,6,896,-13.0,0
OBS-00437,Acinetobacter baumannii,Ciprofloxacin,Metro West Community Clinic,Metro North,2026-04,134,63,46.9,47.4,-0.6,48.5,3.6,-0.09,7,1166,21.9,0
OBS-00438,Pseudomonas aeruginosa,Colistin,Eastside Medical Center,East District,2026-01,49,6,12.0,20.3,-8.3,18.5,5.4,-2.56,8,500,-18.0,0
OBS-00439,Enterococcus faecium,Ceftriaxone,Metro West Community Clinic,Metro North,2025-10,430,83,19.3,18.5,0.9,18.7,3.2,0.34,6,2688,-10.7,0
OBS-00440,Pseudomonas aeruginosa,Ciprofloxacin,Metro West Community Clinic,East District,2026-06,538,132,24.6,26.6,-2.0,25.7,3.6,-0.84,8,4376,-5.4,0
OBS-00441,Pseudomonas aeruginosa,Ceftriaxone,St. Jude General Hospital,Metro Central,2025-12,107,30,27.7,26.1,1.6,26.3,2.7,-0.04,1,264,-2.3,0
OBS-00442,Enterococcus faecium,Ampicillin,St. Jude General Hospital,Metro North,2026-06,113,24,21.6,6.6,14.9,7.5,6.2,4.4,7,919,-8.4,0
OBS-00443,Escherichia coli,Ciprofloxacin,University Hospital Center,East District,2026-06,273,92,33.7,28.4,5.3,29.9,3.2,1.89,2,728,-6.3,0
OBS-00444,Staphylococcus aureus,Ampicillin,Eastside Medical Center,Metro Central,2026-04,587,194,33.1,25.6,7.6,26.7,5.3,2.68,2,1227,-6.9,0
OBS-00445,Enterococcus faecium,Ceftriaxone,St. Jude General Hospital,Metro Central,2026-03,336,53,15.6,12.6,3.1,13.7,3.9,0.67,2,876,-14.4,0
OBS-00446,Staphylococcus aureus,Ampicillin,North Suburbs Health Zone,Metro Central,2026-05,586,354,60.4,42.9,17.5,44.4,8.9,5.91,3,1920,20.4,1
OBS-00447,Acinetobacter baumannii,Colistin,Valley Health District,Metro North,2026-02,51,17,33.6,36.5,-2.9,33.8,2.0,-0.95,6,639,8.6,0
OBS-00448,Escherichia coli,Ciprofloxacin,Metro West Community Clinic,West District,2026-06,352,94,26.8,24.0,2.8,23.8,1.8,0.32,2,861,-13.2,0
OBS-00449,Pseudomonas aeruginosa,Meropenem,North Suburbs Health Zone,Metro North,2025-12,266,41,15.4,15.9,-0.6,11.9,2.1,0.77,3,1163,-14.6,0
OBS-00450,Klebsiella pneumoniae,Gentamicin,Metro West Community Clinic,Metro Central,2026-06,114,52,46.0,45.8,0.1,45.5,3.4,0.84,8,1110,11.0,0
OBS-00451,Klebsiella pneumoniae,Gentamicin,Metro West Community Clinic,West District,2026-03,171,75,44.1,40.2,3.9,39.9,4.3,1.48,6,1419,9.1,1
OBS-00452,Acinetobacter baumannii,Ciprofloxacin,University Hospital Center,East District,2026-05,376,153,40.8,38.2,2.6,39.6,2.0,1.26,8,3373,15.8,1
OBS-00453,Klebsiella pneumoniae,Ceftriaxone,Metro West Community Clinic,East District,2026-03,212,49,23.2,30.6,-7.4,29.5,4.4,-2.4,7,1536,-11.8,0
OBS-00454,Enterococcus faecium,Gentamicin,Valley Health District,West District,2026-02,177,46,26.2,25.4,0.8,25.9,3.2,-0.64,6,1459,-3.8,0
OBS-00455,Staphylococcus aureus,Ampicillin,Eastside Medical Center,East District,2026-05,219,38,17.6,18.8,-1.2,18.3,1.8,-0.44,2,818,-22.4,0
OBS-00456,Klebsiella pneumoniae,Ceftriaxone,University Hospital Center,East District,2026-09,117,25,21.2,21.6,-0.4,24.0,1.1,0.08,2,293,-13.8,0
OBS-00457,Acinetobacter baumannii,Ceftriaxone,North Suburbs Health Zone,Metro North,2025-10,596,226,38.0,38.5,-0.5,37.4,1.6,-0.32,5,3306,13.0,0
OBS-00458,Pseudomonas aeruginosa,Ampicillin,University Hospital Center,East District,2025-12,553,239,43.2,22.5,20.7,27.2,8.4,7.47,8,4735,13.2,0
OBS-00459,Klebsiella pneumoniae,Vancomycin,Metro West Community Clinic,Metro North,2026-06,496,300,60.4,43.0,17.4,48.2,8.7,5.48,3,1619,25.4,1
OBS-00460,Klebsiella pneumoniae,Gentamicin,Valley Health District,West District,2026-03,264,65,24.8,25.4,-0.6,26.0,2.3,-0.07,1,563,-10.2,0
OBS-00461,Klebsiella pneumoniae,Ciprofloxacin,Valley Health District,Metro North,2026-06,437,177,40.6,44.2,-3.6,43.2,4.6,-1.84,6,2912,5.6,0
OBS-00462,Escherichia coli,Gentamicin,Eastside Medical Center,Metro Central,2026-09,309,126,40.8,33.5,7.3,34.9,3.6,2.77,5,1891,0.8,1
OBS-00463,Enterococcus faecium,Ampicillin,Eastside Medical Center,Metro Central,2026-06,425,119,27.9,20.1,7.9,18.8,4.7,2.06,5,2289,-2.1,0
OBS-00464,Pseudomonas aeruginosa,Ampicillin,North Suburbs Health Zone,Metro Central,2026-06,490,106,21.6,22.9,-1.3,23.5,3.8,-0.41,3,1604,-8.4,0
OBS-00465,Pseudomonas aeruginosa,Meropenem,University Hospital Center,Metro North,2025-12,161,42,26.4,27.7,-1.3,25.0,2.9,-0.36,6,1354,-3.6,0
OBS-00466,Enterococcus faecium,Ciprofloxacin,North Suburbs Health Zone,West District,2026-05,205,44,21.4,19.7,1.7,20.1,3.4,0.53,4,1201,-8.6,1
OBS-00467,Escherichia coli,Meropenem,Metro West Community Clinic,Metro North,2025-12,190,84,44.1,22.1,22.1,27.5,10.3,6.85,1,268,4.1,1
OBS-00468,Staphylococcus aureus,Ceftriaxone,Metro West Community Clinic,Metro Central,2026-09,127,37,28.8,32.8,-4.0,32.0,2.2,-0.71,5,795,-11.2,0
OBS-00469,Staphylococcus aureus,Meropenem,University Hospital Center,West District,2026-07,226,39,17.3,15.0,2.3,16.8,3.6,0.59,3,1047,-22.7,0
OBS-00470,Enterococcus faecium,Gentamicin,Eastside Medical Center,West District,2026-07,275,58,20.9,23.8,-2.9,23.2,3.6,-1.16,2,793,-9.1,0
OBS-00471,Klebsiella pneumoniae,Ceftriaxone,Metro West Community Clinic,West District,2025-12,221,71,32.4,34.4,-2.1,35.1,4.2,-0.77,2,735,-2.6,0
OBS-00472,Acinetobacter baumannii,Ceftriaxone,St. Jude General Hospital,Metro Central,2026-05,592,113,19.1,24.6,-5.4,23.8,5.3,-1.74,3,1826,-5.9,0
OBS-00473,Enterococcus faecium,Ampicillin,Metro West Community Clinic,West District,2026-03,582,80,13.8,10.1,3.7,9.8,3.6,1.55,1,851,-16.2,0
OBS-00474,Staphylococcus aureus,Colistin,Metro West Community Clinic,Metro Central,2026-04,300,127,42.4,46.5,-4.2,44.6,4.7,-1.64,3,1194,2.4,0
OBS-00475,Escherichia coli,Colistin,Metro West Community Clinic,West District,2026-02,45,13,29.0,32.1,-3.1,30.9,4.5,-0.76,4,233,-11.0,0
OBS-00476,Escherichia coli,Ampicillin,Valley Health District,Metro North,2026-09,458,182,39.8,19.7,20.1,26.7,9.2,6.38,6,2983,-0.2,1
OBS-00477,Pseudomonas aeruginosa,Vancomycin,Metro West Community Clinic,West District,2026-07,322,115,35.6,32.7,2.9,32.8,4.4,0.89,6,2330,5.6,0
OBS-00478,Acinetobacter baumannii,Vancomycin,Metro West Community Clinic,West District,2025-12,535,251,47.0,47.2,-0.2,49.4,2.2,0.1,6,3389,22.0,0
OBS-00479,Enterococcus faecium,Ampicillin,Valley Health District,Metro North,2026-08,275,35,12.7,14.4,-1.7,12.5,3.7,-1.61,2,828,-17.3,0
OBS-00480,Escherichia coli,Meropenem,Metro West Community Clinic,West District,2026-03,204,72,35.3,33.6,1.7,34.5,2.3,0.98,1,453,-4.7,1
OBS-00481,Escherichia coli,Vancomycin,University Hospital Center,West District,2026-07,130,45,34.8,37.9,-3.1,37.9,4.2,-1.74,7,992,-5.2,0
OBS-00482,Acinetobacter baumannii,Ciprofloxacin,Valley Health District,West District,2026-04,98,39,39.6,41.2,-1.6,40.8,1.7,-0.26,5,629,14.6,0
OBS-00483,Klebsiella pneumoniae,Vancomycin,Valley Health District,East District,2026-01,562,57,10.1,12.4,-2.4,10.4,2.5,-0.53,1,876,-24.9,0
OBS-00484,Enterococcus faecium,Ciprofloxacin,Eastside Medical Center,Metro North,2026-08,201,37,18.3,15.8,2.5,17.0,2.8,0.41,1,295,-11.7,0
OBS-00485,Pseudomonas aeruginosa,Gentamicin,North Suburbs Health Zone,West District,2026-07,570,106,18.6,15.4,3.2,16.9,2.4,1.38,4,2337,-11.4,0
OBS-00486,Escherichia coli,Ceftriaxone,Eastside Medical Center,East District,2026-03,271,76,28.1,30.0,-1.9,31.7,3.1,-0.87,5,1715,-11.9,0
OBS-00487,Staphylococcus aureus,Ceftriaxone,St. Jude General Hospital,East District,2025-12,558,219,39.3,32.7,6.5,34.6,3.5,2.33,7,4010,-0.7,0
OBS-00488,Pseudomonas aeruginosa,Ciprofloxacin,Metro West Community Clinic,East District,2026-06,493,191,38.7,36.2,2.5,34.5,2.5,1.22,5,2708,8.7,1
OBS-00489,Pseudomonas aeruginosa,Vancomycin,North Suburbs Health Zone,West District,2026-07,533,169,31.7,31.4,0.3,30.1,2.3,0.34,1,642,1.7,0
OBS-00490,Klebsiella pneumoniae,Gentamicin,Valley Health District,Metro North,2026-03,401,153,38.2,36.2,2.1,37.9,3.5,1.03,7,3121,3.2,0
OBS-00491,Pseudomonas aeruginosa,Meropenem,Eastside Medical Center,Metro Central,2026-04,117,33,28.4,24.4,4.0,26.6,4.5,1.67,6,1035,-1.6,0
OBS-00492,Pseudomonas aeruginosa,Meropenem,Metro West Community Clinic,East District,2025-12,550,101,18.3,20.1,-1.8,18.1,2.3,-0.18,4,2352,-11.7,0
OBS-00493,Pseudomonas aeruginosa,Meropenem,University Hospital Center,Metro North,2026-01,199,25,12.6,32.5,-19.9,28.5,8.8,-6.37,6,1298,-17.4,0
OBS-00494,Staphylococcus aureus,Ceftriaxone,St. Jude General Hospital,Metro Central,2026-05,362,122,33.8,35.5,-1.7,34.0,1.5,0.01,6,2474,-6.2,0
OBS-00495,Acinetobacter baumannii,Vancomycin,Eastside Medical Center,West District,2025-12,447,97,21.8,22.8,-1.0,23.9,2.6,-0.1,5,2398,-3.2,0
OBS-00496,Acinetobacter baumannii,Vancomycin,North Suburbs Health Zone,West District,2026-06,554,313,56.5,56.2,0.3,55.9,3.1,0.21,1,781,31.5,0
OBS-00497,Klebsiella pneumoniae,Ampicillin,St. Jude General Hospital,West District,2026-03,52,11,20.5,16.5,4.0,16.6,3.0,0.99,1,447,-14.5,0
OBS-00498,Pseudomonas aeruginosa,Colistin,Metro West Community Clinic,East District,2025-12,282,88,31.0,28.0,3.0,27.6,3.5,1.31,5,1597,1.0,1
OBS-00499,Pseudomonas aeruginosa,Meropenem,North Suburbs Health Zone,West District,2026-01,421,151,35.8,34.7,1.1,34.4,2.7,0.42,7,3183,5.8,0
OBS-00500,Klebsiella pneumoniae,Ceftriaxone,University Hospital Center,Metro North,2025-11,281,68,24.3,28.0,-3.7,29.1,3.0,-1.84,5,1739,-10.7,0
OBS-00501,Klebsiella pneumoniae,Vancomycin,Valley Health District,Metro North,2026-05,220,82,37.3,31.7,5.6,32.0,4.6,1.18,1,485,2.3,0
OBS-00502,Enterococcus faecium,Ceftriaxone,Metro West Community Clinic,East District,2026-05,296,63,21.2,21.5,-0.4,22.3,2.7,-0.19,5,1817,-8.8,0
OBS-00503,Escherichia coli,Gentamicin,University Hospital Center,Metro Central,2026-01,527,294,55.7,40.9,14.8,46.1,7.1,4.77,5,3007,15.7,1
OBS-00504,Pseudomonas aeruginosa,Ceftriaxone,Metro West Community Clinic,East District,2026-03,461,110,23.9,27.1,-3.2,25.0,3.1,-1.6,1,573,-6.1,0
OBS-00505,Acinetobacter baumannii,Meropenem,Metro West Community Clinic,Metro North,2026-02,372,165,44.3,38.8,5.5,39.0,4.6,1.09,6,2626,19.3,0
OBS-00506,Staphylococcus aureus,Ciprofloxacin,North Suburbs Health Zone,East District,2026-05,211,29,13.8,18.8,-5.0,16.9,3.1,-2.37,3,1010,-26.2,0
OBS-00507,Enterococcus faecium,Ceftriaxone,Metro West Community Clinic,West District,2025-11,205,56,27.5,24.0,3.5,22.8,4.6,0.88,2,635,-2.5,0
OBS-00508,Pseudomonas aeruginosa,Gentamicin,Eastside Medical Center,West District,2026-02,411,102,24.7,26.4,-1.7,25.7,3.0,0.03,8,3638,-5.3,0
OBS-00509,Klebsiella pneumoniae,Meropenem,St. Jude General Hospital,Metro North,2026-09,297,163,54.8,50.5,4.4,52.9,4.0,1.02,4,1278,19.8,0
OBS-00510,Escherichia coli,Ciprofloxacin,North Suburbs Health Zone,Metro Central,2025-10,576,259,45.0,24.7,20.4,28.4,9.5,6.91,7,4124,5.0,1
OBS-00511,Staphylococcus aureus,Colistin,University Hospital Center,Metro North,2026-09,493,297,60.3,42.6,17.7,47.9,7.0,5.29,5,2835,20.3,1
OBS-00512,Escherichia coli,Gentamicin,Eastside Medical Center,East District,2026-05,593,227,38.3,36.1,2.2,36.5,2.6,0.58,8,4933,-1.7,0
OBS-00513,Enterococcus faecium,Ceftriaxone,University Hospital Center,West District,2026-08,576,147,25.5,28.4,-2.8,27.6,3.8,-0.99,7,4409,-4.5,0
OBS-00514,Pseudomonas aeruginosa,Ampicillin,Metro West Community Clinic,Metro North,2025-11,355,107,30.3,31.6,-1.3,28.9,3.2,-0.43,8,3077,0.3,0
OBS-00515,Escherichia coli,Ciprofloxacin,Metro West Community Clinic,Metro North,2026-03,520,270,51.9,31.3,20.6,33.5,9.9,7.14,5,2923,11.9,1
OBS-00516,Staphylococcus aureus,Colistin,St. Jude General Hospital,West District,2026-02,47,17,36.5,34.3,2.2,33.7,2.2,0.39,4,518,-3.5,0
OBS-00517,Acinetobacter baumannii,Ampicillin,North Suburbs Health Zone,Metro North,2025-12,427,150,35.0,37.3,-2.3,37.9,3.4,-0.17,7,3151,10.0,0
OBS-00518,Klebsiella pneumoniae,Ceftriaxone,Metro West Community Clinic,East District,2026-02,462,203,43.9,42.1,1.8,40.3,3.1,0.68,5,2456,8.9,0
OBS-00519,Pseudomonas aeruginosa,Ciprofloxacin,Valley Health District,West District,2026-07,318,112,35.3,32.0,3.3,31.5,3.0,1.12,8,2912,5.3,0
OBS-00520,Klebsiella pneumoniae,Ciprofloxacin,Metro West Community Clinic,Metro Central,2025-12,328,194,59.1,39.5,19.5,44.6,8.4,6.82,2,843,24.1,0
OBS-00521,Escherichia coli,Meropenem,St. Jude General Hospital,West District,2026-01,470,159,33.9,29.8,4.1,31.6,3.5,0.83,6,3029,-6.1,0
OBS-00522,Pseudomonas aeruginosa,Ampicillin,Valley Health District,Metro Central,2026-03,189,54,28.6,30.5,-1.9,32.7,2.7,-0.42,2,456,-1.4,0
OBS-00523,Acinetobacter baumannii,Ampicillin,University Hospital Center,Metro North,2026-02,52,20,38.4,39.8,-1.5,36.9,1.4,-0.49,7,476,13.4,0
OBS-00524,Staphylococcus aureus,Vancomycin,North Suburbs Health Zone,Metro North,2026-09,243,17,7.1,7.0,0.2,6.0,3.4,0.17,1,528,-32.9,0
OBS-00525,Enterococcus faecium,Meropenem,North Suburbs Health Zone,West District,2026-08,370,105,28.3,22.0,6.3,21.7,3.7,1.99,5,1981,-1.7,0
OBS-00526,Acinetobacter baumannii,Ceftriaxone,St. Jude General Hospital,East District,2026-05,243,93,38.2,35.2,3.0,36.3,4.0,0.72,5,1449,13.2,0
OBS-00527,Klebsiella pneumoniae,Ciprofloxacin,University Hospital Center,West District,2026-03,211,80,38.0,41.3,-3.3,39.0,2.6,0.08,1,402,3.0,0
OBS-00528,Klebsiella pneumoniae,Ciprofloxacin,St. Jude General Hospital,West District,2026-09,420,193,45.9,50.4,-4.5,47.6,4.6,-1.77,3,1355,10.9,0
OBS-00529,Enterococcus faecium,Ceftriaxone,Eastside Medical Center,Metro Central,2025-10,197,58,29.2,33.0,-3.8,30.2,3.5,-1.36,6,1506,-0.8,0
OBS-00530,Klebsiella pneumoniae,Colistin,Metro West Community Clinic,East District,2026-05,61,18,30.3,29.5,0.8,34.1,1.6,0.43,4,487,-4.7,0
OBS-00531,Escherichia coli,Ampicillin,Valley Health District,West District,2026-06,595,372,62.5,38.8,23.7,44.2,10.3,8.14,5,3275,22.5,1
OBS-00532,Enterococcus faecium,Ampicillin,Eastside Medical Center,Metro North,2025-11,500,88,17.6,16.2,1.5,15.0,3.2,0.71,3,1701,-12.4,0
OBS-00533,Staphylococcus aureus,Ciprofloxacin,Valley Health District,West District,2026-09,59,14,24.2,25.0,-0.8,26.3,2.5,0.1,3,544,-15.8,0
OBS-00534,Klebsiella pneumoniae,Colistin,Valley Health District,Metro Central,2026-08,234,86,36.9,35.2,1.7,34.4,2.0,0.45,7,1956,1.9,0
OBS-00535,Klebsiella pneumoniae,Ceftriaxone,Eastside Medical Center,East District,2026-04,153,98,64.0,62.3,1.7,60.5,2.0,0.34,6,1017,29.0,0
OBS-00536,Klebsiella pneumoniae,Meropenem,St. Jude General Hospital,Metro North,2025-11,236,139,58.9,39.1,19.8,43.8,8.9,7.14,8,1988,23.9,1
OBS-00537,Staphylococcus aureus,Ceftriaxone,Metro West Community Clinic,East District,2025-10,266,16,6.0,2.0,4.0,4.4,2.7,0.28,6,1956,-34.0,1
OBS-00538,Klebsiella pneumoniae,Gentamicin,North Suburbs Health Zone,Metro Central,2026-05,409,161,39.4,38.0,1.3,39.7,2.7,0.53,1,744,4.4,0
OBS-00539,Pseudomonas aeruginosa,Vancomycin,Valley Health District,Metro Central,2026-07,581,97,16.7,17.7,-1.0,16.3,1.5,-0.73,5,2975,-13.3,0
OBS-00540,Escherichia coli,Meropenem,Metro West Community Clinic,Metro Central,2025-11,584,319,54.7,37.2,17.5,40.5,8.3,5.9,4,2583,14.7,1
OBS-00541,Enterococcus faecium,Meropenem,Metro West Community Clinic,West District,2026-09,406,92,22.6,22.6,0.0,26.5,2.5,-0.44,2,1207,-7.4,0
OBS-00542,Escherichia coli,Meropenem,University Hospital Center,West District,2026-06,201,53,26.4,23.2,3.1,25.7,4.1,1.09,6,1529,-13.6,0
OBS-00543,Pseudomonas aeruginosa,Colistin,Metro West Community Clinic,East District,2026-03,480,139,29.1,24.6,4.5,27.1,3.6,1.25,7,3575,-0.9,0
OBS-00544,Klebsiella pneumoniae,Ampicillin,Metro West Community Clinic,East District,2026-03,498,85,17.0,41.3,-24.4,36.0,10.6,-8.21,8,4237,-18.0,0
OBS-00545,Escherichia coli,Ceftriaxone,University Hospital Center,East District,2025-10,267,68,25.6,26.4,-0.8,27.7,2.5,-0.51,5,1494,-14.4,1
OBS-00546,Enterococcus faecium,Vancomycin,Eastside Medical Center,Metro North,2025-11,511,225,43.9,26.7,17.3,29.7,9.5,6.31,1,743,13.9,1
OBS-00547,Klebsiella pneumoniae,Meropenem,Eastside Medical Center,East District,2025-11,262,57,21.6,19.2,2.4,18.8,2.6,0.32,7,1923,-13.4,0
OBS-00548,Klebsiella pneumoniae,Ampicillin,Valley Health District,Metro Central,2026-07,78,27,34.2,36.1,-2.0,38.4,3.3,-0.78,5,735,-0.8,0
OBS-00549,Pseudomonas aeruginosa,Colistin,North Suburbs Health Zone,West District,2025-11,51,13,26.4,30.2,-3.8,29.2,4.3,-1.27,4,578,-3.6,0
OBS-00550,Pseudomonas aeruginosa,Ceftriaxone,St. Jude General Hospital,East District,2026-06,374,122,32.6,27.1,5.5,30.3,4.8,2.0,3,1429,2.6,1
OBS-00551,Enterococcus faecium,Gentamicin,North Suburbs Health Zone,West District,2026-07,267,82,30.8,25.7,5.1,27.3,4.3,1.36,2,805,0.8,1
OBS-00552,Klebsiella pneumoniae,Colistin,St. Jude General Hospital,West District,2026-07,448,204,45.5,30.8,14.7,34.5,8.3,5.04,1,632,10.5,1
OBS-00553,Klebsiella pneumoniae,Vancomycin,University Hospital Center,West District,2026-06,539,228,42.3,40.2,2.1,42.8,3.3,0.78,4,2408,7.3,0
OBS-00554,Acinetobacter baumannii,Gentamicin,Metro West Community Clinic,Metro North,2026-01,312,137,44.0,47.4,-3.4,47.3,3.3,-1.53,2,894,19.0,0
OBS-00555,Escherichia coli,Ciprofloxacin,Valley Health District,West District,2026-04,396,148,37.5,39.5,-2.0,37.6,2.2,-0.81,6,2523,-2.5,0
OBS-00556,Escherichia coli,Vancomycin,Eastside Medical Center,Metro North,2026-03,189,86,45.5,20.8,24.7,23.6,9.7,8.25,8,1787,5.5,1
OBS-00557,Pseudomonas aeruginosa,Meropenem,Valley Health District,Metro Central,2025-11,288,67,23.3,17.7,5.5,19.6,4.9,2.25,1,655,-6.7,0
OBS-00558,Pseudomonas aeruginosa,Ciprofloxacin,Eastside Medical Center,Metro Central,2026-02,522,150,28.8,32.4,-3.6,31.8,3.8,-1.22,8,4237,-1.2,0
OBS-00559,Klebsiella pneumoniae,Meropenem,Metro West Community Clinic,East District,2026-06,184,75,40.9,26.2,14.7,27.8,7.8,5.09,8,1864,5.9,1
OBS-00560,Escherichia coli,Colistin,University Hospital Center,Metro Central,2026-02,317,77,24.2,21.1,3.2,19.8,4.1,1.35,4,1345,-15.8,0
OBS-00561,Escherichia coli,Ampicillin,Valley Health District,East District,2026-08,150,52,35.0,38.1,-3.1,39.6,3.1,-0.89,6,959,-5.0,0
OBS-00562,Staphylococcus aureus,Meropenem,North Suburbs Health Zone,Metro Central,2026-03,584,139,23.8,11.2,12.5,11.9,7.6,4.63,8,4767,-16.2,0
OBS-00563,Enterococcus faecium,Ciprofloxacin,St. Jude General Hospital,Metro North,2026-06,381,96,25.1,22.4,2.8,23.4,2.5,1.06,5,2205,-4.9,0
OBS-00564,Pseudomonas aeruginosa,Gentamicin,Eastside Medical Center,East District,2026-08,281,56,20.0,19.3,0.6,21.2,3.2,-0.12,5,1711,-10.0,0
OBS-00565,Pseudomonas aeruginosa,Ampicillin,St. Jude General Hospital,East District,2026-01,389,63,16.2,16.9,-0.7,16.7,3.2,-0.29,3,1418,-13.8,0
OBS-00566,Staphylococcus aureus,Ceftriaxone,Valley Health District,Metro North,2026-04,196,21,10.7,8.3,2.4,6.9,1.7,1.08,4,1052,-29.3,0
OBS-00567,Pseudomonas aeruginosa,Ampicillin,Metro West Community Clinic,Metro North,2026-01,594,207,34.8,30.0,4.9,31.5,4.0,2.07,3,2182,4.8,1
OBS-00568,Pseudomonas aeruginosa,Gentamicin,Valley Health District,Metro North,2026-04,201,106,53.0,32.7,20.2,37.3,9.4,7.44,3,815,23.0,1
OBS-00569,Klebsiella pneumoniae,Colistin,University Hospital Center,Metro Central,2026-03,461,132,28.5,33.1,-4.5,31.3,4.0,-1.35,7,3432,-6.5,0
OBS-00570,Enterococcus faecium,Gentamicin,Eastside Medical Center,Metro North,2026-01,174,40,23.2,8.2,15.0,12.9,8.0,5.22,2,492,-6.8,1
OBS-00571,Acinetobacter baumannii,Ceftriaxone,Metro West Community Clinic,Metro North,2026-07,276,90,32.7,32.1,0.6,35.1,2.8,-0.0,4,1167,7.7,0
OBS-00572,Staphylococcus aureus,Meropenem,Metro West Community Clinic,West District,2026-09,228,83,36.3,36.7,-0.4,36.6,2.8,-0.64,6,1616,-3.7,0
OBS-00573,Klebsiella pneumoniae,Meropenem,St. Jude General Hospital,West District,2025-10,462,245,53.0,48.1,4.9,48.0,4.2,1.44,5,2473,18.0,1
OBS-00574,Klebsiella pneumoniae,Ciprofloxacin,University Hospital Center,West District,2026-07,372,102,27.4,25.9,1.5,25.6,3.1,1.23,8,3260,-7.6,0
OBS-00575,Escherichia coli,Ceftriaxone,Valley Health District,West District,2026-09,443,136,30.7,29.3,1.4,31.9,3.6,0.81,6,3021,-9.3,0
OBS-00576,Acinetobacter baumannii,Ceftriaxone,Valley Health District,Metro Central,2026-06,502,196,39.1,28.2,10.9,28.7,6.2,3.51,2,1287,14.1,1
OBS-00577,Klebsiella pneumoniae,Ceftriaxone,Metro West Community Clinic,West District,2026-09,436,180,41.3,41.9,-0.5,44.4,1.9,0.46,1,750,6.3,0
OBS-00578,Klebsiella pneumoniae,Colistin,North Suburbs Health Zone,West District,2026-02,512,152,29.6,29.9,-0.3,31.3,3.3,0.0,5,2695,-5.4,0
OBS-00579,Escherichia coli,Gentamicin,Metro West Community Clinic,Metro North,2026-05,132,62,47.0,23.0,24.1,28.7,11.6,8.29,8,1362,7.0,1
OBS-00580,Enterococcus faecium,Ceftriaxone,University Hospital Center,West District,2026-04,501,173,34.6,18.6,16.0,22.2,7.7,5.36,6,3068,4.6,1
OBS-00581,Klebsiella pneumoniae,Ampicillin,St. Jude General Hospital,East District,2026-03,166,97,58.5,32.8,25.7,37.7,12.0,8.48,3,594,23.5,1
OBS-00582,Acinetobacter baumannii,Gentamicin,North Suburbs Health Zone,Metro North,2026-04,84,25,30.1,30.5,-0.4,28.1,1.7,-0.81,7,725,5.1,0
OBS-00583,Enterococcus faecium,Vancomycin,University Hospital Center,Metro North,2025-12,92,18,19.4,21.3,-1.9,22.5,2.3,-0.83,3,540,-10.6,0
OBS-00584,Staphylococcus aureus,Colistin,Valley Health District,Metro North,2025-11,247,58,23.3,25.8,-2.5,23.3,3.5,-0.99,3,792,-16.7,0
OBS-00585,Staphylococcus aureus,Ampicillin,North Suburbs Health Zone,Metro Central,2026-07,283,105,37.3,34.0,3.3,34.1,2.4,1.09,8,2425,-2.7,0
OBS-00586,Staphylococcus aureus,Ampicillin,St. Jude General Hospital,Metro Central,2026-01,252,9,3.6,19.8,-16.2,18.6,6.8,-5.29,5,1335,-36.4,0
OBS-00587,Klebsiella pneumoniae,Vancomycin,St. Jude General Hospital,East District,2026-03,90,45,49.5,39.8,9.6,42.3,4.9,2.8,2,285,14.5,1
OBS-00588,Enterococcus faecium,Colistin,Metro West Community Clinic,Metro North,2026-05,76,14,18.3,18.2,0.1,15.4,3.1,-0.12,6,553,-11.7,0
OBS-00589,Staphylococcus aureus,Vancomycin,St. Jude General Hospital,West District,2026-06,339,159,47.0,28.6,18.4,31.3,9.2,6.87,2,969,7.0,1
OBS-00590,Acinetobacter baumannii,Ampicillin,Metro West Community Clinic,Metro North,2026-09,99,48,48.0,46.1,1.9,47.1,2.3,1.12,4,501,23.0,0
OBS-00591,Acinetobacter baumannii,Ciprofloxacin,North Suburbs Health Zone,East District,2026-04,305,108,35.4,39.4,-3.9,37.8,3.5,-1.32,6,2149,10.4,0
OBS-00592,Klebsiella pneumoniae,Ceftriaxone,Metro West Community Clinic,West District,2026-06,544,324,59.6,55.0,4.6,55.9,3.4,1.42,8,4494,24.6,1
OBS-00593,Pseudomonas aeruginosa,Meropenem,St. Jude General Hospital,Metro Central,2025-10,160,51,31.8,33.4,-1.6,30.2,3.4,-0.63,8,1436,1.8,0
OBS-00594,Staphylococcus aureus,Ciprofloxacin,Eastside Medical Center,East District,2026-06,51,17,33.3,26.4,6.9,30.2,4.5,1.81,4,581,-6.7,0
OBS-00595,Escherichia coli,Colistin,Eastside Medical Center,East District,2025-10,381,115,30.1,37.3,-7.1,37.2,5.1,-2.28,2,986,-9.9,0
OBS-00596,Escherichia coli,Vancomycin,University Hospital Center,Metro North,2026-03,530,113,21.4,23.2,-1.9,21.6,2.1,-0.46,6,3472,-18.6,0
OBS-00597,Staphylococcus aureus,Meropenem,Valley Health District,West District,2026-06,513,135,26.4,24.8,1.5,24.9,3.9,0.06,6,3339,-13.6,0
OBS-00598,Acinetobacter baumannii,Colistin,Metro West Community Clinic,East District,2026-06,253,113,44.7,40.2,4.5,40.3,3.4,1.55,1,598,19.7,1
OBS-00599,Pseudomonas aeruginosa,Ciprofloxacin,University Hospital Center,East District,2025-10,424,84,19.8,18.2,1.6,19.3,1.8,0.09,6,2914,-10.2,0
OBS-00600,Acinetobacter baumannii,Ampicillin,University Hospital Center,Metro Central,2026-02,72,33,46.4,44.8,1.6,44.7,2.0,0.65,6,621,21.4,0
OBS-00601,Klebsiella pneumoniae,Colistin,North Suburbs Health Zone,East District,2026-01,219,102,46.7,41.8,4.9,43.8,2.9,0.8,5,1202,11.7,1
OBS-00602,Klebsiella pneumoniae,Ciprofloxacin,North Suburbs Health Zone,Metro Central,2026-05,234,75,32.2,32.2,0.1,30.8,3.3,-0.23,3,926,-2.8,0
OBS-00603,Acinetobacter baumannii,Colistin,Eastside Medical Center,Metro North,2025-11,250,77,30.6,30.7,-0.0,32.0,2.1,-0.24,3,818,5.6,0
OBS-00604,Acinetobacter baumannii,Ciprofloxacin,St. Jude General Hospital,East District,2025-10,381,126,33.2,42.6,-9.4,39.9,5.7,-2.66,2,1051,8.2,0
OBS-00605,Enterococcus faecium,Gentamicin,Eastside Medical Center,Metro Central,2026-07,254,51,20.2,22.1,-1.9,20.0,2.8,-0.33,5,1484,-9.8,0
OBS-00606,Acinetobacter baumannii,Colistin,North Suburbs Health Zone,Metro Central,2026-02,201,119,59.3,40.2,19.1,43.0,7.6,6.37,3,793,34.3,1
OBS-00607,Escherichia coli,Meropenem,Metro West Community Clinic,East District,2026-06,317,68,21.6,15.3,6.2,16.1,3.0,2.18,6,2024,-18.4,0
OBS-00608,Acinetobacter baumannii,Meropenem,University Hospital Center,Metro Central,2026-02,593,58,9.8,22.5,-12.7,19.5,7.2,-4.13,6,3835,-15.2,0
OBS-00609,Escherichia coli,Ciprofloxacin,North Suburbs Health Zone,Metro Central,2025-11,441,98,22.2,24.9,-2.7,23.5,2.8,-1.08,7,3228,-17.8,0
OBS-00610,Enterococcus faecium,Vancomycin,Valley Health District,West District,2026-07,359,120,33.4,35.1,-1.7,35.3,3.5,-0.27,6,2374,3.4,0
OBS-00611,Enterococcus faecium,Vancomycin,Metro West Community Clinic,Metro Central,2026-05,135,49,36.0,16.1,19.9,19.8,7.9,6.9,3,694,6.0,1
OBS-00612,Staphylococcus aureus,Ampicillin,University Hospital Center,Metro North,2025-12,412,262,63.7,48.4,15.3,51.7,7.1,5.3,5,2310,23.7,1
OBS-00613,Pseudomonas aeruginosa,Ampicillin,North Suburbs Health Zone,Metro Central,2025-11,155,45,29.2,26.6,2.6,24.9,3.5,1.21,8,1469,-0.8,0
OBS-00614,Pseudomonas aeruginosa,Vancomycin,Eastside Medical Center,Metro North,2026-06,455,84,18.4,21.4,-2.9,22.2,2.6,-0.57,2,1014,-11.6,0
OBS-00615,Pseudomonas aeruginosa,Ceftriaxone,North Suburbs Health Zone,West District,2026-07,284,84,29.7,33.3,-3.6,30.7,2.3,-1.86,7,2355,-0.3,0
OBS-00616,Staphylococcus aureus,Ampicillin,St. Jude General Hospital,East District,2026-01,485,141,29.0,25.3,3.7,25.3,4.6,1.05,7,3735,-11.0,0
OBS-00617,Klebsiella pneumoniae,Meropenem,Valley Health District,Metro Central,2026-09,157,36,22.8,26.5,-3.6,26.2,4.7,-1.17,8,1609,-12.2,0
OBS-00618,Escherichia coli,Vancomycin,North Suburbs Health Zone,Metro North,2026-02,111,26,23.5,8.1,15.5,14.3,8.3,5.02,7,1133,-16.5,1
OBS-00619,Staphylococcus aureus,Colistin,North Suburbs Health Zone,Metro Central,2025-11,182,75,41.1,35.6,5.5,35.3,3.8,2.53,4,1075,1.1,1
OBS-00620,Escherichia coli,Vancomycin,University Hospital Center,Metro North,2026-05,439,141,32.1,29.8,2.3,28.6,2.1,1.14,5,2560,-7.9,0
OBS-00621,Enterococcus faecium,Colistin,Eastside Medical Center,East District,2026-04,131,51,38.8,20.8,18.0,22.8,9.3,6.14,6,1134,8.8,1
OBS-00622,Klebsiella pneumoniae,Vancomycin,Eastside Medical Center,Metro Central,2026-03,40,10,26.1,32.3,-6.2,31.5,4.3,-1.75,1,376,-8.9,0
OBS-00623,Pseudomonas aeruginosa,Vancomycin,St. Jude General Hospital,Metro North,2026-04,365,29,8.0,12.0,-4.0,10.8,2.5,-0.97,7,2800,-22.0,0
OBS-00624,Klebsiella pneumoniae,Gentamicin,University Hospital Center,West District,2025-12,433,189,43.7,39.1,4.6,38.7,4.2,2.3,4,1966,8.7,1
OBS-00625,Enterococcus faecium,Meropenem,University Hospital Center,Metro Central,2025-11,187,58,30.9,31.5,-0.6,32.7,1.9,-0.25,1,486,0.9,0
OBS-00626,Klebsiella pneumoniae,Ciprofloxacin,University Hospital Center,West District,2026-05,224,79,35.2,38.9,-3.8,41.8,2.5,-1.21,7,1850,0.2,0
OBS-00627,Staphylococcus aureus,Ampicillin,Eastside Medical Center,Metro North,2025-12,47,11,23.5,21.8,1.7,25.3,1.7,0.67,7,674,-16.5,0
OBS-00628,Enterococcus faecium,Ceftriaxone,Eastside Medical Center,West District,2026-06,74,12,16.4,15.1,1.4,15.1,3.5,0.44,6,513,-13.6,0
OBS-00629,Escherichia coli,Ceftriaxone,North Suburbs Health Zone,Metro Central,2025-12,516,271,52.5,35.6,16.9,38.4,7.3,6.39,5,2894,12.5,1
OBS-00630,Staphylococcus aureus,Gentamicin,Valley Health District,Metro Central,2026-08,94,15,15.5,13.0,2.5,10.7,3.9,1.24,5,695,-24.5,1
OBS-00631,Staphylococcus aureus,Ceftriaxone,North Suburbs Health Zone,East District,2026-04,341,156,45.8,28.9,16.9,34.2,7.7,5.4,6,2244,5.8,1
OBS-00632,Pseudomonas aeruginosa,Gentamicin,Metro West Community Clinic,East District,2025-10,213,103,48.2,33.3,14.9,36.2,7.3,4.63,8,2047,18.2,1
OBS-00633,Acinetobacter baumannii,Ciprofloxacin,Eastside Medical Center,West District,2025-11,557,198,35.6,33.5,2.1,35.7,3.8,0.51,3,1760,10.6,0
OBS-00634,Klebsiella pneumoniae,Ceftriaxone,Eastside Medical Center,East District,2026-02,154,71,46.3,30.1,16.2,30.0,9.0,5.53,1,513,11.3,1
OBS-00635,Staphylococcus aureus,Colistin,University Hospital Center,East District,2026-09,536,287,53.6,53.5,0.1,52.7,1.9,0.21,4,2286,13.6,0
OBS-00636,Pseudomonas aeruginosa,Ciprofloxacin,University Hospital Center,Metro North,2026-05,432,76,17.5,17.1,0.4,17.9,2.9,0.08,7,3195,-12.5,0
OBS-00637,Klebsiella pneumoniae,Meropenem,Metro West Community Clinic,East District,2025-10,158,70,44.6,30.9,13.6,34.6,7.3,4.6,5,866,9.6,1
OBS-00638,Enterococcus faecium,Vancomycin,Metro West Community Clinic,Metro North,2026-04,525,226,43.0,23.3,19.7,26.3,8.8,6.73,7,3859,13.0,0
OBS-00639,Staphylococcus aureus,Ampicillin,Valley Health District,East District,2026-06,139,42,29.9,35.1,-5.3,36.1,3.3,-1.88,1,461,-10.1,0
OBS-00640,Staphylococcus aureus,Ceftriaxone,Valley Health District,East District,2026-03,313,84,26.9,20.6,6.3,20.6,4.8,2.03,5,1665,-13.1,0
OBS-00641,Staphylococcus aureus,Vancomycin,Valley Health District,Metro North,2026-09,572,119,20.7,21.8,-1.1,21.1,3.4,-0.4,4,2510,-19.3,0
OBS-00642,Pseudomonas aeruginosa,Ceftriaxone,St. Jude General Hospital,Metro Central,2025-11,461,72,15.7,20.8,-5.1,20.2,3.9,-1.56,1,561,-14.3,0
OBS-00643,Pseudomonas aeruginosa,Meropenem,Valley Health District,East District,2026-02,74,21,27.9,23.0,5.0,26.1,3.6,1.75,4,358,-2.1,0
OBS-00644,Acinetobacter baumannii,Gentamicin,University Hospital Center,Metro Central,2026-09,128,97,75.8,54.3,21.5,61.1,10.6,6.97,2,615,50.8,1
OBS-00645,Acinetobacter baumannii,Vancomycin,University Hospital Center,Metro Central,2026-09,299,119,39.7,40.3,-0.7,42.0,2.2,-0.18,3,1097,14.7,0
OBS-00646,Enterococcus faecium,Ampicillin,Eastside Medical Center,West District,2026-09,303,92,30.3,30.9,-0.5,31.7,2.3,-0.36,6,1950,0.3,0
OBS-00647,Escherichia coli,Ampicillin,North Suburbs Health Zone,East District,2025-10,311,53,17.1,16.4,0.7,13.8,1.2,0.54,5,1696,-22.9,0
OBS-00648,Klebsiella pneumoniae,Ceftriaxone,North Suburbs Health Zone,Metro North,2026-08,151,77,50.9,53.1,-2.2,54.6,3.7,-1.2,8,1331,15.9,0
OBS-00649,Acinetobacter baumannii,Gentamicin,St. Jude General Hospital,West District,2026-09,145,87,59.7,36.7,23.0,42.2,9.6,8.33,5,792,34.7,1
OBS-00650,Staphylococcus aureus,Ciprofloxacin,North Suburbs Health Zone,Metro North,2026-08,78,32,40.5,42.8,-2.4,42.9,4.2,-0.62,1,468,0.5,0
OBS-00651,Pseudomonas aeruginosa,Ampicillin,Metro West Community Clinic,Metro Central,2026-06,529,71,13.5,15.8,-2.3,13.8,3.1,-1.23,8,4505,-16.5,0
OBS-00652,Escherichia coli,Ceftriaxone,University Hospital Center,Metro Central,2026-04,164,47,28.9,29.7,-0.9,27.8,3.2,-0.64,8,1652,-11.1,0
OBS-00653,Pseudomonas aeruginosa,Gentamicin,Eastside Medical Center,West District,2025-10,414,80,19.4,23.2,-3.8,23.0,2.8,-1.07,2,1151,-10.6,0
OBS-00654,Staphylococcus aureus,Vancomycin,Eastside Medical Center,Metro North,2025-12,433,219,50.7,25.7,25.0,29.8,9.7,8.29,1,821,10.7,1
OBS-00655,Enterococcus faecium,Gentamicin,Eastside Medical Center,West District,2025-11,234,2,1.0,9.7,-8.7,10.0,5.4,-2.94,8,1993,-29.0,0
OBS-00656,Klebsiella pneumoniae,Ampicillin,North Suburbs Health Zone,Metro Central,2026-06,551,175,31.8,37.6,-5.9,38.7,5.5,-2.66,5,3078,-3.2,0
OBS-00657,Escherichia coli,Ciprofloxacin,Eastside Medical Center,Metro Central,2026-03,455,143,31.4,34.7,-3.4,35.5,4.4,-0.79,1,565,-8.6,0
OBS-00658,Acinetobacter baumannii,Ampicillin,Valley Health District,Metro North,2026-09,113,19,16.6,16.7,-0.1,15.8,3.1,-0.27,4,520,-8.4,0
OBS-00659,Escherichia coli,Ampicillin,Metro West Community Clinic,Metro Central,2026-01,54,21,39.7,37.2,2.4,36.9,4.2,0.76,3,300,-0.3,0
OBS-00660,Escherichia coli,Ampicillin,Metro West Community Clinic,Metro North,2026-07,148,41,28.0,24.8,3.1,24.9,2.1,1.3,2,404,-12.0,0
OBS-00661,Klebsiella pneumoniae,Ciprofloxacin,University Hospital Center,West District,2026-03,372,113,30.4,30.2,0.2,29.3,2.1,-0.35,7,2715,-4.6,0
OBS-00662,Klebsiella pneumoniae,Colistin,University Hospital Center,Metro Central,2026-07,383,9,2.3,21.7,-19.4,18.2,9.8,-6.94,3,1231,-32.7,0
OBS-00663,Enterococcus faecium,Colistin,Metro West Community Clinic,Metro North,2026-05,81,28,34.2,20.1,14.1,23.6,6.5,4.24,4,442,4.2,1
OBS-00664,Klebsiella pneumoniae,Ciprofloxacin,North Suburbs Health Zone,Metro Central,2025-10,223,43,19.3,20.5,-1.2,20.5,1.3,0.23,1,318,-15.7,0
OBS-00665,Pseudomonas aeruginosa,Ampicillin,Valley Health District,West District,2026-09,251,51,20.2,18.1,2.0,16.8,2.2,0.27,3,876,-9.8,0
OBS-00666,Staphylococcus aureus,Meropenem,University Hospital Center,Metro Central,2026-07,551,88,16.0,21.0,-4.9,19.2,4.3,-1.43,3,2016,-24.0,0
OBS-00667,Pseudomonas aeruginosa,Colistin,North Suburbs Health Zone,Metro Central,2026-06,236,75,31.7,32.8,-1.1,34.3,1.6,-0.68,4,1054,1.7,0
OBS-00668,Acinetobacter baumannii,Colistin,Metro West Community Clinic,Metro North,2026-05,323,235,72.7,51.3,21.4,55.0,11.0,7.05,4,1369,47.7,1
OBS-00669,Staphylococcus aureus,Ampicillin,University Hospital Center,Metro North,2026-08,95,45,47.3,40.7,6.6,41.4,4.4,2.48,1,475,7.3,1
OBS-00670,Pseudomonas aeruginosa,Colistin,Metro West Community Clinic,West District,2025-10,93,30,32.5,14.5,18.0,20.7,8.0,6.46,2,511,2.5,1
OBS-00671,Escherichia coli,Ciprofloxacin,University Hospital Center,West District,2026-07,469,174,37.1,33.7,3.4,35.2,3.5,0.75,6,2965,-2.9,0
OBS-00672,Klebsiella pneumoniae,Vancomycin,St. Jude General Hospital,East District,2026-01,282,81,28.7,31.2,-2.5,32.0,4.0,-1.01,2,825,-6.3,0
OBS-00673,Klebsiella pneumoniae,Ciprofloxacin,North Suburbs Health Zone,West District,2025-10,188,95,50.3,46.9,3.4,50.2,3.6,1.43,7,1476,15.3,1
OBS-00674,Staphylococcus aureus,Colistin,University Hospital Center,West District,2026-09,407,186,45.8,51.4,-5.6,49.5,4.8,-1.58,4,1816,5.8,0
OBS-00675,Enterococcus faecium,Ceftriaxone,St. Jude General Hospital,East District,2025-12,516,98,19.1,16.7,2.4,15.2,3.7,0.91,2,1316,-10.9,0
OBS-00676,Klebsiella pneumoniae,Colistin,Metro West Community Clinic,Metro North,2026-08,275,70,25.4,28.1,-2.8,29.4,3.1,-1.02,3,919,-9.6,0
OBS-00677,Klebsiella pneumoniae,Ceftriaxone,North Suburbs Health Zone,West District,2026-02,478,203,42.4,43.3,-0.9,43.1,1.3,-0.73,1,654,7.4,0
OBS-00678,Klebsiella pneumoniae,Ceftriaxone,University Hospital Center,Metro Central,2026-04,81,43,52.8,57.1,-4.3,56.5,3.1,-1.35,1,371,17.8,0
OBS-00679,Staphylococcus aureus,Ceftriaxone,North Suburbs Health Zone,West District,2026-09,503,185,36.8,30.9,5.9,35.0,4.2,1.3,2,1309,-3.2,0
OBS-00680,Escherichia coli,Gentamicin,Valley Health District,West District,2026-01,407,163,40.1,40.5,-0.4,41.5,1.3,-0.53,3,1422,0.1,0
OBS-00681,Escherichia coli,Ampicillin,Valley Health District,East District,2025-12,64,30,47.1,40.3,6.9,42.0,5.6,2.56,8,794,7.1,1
OBS-00682,Enterococcus faecium,Ampicillin,University Hospital Center,East District,2026-08,41,23,55.0,33.5,21.5,37.6,8.3,7.27,8,699,25.0,1
OBS-00683,Escherichia coli,Colistin,North Suburbs Health Zone,East District,2026-09,122,28,22.7,25.0,-2.3,26.3,3.2,-0.19,4,855,-17.3,0
OBS-00684,Escherichia coli,Ceftriaxone,Valley Health District,East District,2025-10,432,161,37.2,41.3,-4.2,37.5,2.6,-1.12,2,1101,-2.8,0
OBS-00685,Pseudomonas aeruginosa,Meropenem,Valley Health District,Metro Central,2026-06,181,53,29.3,26.9,2.5,27.0,3.6,0.48,4,945,-0.7,0
OBS-00686,Staphylococcus aureus,Gentamicin,Metro West Community Clinic,Metro North,2026-09,368,98,26.6,25.5,1.2,23.8,1.3,0.1,4,1702,-13.4,0
OBS-00687,Staphylococcus aureus,Colistin,St. Jude General Hospital,Metro Central,2026-03,503,225,44.7,44.0,0.7,44.3,2.4,0.45,6,3316,4.7,0
OBS-00688,Staphylococcus aureus,Gentamicin,Metro West Community Clinic,East District,2026-05,107,30,28.4,31.2,-2.7,32.8,2.8,-1.54,6,788,-11.6,0
OBS-00689,Escherichia coli,Ampicillin,University Hospital Center,East District,2025-11,208,27,13.0,29.4,-16.4,25.8,6.8,-4.9,2,607,-27.0,0
OBS-00690,Klebsiella pneumoniae,Ceftriaxone,Valley Health District,Metro Central,2026-02,594,106,17.8,13.1,4.7,14.6,3.3,1.24,7,4275,-17.2,0
OBS-00691,Enterococcus faecium,Gentamicin,St. Jude General Hospital,East District,2026-01,62,10,16.4,11.9,4.4,14.5,3.2,1.6,2,292,-13.6,0
OBS-00692,Pseudomonas aeruginosa,Ampicillin,Metro West Community Clinic,East District,2026-08,537,99,18.5,17.5,1.0,16.1,3.0,0.75,6,3575,-11.5,0
OBS-00693,Acinetobacter baumannii,Ampicillin,North Suburbs Health Zone,East District,2026-07,353,164,46.4,46.2,0.2,47.9,2.8,-0.41,3,1196,21.4,0
OBS-00694,Pseudomonas aeruginosa,Colistin,St. Jude General Hospital,Metro North,2026-03,506,183,36.1,28.6,7.5,28.6,5.7,2.38,5,2665,6.1,1
OBS-00695,Acinetobacter baumannii,Colistin,University Hospital Center,Metro North,2026-09,205,125,61.1,35.6,25.5,40.6,11.3,8.11,3,786,36.1,1
OBS-00696,Staphylococcus aureus,Colistin,Eastside Medical Center,Metro North,2026-01,364,119,32.6,19.8,12.8,22.4,5.6,4.74,1,590,-7.4,0
OBS-00697,Acinetobacter baumannii,Colistin,St. Jude General Hospital,Metro Central,2026-04,188,119,63.3,60.8,2.5,59.4,3.9,0.83,8,1788,38.3,0
OBS-00698,Enterococcus faecium,Ceftriaxone,Metro West Community Clinic,East District,2026-08,525,87,16.7,20.3,-3.6,20.8,2.9,-0.87,5,2823,-13.3,0
OBS-00699,Acinetobacter baumannii,Gentamicin,University Hospital Center,West District,2026-03,530,338,63.7,40.4,23.3,47.4,9.9,8.0,2,1130,38.7,1
OBS-00700,Staphylococcus aureus,Ceftriaxone,University Hospital Center,West District,2026-03,374,118,31.5,23.8,7.8,26.2,5.0,2.23,2,826,-8.5,0
OBS-00701,Acinetobacter baumannii,Meropenem,Eastside Medical Center,Metro North,2025-10,591,262,44.4,45.1,-0.6,43.4,2.8,0.29,2,1460,19.4,0
OBS-00702,Acinetobacter baumannii,Ampicillin,University Hospital Center,West District,2026-03,409,289,70.6,52.3,18.4,55.1,8.4,6.22,1,662,45.6,1
OBS-00703,Pseudomonas aeruginosa,Ciprofloxacin,Eastside Medical Center,East District,2026-03,496,212,42.7,17.2,25.6,21.4,10.7,8.47,5,2817,12.7,1
OBS-00704,Staphylococcus aureus,Vancomycin,North Suburbs Health Zone,East District,2025-12,464,71,15.3,15.0,0.3,11.9,2.0,-0.17,7,3369,-24.7,0
OBS-00705,Klebsiella pneumoniae,Meropenem,Eastside Medical Center,West District,2026-06,107,17,15.5,20.1,-4.5,18.1,4.1,-0.72,6,994,-19.5,0
OBS-00706,Staphylococcus aureus,Gentamicin,Eastside Medical Center,West District,2025-12,180,103,57.4,32.1,25.4,37.9,10.1,9.44,8,1592,17.4,1
OBS-00707,Escherichia coli,Vancomycin,Eastside Medical Center,East District,2026-05,269,58,21.6,27.7,-6.1,28.7,3.8,-2.15,8,2215,-18.4,0
OBS-00708,Pseudomonas aeruginosa,Gentamicin,Valley Health District,West District,2025-11,467,90,19.3,17.3,2.0,16.6,2.1,0.7,5,2476,-10.7,0
OBS-00709,Klebsiella pneumoniae,Ciprofloxacin,St. Jude General Hospital,East District,2026-05,410,143,34.9,31.2,3.7,32.3,3.7,1.68,2,1167,-0.1,0
OBS-00710,Pseudomonas aeruginosa,Gentamicin,Valley Health District,West District,2026-09,422,75,17.8,20.5,-2.7,20.1,3.3,-0.98,2,1156,-12.2,1
OBS-00711,Pseudomonas aeruginosa,Meropenem,Metro West Community Clinic,Metro Central,2025-12,512,148,28.9,31.4,-2.5,30.3,2.1,-0.04,6,3191,-1.1,0
OBS-00712,Pseudomonas aeruginosa,Ampicillin,Valley Health District,East District,2025-10,338,54,15.9,13.9,2.0,16.5,3.7,0.65,5,2011,-14.1,0
OBS-00713,Klebsiella pneumoniae,Vancomycin,Valley Health District,Metro North,2025-11,596,201,33.7,29.7,4.0,31.1,4.3,1.41,3,2003,-1.3,0
OBS-00714,Enterococcus faecium,Vancomycin,Eastside Medical Center,East District,2026-08,138,36,25.9,24.2,1.7,20.8,3.0,0.64,6,1151,-4.1,0
OBS-00715,Escherichia coli,Meropenem,Metro West Community Clinic,East District,2026-03,461,188,40.8,35.8,5.0,36.7,5.1,1.4,8,3912,0.8,1
OBS-00716,Klebsiella pneumoniae,Meropenem,Metro West Community Clinic,Metro North,2026-01,467,192,41.1,34.0,7.2,34.2,4.3,2.45,2,1219,6.1,1
OBS-00717,Klebsiella pneumoniae,Ciprofloxacin,North Suburbs Health Zone,East District,2026-02,182,57,31.5,32.1,-0.6,33.2,1.6,-0.44,6,1368,-3.5,0
OBS-00718,Pseudomonas aeruginosa,Meropenem,Valley Health District,East District,2025-10,267,70,26.1,24.4,1.7,25.3,3.0,1.02,2,649,-3.9,0
OBS-00719,Klebsiella pneumoniae,Colistin,University Hospital Center,Metro North,2025-12,475,248,52.2,32.4,19.8,37.0,9.8,7.04,2,1057,17.2,1
OBS-00720,Escherichia coli,Meropenem,St. Jude General Hospital,Metro Central,2026-08,520,136,26.1,19.8,6.3,21.2,4.6,2.33,1,630,-13.9,0
OBS-00721,Pseudomonas aeruginosa,Gentamicin,St. Jude General Hospital,Metro Central,2025-11,244,62,25.3,29.6,-4.3,26.8,2.5,-1.32,4,1120,-4.7,1
OBS-00722,Klebsiella pneumoniae,Vancomycin,Valley Health District,East District,2026-07,400,217,54.1,52.0,2.1,50.1,3.3,0.75,6,2532,19.1,0
OBS-00723,Acinetobacter baumannii,Meropenem,Metro West Community Clinic,Metro Central,2025-11,581,199,34.3,36.9,-2.6,35.8,2.3,-1.03,1,742,9.3,0
OBS-00724,Klebsiella pneumoniae,Vancomycin,Metro West Community Clinic,Metro Central,2026-09,259,84,32.3,32.6,-0.3,33.0,2.2,-1.1,2,826,-2.7,0
OBS-00725,Enterococcus faecium,Ceftriaxone,University Hospital Center,West District,2026-08,225,73,32.6,33.7,-1.1,33.5,1.4,-0.84,2,681,2.6,0
OBS-00726,Acinetobacter baumannii,Meropenem,North Suburbs Health Zone,Metro Central,2026-03,517,191,36.9,39.3,-2.4,40.3,3.1,-0.73,2,1140,11.9,0
OBS-00727,Pseudomonas aeruginosa,Gentamicin,Eastside Medical Center,Metro Central,2025-11,545,119,21.9,26.4,-4.5,24.9,4.9,-1.45,6,3379,-8.1,0
OBS-00728,Enterococcus faecium,Colistin,Valley Health District,West District,2026-01,337,27,8.0,21.1,-13.1,19.7,5.8,-5.02,7,2628,-22.0,0
OBS-00729,Staphylococcus aureus,Gentamicin,Eastside Medical Center,Metro North,2025-10,147,48,32.8,31.4,1.3,31.9,1.6,0.82,8,1428,-7.2,0
OBS-00730,Escherichia coli,Ciprofloxacin,University Hospital Center,West District,2026-04,212,41,19.4,15.2,4.2,18.1,3.4,0.34,2,507,-20.6,0
OBS-00731,Klebsiella pneumoniae,Ceftriaxone,North Suburbs Health Zone,Metro Central,2026-01,551,195,35.4,34.8,0.6,35.6,3.0,-0.17,7,4049,0.4,0
OBS-00732,Acinetobacter baumannii,Colistin,Valley Health District,West District,2026-03,454,96,21.1,22.0,-0.9,21.5,1.6,-0.05,8,3930,-3.9,0
OBS-00733,Staphylococcus aureus,Ciprofloxacin,St. Jude General Hospital,East District,2026-05,276,104,37.8,42.5,-4.7,45.5,4.9,-1.64,8,2579,-2.2,1
OBS-00734,Enterococcus faecium,Ciprofloxacin,St. Jude General Hospital,West District,2026-08,223,59,26.5,22.1,4.3,22.1,5.0,1.63,1,468,-3.5,0
OBS-00735,Pseudomonas aeruginosa,Ceftriaxone,Metro West Community Clinic,Metro Central,2025-11,517,107,20.7,22.2,-1.5,22.8,2.4,-0.37,8,4289,-9.3,0
OBS-00736,Acinetobacter baumannii,Colistin,Metro West Community Clinic,East District,2026-06,72,28,39.3,37.4,2.0,37.0,2.4,0.45,1,342,14.3,0
OBS-00737,Staphylococcus aureus,Colistin,North Suburbs Health Zone,West District,2026-05,73,39,53.6,49.2,4.4,50.5,4.5,1.15,1,213,13.6,0
OBS-00738,Pseudomonas aeruginosa,Gentamicin,University Hospital Center,West District,2026-04,359,119,33.1,28.4,4.7,26.0,3.5,1.63,3,1326,3.1,1
OBS-00739,Enterococcus faecium,Ampicillin,Valley Health District,West District,2026-05,558,149,26.6,25.0,1.6,24.1,2.4,0.3,3,1752,-3.4,0
OBS-00740,Staphylococcus aureus,Ceftriaxone,Valley Health District,East District,2026-02,102,16,15.4,15.9,-0.5,18.9,2.1,0.29,6,676,-24.6,0
OBS-00741,Pseudomonas aeruginosa,Colistin,Valley Health District,Metro Central,2026-08,429,31,7.2,11.1,-3.9,10.7,3.4,-0.46,6,2673,-22.8,0
OBS-00742,Staphylococcus aureus,Colistin,St. Jude General Hospital,Metro North,2026-01,359,230,64.1,49.1,14.9,53.9,7.5,4.72,4,1789,24.1,1
OBS-00743,Escherichia coli,Colistin,University Hospital Center,Metro Central,2026-06,78,28,35.5,39.0,-3.6,40.4,4.0,-1.07,6,753,-4.5,0
OBS-00744,Acinetobacter baumannii,Ampicillin,Eastside Medical Center,Metro Central,2026-09,62,27,44.1,35.4,8.7,36.5,5.0,2.66,8,708,19.1,1
OBS-00745,Acinetobacter baumannii,Ciprofloxacin,North Suburbs Health Zone,Metro Central,2026-09,384,194,50.5,41.5,9.0,40.5,5.9,2.99,4,1840,25.5,1
OBS-00746,Pseudomonas aeruginosa,Meropenem,Metro West Community Clinic,East District,2026-03,246,60,24.5,25.5,-1.1,24.0,2.9,-0.39,7,2026,-5.5,0
OBS-00747,Escherichia coli,Vancomycin,Metro West Community Clinic,Metro North,2026-02,88,17,18.9,14.5,4.4,16.8,2.9,1.49,5,642,-21.1,0
OBS-00748,Klebsiella pneumoniae,Ceftriaxone,Valley Health District,Metro Central,2026-09,384,260,67.7,47.4,20.4,51.7,10.1,7.42,2,957,32.7,1
OBS-00749,Klebsiella pneumoniae,Colistin,St. Jude General Hospital,East District,2026-06,483,166,34.3,33.6,0.7,35.0,1.5,-0.1,5,2804,-0.7,0
OBS-00750,Staphylococcus aureus,Colistin,Metro West Community Clinic,West District,2026-08,59,12,19.7,22.3,-2.7,20.2,3.2,-1.52,3,548,-20.3,0
OBS-00751,Acinetobacter baumannii,Ampicillin,University Hospital Center,West District,2026-02,101,55,54.3,56.6,-2.3,56.5,1.8,-0.74,7,1024,29.3,0
OBS-00752,Klebsiella pneumoniae,Meropenem,Valley Health District,East District,2026-04,366,84,22.8,25.1,-2.2,23.2,2.7,-0.2,7,2644,-12.2,0
OBS-00753,Pseudomonas aeruginosa,Vancomycin,Eastside Medical Center,Metro North,2026-02,455,262,57.6,34.5,23.2,42.6,10.7,7.14,4,1992,27.6,1
OBS-00754,Pseudomonas aeruginosa,Ampicillin,North Suburbs Health Zone,West District,2026-04,246,73,29.7,28.8,0.9,30.0,1.2,0.15,1,377,-0.3,1
OBS-00755,Pseudomonas aeruginosa,Gentamicin,Metro West Community Clinic,Metro North,2026-08,537,232,43.3,27.7,15.6,30.5,6.9,6.02,1,597,13.3,1
OBS-00756,Pseudomonas aeruginosa,Vancomycin,St. Jude General Hospital,West District,2026-03,446,125,27.9,25.0,2.9,24.4,3.9,0.64,2,1013,-2.1,0
OBS-00757,Acinetobacter baumannii,Ciprofloxacin,Metro West Community Clinic,East District,2026-05,283,102,36.0,21.1,14.9,24.1,8.5,5.01,2,923,11.0,1
OBS-00758,Acinetobacter baumannii,Gentamicin,North Suburbs Health Zone,Metro North,2026-04,187,132,70.8,48.0,22.7,51.5,10.6,7.53,4,852,45.8,1
OBS-00759,Pseudomonas aeruginosa,Vancomycin,Metro West Community Clinic,Metro Central,2026-05,155,46,29.9,28.3,1.5,27.4,3.3,-0.05,6,1142,-0.1,0
OBS-00760,Klebsiella pneumoniae,Colistin,University Hospital Center,East District,2026-05,355,124,34.8,41.5,-6.7,40.2,4.3,-1.72,6,2190,-0.2,0
OBS-00761,Escherichia coli,Vancomycin,Valley Health District,Metro Central,2026-09,299,109,36.6,38.1,-1.6,35.7,2.1,-0.29,4,1528,-3.4,0
OBS-00762,Enterococcus faecium,Colistin,Valley Health District,Metro Central,2026-06,493,220,44.7,19.9,24.7,26.9,11.9,7.96,4,2220,14.7,1
OBS-00763,Pseudomonas aeruginosa,Colistin,St. Jude General Hospital,Metro North,2026-02,204,49,23.8,22.3,1.5,22.4,2.2,0.68,4,1090,-6.2,0
OBS-00764,Enterococcus faecium,Ampicillin,St. Jude General Hospital,East District,2025-11,522,117,22.5,24.8,-2.4,23.9,2.5,-0.98,8,4437,-7.5,0
OBS-00765,Staphylococcus aureus,Vancomycin,St. Jude General Hospital,Metro North,2026-09,558,190,34.0,33.1,0.9,34.5,3.4,0.13,5,2873,-6.0,0
OBS-00766,Acinetobacter baumannii,Gentamicin,Eastside Medical Center,West District,2026-09,93,32,34.0,32.4,1.7,33.2,3.2,0.62,1,471,9.0,0
OBS-00767,Enterococcus faecium,Meropenem,St. Jude General Hospital,West District,2026-01,361,166,46.1,25.1,21.0,26.1,9.5,6.86,5,2149,16.1,1
OBS-00768,Enterococcus faecium,Vancomycin,University Hospital Center,West District,2026-03,529,109,20.7,19.2,1.5,19.9,1.7,0.45,8,4350,-9.3,0
OBS-00769,Pseudomonas aeruginosa,Vancomycin,Eastside Medical Center,Metro North,2025-11,416,134,32.1,27.7,4.4,29.8,4.5,1.41,7,3055,2.1,1
OBS-00770,Acinetobacter baumannii,Meropenem,St. Jude General Hospital,Metro Central,2026-06,131,86,65.4,41.4,24.0,46.8,11.2,7.71,4,810,40.4,1
OBS-00771,Staphylococcus aureus,Ceftriaxone,North Suburbs Health Zone,East District,2025-12,416,81,19.4,16.3,3.1,16.8,2.0,1.06,2,969,-20.6,0
OBS-00772,Enterococcus faecium,Ceftriaxone,North Suburbs Health Zone,West District,2026-08,161,48,29.9,23.4,6.5,24.1,3.5,2.59,8,1452,-0.1,0
OBS-00773,Pseudomonas aeruginosa,Colistin,Valley Health District,West District,2026-04,481,149,30.9,26.4,4.5,28.2,3.8,1.16,3,1598,0.9,0
OBS-00774,Pseudomonas aeruginosa,Gentamicin,Valley Health District,Metro North,2026-04,458,191,41.7,18.1,23.6,26.3,11.3,7.63,3,1498,11.7,1
OBS-00775,Staphylococcus aureus,Meropenem,Eastside Medical Center,West District,2025-11,520,185,35.6,33.8,1.9,35.6,3.3,0.98,1,638,-4.4,0
OBS-00776,Staphylococcus aureus,Gentamicin,University Hospital Center,West District,2026-09,302,12,4.1,26.2,-22.2,21.5,11.0,-7.77,7,2201,-35.9,0
OBS-00777,Klebsiella pneumoniae,Ampicillin,Eastside Medical Center,Metro Central,2025-10,556,300,53.9,48.7,5.3,48.3,5.2,1.43,5,3147,18.9,1
OBS-00778,Enterococcus faecium,Colistin,University Hospital Center,Metro Central,2026-07,306,94,30.6,33.0,-2.4,31.0,1.7,-0.92,3,1054,0.6,0
OBS-00779,Staphylococcus aureus,Meropenem,St. Jude General Hospital,East District,2026-09,185,33,17.9,35.1,-17.2,31.7,7.8,-5.62,7,1478,-22.1,0
OBS-00780,Pseudomonas aeruginosa,Gentamicin,Eastside Medical Center,West District,2026-02,310,36,11.7,7.9,3.7,8.5,3.5,0.78,5,1864,-18.3,0
OBS-00781,Pseudomonas aeruginosa,Gentamicin,North Suburbs Health Zone,Metro North,2026-06,94,48,51.0,25.2,25.8,30.1,11.6,8.56,8,898,21.0,0
OBS-00782,Pseudomonas aeruginosa,Meropenem,Valley Health District,West District,2026-04,546,103,18.9,12.6,6.3,15.9,3.5,1.95,2,1162,-11.1,0
OBS-00783,Acinetobacter baumannii,Ampicillin,North Suburbs Health Zone,West District,2025-11,166,101,60.8,43.0,17.9,48.1,8.3,6.31,3,726,35.8,1
OBS-00784,Klebsiella pneumoniae,Gentamicin,Metro West Community Clinic,East District,2026-07,44,10,22.9,29.7,-6.9,28.6,4.8,-2.3,4,495,-12.1,0
OBS-00785,Escherichia coli,Meropenem,North Suburbs Health Zone,Metro Central,2026-03,331,104,31.6,32.2,-0.6,33.0,1.2,-0.35,1,729,-8.4,0
OBS-00786,Pseudomonas aeruginosa,Ceftriaxone,St. Jude General Hospital,East District,2025-12,123,15,11.9,14.2,-2.3,14.5,1.9,-0.71,1,408,-18.1,0
OBS-00787,Staphylococcus aureus,Gentamicin,Eastside Medical Center,Metro Central,2026-03,503,132,26.3,26.5,-0.2,27.6,1.2,-0.94,1,719,-13.7,0
OBS-00788,Acinetobacter baumannii,Meropenem,University Hospital Center,Metro Central,2026-08,370,166,45.0,39.8,5.2,38.6,4.6,1.69,5,1928,20.0,1
OBS-00789,Acinetobacter baumannii,Ampicillin,St. Jude General Hospital,West District,2026-02,285,162,56.7,33.5,23.2,37.1,10.7,6.95,3,1109,31.7,1
OBS-00790,Staphylococcus aureus,Colistin,Valley Health District,Metro North,2025-11,542,238,44.0,43.7,0.3,43.4,3.6,0.7,5,2981,4.0,0
OBS-00791,Enterococcus faecium,Ceftriaxone,University Hospital Center,East District,2026-08,416,209,50.1,27.6,22.6,32.1,9.4,7.62,2,1144,20.1,1
OBS-00792,Pseudomonas aeruginosa,Ceftriaxone,Metro West Community Clinic,West District,2025-11,417,205,49.1,25.1,24.0,30.4,10.1,7.77,7,3283,19.1,1
OBS-00793,Acinetobacter baumannii,Colistin,North Suburbs Health Zone,Metro North,2026-08,547,235,42.9,44.6,-1.7,45.8,1.4,-0.77,3,1960,17.9,0
OBS-00794,Pseudomonas aeruginosa,Ampicillin,North Suburbs Health Zone,Metro Central,2026-05,192,27,13.9,16.5,-2.6,16.3,2.5,-1.4,5,1075,-16.1,0
OBS-00795,Klebsiella pneumoniae,Ceftriaxone,North Suburbs Health Zone,East District,2026-07,118,18,15.6,19.7,-4.1,15.8,2.5,-1.4,1,191,-19.4,0
OBS-00796,Staphylococcus aureus,Ciprofloxacin,North Suburbs Health Zone,East District,2026-03,123,42,33.8,17.3,16.5,19.0,7.0,5.35,5,922,-6.2,1
OBS-00797,Klebsiella pneumoniae,Vancomycin,North Suburbs Health Zone,Metro Central,2025-11,344,131,38.0,40.9,-2.9,40.8,2.0,-0.89,7,2618,3.0,0
OBS-00798,Enterococcus faecium,Ampicillin,Metro West Community Clinic,East District,2026-03,256,124,48.5,35.4,13.1,37.7,7.7,4.45,3,912,18.5,1
OBS-00799,Enterococcus faecium,Ciprofloxacin,North Suburbs Health Zone,Metro Central,2025-10,159,76,47.8,25.1,22.8,29.1,11.3,7.53,7,1169,17.8,1
OBS-00800,Enterococcus faecium,Gentamicin,Metro West Community Clinic,West District,2026-02,444,48,10.7,26.7,-16.0,22.2,7.5,-5.92,6,2868,-19.3,0
OBS-00801,Escherichia coli,Gentamicin,University Hospital Center,Metro Central,2026-01,188,43,23.0,22.3,0.8,21.1,1.9,0.47,8,1886,-17.0,0
OBS-00802,Acinetobacter baumannii,Meropenem,St. Jude General Hospital,East District,2026-05,525,393,74.8,52.5,22.4,57.0,10.4,7.53,3,1841,49.8,1
OBS-00803,Enterococcus faecium,Ampicillin,North Suburbs Health Zone,West District,2025-10,288,43,14.9,15.4,-0.6,14.2,2.1,-0.35,8,2457,-15.1,0
OBS-00804,Staphylococcus aureus,Ciprofloxacin,Eastside Medical Center,Metro Central,2025-11,465,127,27.3,28.5,-1.2,26.5,3.8,-0.24,7,3558,-12.7,0
OBS-00805,Acinetobacter baumannii,Colistin,St. Jude General Hospital,West District,2026-04,565,211,37.3,32.5,4.8,32.6,3.4,1.13,8,4872,12.3,0
OBS-00806,Staphylococcus aureus,Meropenem,Valley Health District,Metro Central,2026-06,472,190,40.2,35.9,4.3,37.4,2.5,0.93,1,817,0.2,0
OBS-00807,Enterococcus faecium,Ampicillin,North Suburbs Health Zone,Metro Central,2026-05,499,185,37.0,16.1,20.9,18.9,9.7,6.81,6,3267,7.0,1
OBS-00808,Pseudomonas aeruginosa,Ampicillin,University Hospital Center,Metro North,2026-07,519,134,25.8,21.5,4.3,21.9,2.9,1.3,6,3231,-4.2,0
OBS-00809,Staphylococcus aureus,Ampicillin,Valley Health District,East District,2026-05,252,94,37.1,41.7,-4.6,43.2,3.4,-1.2,3,950,-2.9,0
OBS-00810,Staphylococcus aureus,Meropenem,University Hospital Center,Metro North,2025-12,143,37,26.2,24.2,2.1,26.7,2.0,0.64,8,1406,-13.8,0
OBS-00811,Klebsiella pneumoniae,Meropenem,Metro West Community Clinic,Metro Central,2025-10,307,145,47.3,51.0,-3.7,49.7,3.7,-1.29,6,2074,12.3,0
OBS-00812,Acinetobacter baumannii,Ciprofloxacin,St. Jude General Hospital,East District,2026-04,272,74,27.3,32.0,-4.6,30.2,4.9,-1.64,2,655,2.3,0
OBS-00813,Pseudomonas aeruginosa,Vancomycin,Eastside Medical Center,Metro Central,2026-06,194,47,24.4,24.9,-0.6,24.3,3.5,-0.49,5,1283,-5.6,0
OBS-00814,Escherichia coli,Ampicillin,North Suburbs Health Zone,Metro Central,2025-11,82,47,57.0,37.3,19.7,40.0,10.1,7.18,2,473,17.0,1
OBS-00815,Pseudomonas aeruginosa,Meropenem,Valley Health District,East District,2026-09,558,239,42.9,44.3,-1.4,43.4,3.8,-0.91,8,4769,12.9,0
OBS-00816,Enterococcus faecium,Colistin,Eastside Medical Center,Metro North,2025-11,489,53,10.8,13.2,-2.4,14.5,4.2,-0.55,4,2218,-19.2,1
OBS-00817,Staphylococcus aureus,Colistin,Eastside Medical Center,Metro North,2025-11,421,200,47.5,48.1,-0.6,45.5,1.6,-0.08,5,2367,7.5,0
OBS-00818,Klebsiella pneumoniae,Vancomycin,Metro West Community Clinic,West District,2026-01,479,160,33.5,39.8,-6.3,37.2,5.6,-2.33,3,1698,-1.5,0
OBS-00819,Acinetobacter baumannii,Vancomycin,Valley Health District,East District,2025-10,189,22,11.6,9.0,2.6,9.2,3.2,1.14,8,1567,-13.4,0
OBS-00820,Escherichia coli,Ciprofloxacin,Eastside Medical Center,East District,2026-04,484,165,34.1,36.7,-2.6,33.3,4.0,-0.39,3,1533,-5.9,1
OBS-00821,Enterococcus faecium,Meropenem,Metro West Community Clinic,Metro Central,2026-08,469,100,21.3,20.6,0.8,21.6,3.1,0.44,5,2600,-8.7,0
OBS-00822,Pseudomonas aeruginosa,Gentamicin,Valley Health District,East District,2026-03,326,86,26.3,28.0,-1.7,27.5,2.5,-0.79,1,646,-3.7,0
OBS-00823,Staphylococcus aureus,Ampicillin,Valley Health District,Metro North,2026-06,393,200,50.9,53.3,-2.4,54.7,3.4,-0.57,8,3526,10.9,0
OBS-00824,Pseudomonas aeruginosa,Ciprofloxacin,St. Jude General Hospital,East District,2026-04,572,82,14.4,19.1,-4.8,18.5,3.3,-1.65,3,2042,-15.6,0
OBS-00825,Acinetobacter baumannii,Colistin,Metro West Community Clinic,East District,2026-08,63,33,51.8,54.6,-2.9,50.2,4.2,-0.22,3,253,26.8,0
OBS-00826,Pseudomonas aeruginosa,Meropenem,Eastside Medical Center,West District,2026-06,101,26,25.8,26.8,-1.0,24.2,1.5,-0.03,2,442,-4.2,0
OBS-00827,Escherichia coli,Ciprofloxacin,Valley Health District,Metro Central,2026-05,45,11,23.3,22.5,0.8,24.5,1.5,0.54,5,507,-16.7,0
OBS-00828,Enterococcus faecium,Ceftriaxone,Metro West Community Clinic,Metro North,2026-03,331,134,40.5,37.2,3.3,39.0,4.6,0.36,5,2046,10.5,0
OBS-00829,Enterococcus faecium,Meropenem,Valley Health District,West District,2026-06,147,44,30.1,31.9,-1.8,31.8,3.9,-0.74,4,805,0.1,0
OBS-00830,Pseudomonas aeruginosa,Ampicillin,St. Jude General Hospital,Metro North,2026-09,461,195,42.2,18.8,23.4,21.0,10.3,8.4,7,3318,12.2,1
OBS-00831,Klebsiella pneumoniae,Ampicillin,St. Jude General Hospital,East District,2026-08,571,213,37.3,33.9,3.4,35.4,2.5,1.3,7,4249,2.3,1
OBS-00832,Enterococcus faecium,Ampicillin,North Suburbs Health Zone,West District,2026-09,206,30,14.7,15.3,-0.7,15.7,2.8,0.5,7,1565,-15.3,0
OBS-00833,Staphylococcus aureus,Meropenem,Valley Health District,Metro Central,2026-09,506,180,35.6,23.0,12.6,24.6,6.1,4.65,4,2316,-4.4,0
OBS-00834,Escherichia coli,Ceftriaxone,North Suburbs Health Zone,Metro Central,2025-11,336,105,31.1,33.5,-2.4,35.9,4.2,-0.67,6,2086,-8.9,0
OBS-00835,Pseudomonas aeruginosa,Colistin,Eastside Medical Center,East District,2026-05,186,38,20.6,26.4,-5.7,25.5,2.9,-2.14,1,308,-9.4,0
OBS-00836,Pseudomonas aeruginosa,Colistin,University Hospital Center,Metro North,2026-09,42,12,29.2,27.9,1.3,25.3,2.8,-0.03,8,448,-0.8,0
OBS-00837,Escherichia coli,Ampicillin,North Suburbs Health Zone,East District,2026-07,385,154,40.1,34.8,5.3,33.6,5.3,1.91,8,3323,0.1,1
OBS-00838,Acinetobacter baumannii,Meropenem,University Hospital Center,West District,2026-05,192,120,62.6,39.9,22.7,42.5,10.5,7.72,8,1752,37.6,1
OBS-00839,Staphylococcus aureus,Meropenem,North Suburbs Health Zone,East District,2026-06,493,258,52.3,46.4,5.9,52.3,3.8,1.52,1,685,12.3,1
OBS-00840,Enterococcus faecium,Ciprofloxacin,Metro West Community Clinic,East District,2026-06,127,18,14.2,13.7,0.5,13.0,1.2,0.37,2,402,-15.8,0
OBS-00841,Escherichia coli,Ceftriaxone,Metro West Community Clinic,Metro North,2026-05,163,73,44.9,47.4,-2.5,44.4,3.2,-1.02,1,550,4.9,0
OBS-00842,Escherichia coli,Colistin,University Hospital Center,Metro North,2026-09,126,45,35.9,36.4,-0.5,36.3,1.9,0.16,8,1331,-4.1,0
OBS-00843,Escherichia coli,Ampicillin,St. Jude General Hospital,East District,2026-04,464,67,14.5,15.4,-0.9,17.7,2.4,-0.16,3,1454,-25.5,0
OBS-00844,Pseudomonas aeruginosa,Ciprofloxacin,St. Jude General Hospital,Metro Central,2026-06,332,197,59.4,44.1,15.3,47.8,7.5,4.8,3,1119,29.4,1
OBS-00845,Staphylococcus aureus,Gentamicin,University Hospital Center,Metro Central,2026-07,225,59,26.2,28.5,-2.3,27.1,3.0,-1.16,6,1413,-13.8,0
OBS-00846,Escherichia coli,Colistin,University Hospital Center,West District,2026-03,424,195,46.1,33.6,12.5,37.9,5.9,4.08,5,2231,6.1,1
OBS-00847,Klebsiella pneumoniae,Ampicillin,Metro West Community Clinic,West District,2025-11,102,33,32.7,32.8,-0.1,36.1,2.4,-0.6,5,722,-2.3,0
OBS-00848,Staphylococcus aureus,Ciprofloxacin,North Suburbs Health Zone,Metro North,2025-10,143,16,11.4,15.2,-3.7,14.0,2.4,-1.56,5,891,-28.6,0
OBS-00849,Klebsiella pneumoniae,Colistin,Metro West Community Clinic,West District,2026-05,552,315,57.0,54.0,3.0,55.9,3.1,0.43,2,1258,22.0,0
OBS-00850,Acinetobacter baumannii,Meropenem,University Hospital Center,West District,2026-06,82,44,54.0,54.2,-0.2,52.7,3.4,-0.53,8,706,29.0,0
OBS-00851,Acinetobacter baumannii,Colistin,Valley Health District,Metro North,2025-10,533,190,35.6,37.8,-2.2,37.6,3.0,-0.43,1,722,10.6,0
OBS-00852,Staphylococcus aureus,Colistin,Valley Health District,Metro North,2026-07,86,14,16.6,20.8,-4.1,20.2,3.6,-0.91,5,562,-23.4,0
OBS-00853,Pseudomonas aeruginosa,Ciprofloxacin,North Suburbs Health Zone,Metro Central,2025-12,482,124,25.7,24.2,1.6,23.4,3.2,0.61,5,2567,-4.3,0
OBS-00854,Pseudomonas aeruginosa,Gentamicin,Eastside Medical Center,East District,2026-09,319,91,28.7,26.0,2.7,26.9,3.8,0.5,8,2727,-1.3,0
OBS-00855,Klebsiella pneumoniae,Ampicillin,Metro West Community Clinic,East District,2025-10,42,20,47.0,47.6,-0.6,48.6,2.7,-0.09,3,487,12.0,0
OBS-00856,Enterococcus faecium,Meropenem,North Suburbs Health Zone,West District,2026-04,119,44,36.7,21.8,14.8,23.6,8.4,5.24,2,563,6.7,1
OBS-00857,Enterococcus faecium,Ciprofloxacin,Eastside Medical Center,West District,2026-07,436,135,31.0,34.0,-3.0,32.6,3.9,-1.62,6,2756,1.0,0
OBS-00858,Escherichia coli,Ciprofloxacin,North Suburbs Health Zone,East District,2026-01,49,14,29.5,30.8,-1.4,30.7,2.2,-0.94,8,555,-10.5,0
OBS-00859,Enterococcus faecium,Gentamicin,Eastside Medical Center,Metro North,2025-11,266,62,23.3,24.2,-0.8,23.5,3.2,0.4,5,1499,-6.7,0
OBS-00860,Escherichia coli,Colistin,North Suburbs Health Zone,Metro North,2025-10,445,96,21.5,16.7,4.8,17.3,4.9,1.63,4,1886,-18.5,0
OBS-00861,Staphylococcus aureus,Meropenem,Metro West Community Clinic,Metro North,2026-08,106,1,1.0,19.7,-18.7,17.7,7.7,-6.39,3,669,-39.0,0
OBS-00862,Acinetobacter baumannii,Vancomycin,University Hospital Center,East District,2026-01,585,242,41.3,39.7,1.7,40.8,2.1,0.5,1,949,16.3,0
OBS-00863,Staphylococcus aureus,Ciprofloxacin,North Suburbs Health Zone,Metro Central,2026-03,456,308,67.5,44.8,22.7,47.8,11.3,7.8,7,3382,27.5,1
OBS-00864,Acinetobacter baumannii,Vancomycin,St. Jude General Hospital,Metro North,2025-10,470,150,31.8,32.1,-0.3,32.2,2.0,-0.49,5,2672,6.8,1
OBS-00865,Klebsiella pneumoniae,Colistin,St. Jude General Hospital,Metro Central,2026-09,473,149,31.5,27.1,4.4,27.3,3.5,1.39,4,1980,-3.5,0
OBS-00866,Pseudomonas aeruginosa,Colistin,St. Jude General Hospital,Metro Central,2025-10,482,150,31.1,26.9,4.2,26.5,3.3,0.97,8,3918,1.1,0
OBS-00867,Pseudomonas aeruginosa,Vancomycin,Eastside Medical Center,Metro North,2025-11,284,111,39.2,41.9,-2.7,42.5,1.9,-1.0,8,2496,9.2,0
OBS-00868,Acinetobacter baumannii,Vancomycin,University Hospital Center,Metro Central,2026-07,137,24,17.7,19.1,-1.4,17.3,2.4,-0.42,8,1466,-7.3,0
OBS-00869,Escherichia coli,Ciprofloxacin,North Suburbs Health Zone,East District,2026-09,170,56,33.0,26.9,6.1,29.6,4.1,1.74,2,421,-7.0,0
OBS-00870,Pseudomonas aeruginosa,Ceftriaxone,Valley Health District,West District,2025-11,97,56,57.3,38.2,19.1,41.6,8.5,6.41,2,530,27.3,1
OBS-00871,Acinetobacter baumannii,Vancomycin,North Suburbs Health Zone,Metro North,2026-07,504,196,38.8,37.4,1.4,39.1,3.2,0.47,1,750,13.8,0
OBS-00872,Acinetobacter baumannii,Ceftriaxone,St. Jude General Hospital,East District,2026-08,504,266,52.9,51.4,1.5,51.5,2.6,0.94,1,818,27.9,0
OBS-00873,Escherichia coli,Ciprofloxacin,Metro West Community Clinic,Metro Central,2026-07,169,59,35.0,35.1,-0.1,34.3,3.2,0.06,4,1052,-5.0,0
OBS-00874,Staphylococcus aureus,Gentamicin,Metro West Community Clinic,West District,2025-12,180,73,40.5,20.8,19.7,24.7,8.8,6.47,4,792,0.5,1
OBS-00875,Enterococcus faecium,Vancomycin,Eastside Medical Center,East District,2026-07,190,54,28.5,27.6,1.0,29.6,1.3,0.34,3,860,-1.5,0
OBS-00876,Pseudomonas aeruginosa,Ciprofloxacin,Metro West Community Clinic,Metro North,2025-10,559,157,28.1,28.8,-0.7,25.9,3.4,-0.61,4,2572,-1.9,0
OBS-00877,Klebsiella pneumoniae,Meropenem,Valley Health District,Metro North,2025-11,233,72,30.8,32.0,-1.2,30.6,3.3,-1.02,6,1789,-4.2,0
OBS-00878,Staphylococcus aureus,Ceftriaxone,Valley Health District,East District,2026-07,346,92,26.6,28.1,-1.5,26.3,3.9,-1.03,6,2340,-13.4,0
OBS-00879,Escherichia coli,Ampicillin,University Hospital Center,Metro Central,2026-08,275,86,31.4,31.5,-0.1,32.9,2.8,0.08,4,1388,-8.6,0
OBS-00880,Enterococcus faecium,Vancomycin,Eastside Medical Center,West District,2026-01,228,41,18.2,20.9,-2.8,19.5,1.9,-0.97,7,1649,-11.8,0
OBS-00881,Escherichia coli,Ceftriaxone,St. Jude General Hospital,Metro North,2026-02,239,45,18.8,23.1,-4.4,25.2,2.4,-1.31,8,2285,-21.2,0
OBS-00882,Escherichia coli,Ciprofloxacin,University Hospital Center,Metro North,2026-02,264,102,38.8,34.1,4.7,31.4,3.7,1.92,3,976,-1.2,0
OBS-00883,Acinetobacter baumannii,Meropenem,University Hospital Center,Metro North,2025-10,308,185,60.0,35.4,24.5,42.0,11.9,7.54,3,1025,35.0,1
OBS-00884,Escherichia coli,Colistin,University Hospital Center,East District,2026-05,418,143,34.3,32.1,2.2,29.9,4.2,0.58,4,1912,-5.7,0
OBS-00885,Acinetobacter baumannii,Ampicillin,Valley Health District,Metro Central,2025-11,173,98,56.4,40.4,16.0,42.0,7.2,5.38,3,666,31.4,1
OBS-00886,Acinetobacter baumannii,Ampicillin,Valley Health District,Metro North,2025-10,588,198,33.7,31.7,1.9,27.8,2.2,0.4,4,2552,8.7,0
OBS-00887,Escherichia coli,Gentamicin,Eastside Medical Center,Metro North,2026-06,254,75,29.6,29.9,-0.4,30.5,2.5,-0.12,8,2123,-10.4,0
OBS-00888,Acinetobacter baumannii,Ciprofloxacin,University Hospital Center,West District,2026-08,550,277,50.3,43.6,6.7,44.2,5.1,3.03,6,3615,25.3,1
OBS-00889,Pseudomonas aeruginosa,Ceftriaxone,Valley Health District,West District,2026-09,525,206,39.3,43.2,-3.9,42.0,4.8,-1.3,8,4387,9.3,0
OBS-00890,Acinetobacter baumannii,Gentamicin,St. Jude General Hospital,Metro North,2026-01,502,227,45.2,49.8,-4.6,49.6,3.9,-1.47,4,2178,20.2,0
OBS-00891,Staphylococcus aureus,Ceftriaxone,University Hospital Center,East District,2026-02,177,102,57.9,53.2,4.7,53.2,2.9,0.94,2,447,17.9,0
OBS-00892,Klebsiella pneumoniae,Ceftriaxone,St. Jude General Hospital,West District,2026-06,476,150,31.4,26.2,5.2,26.7,3.9,1.88,6,3136,-3.6,0
OBS-00893,Staphylococcus aureus,Colistin,Eastside Medical Center,West District,2025-10,492,248,50.4,46.4,4.0,46.4,2.8,1.34,3,1645,10.4,1
OBS-00894,Escherichia coli,Colistin,Metro West Community Clinic,Metro Central,2026-02,140,6,4.0,19.7,-15.7,12.2,8.9,-5.0,4,670,-36.0,0
OBS-00895,Klebsiella pneumoniae,Gentamicin,Eastside Medical Center,East District,2026-02,235,117,49.7,48.8,0.9,49.3,3.5,-0.14,5,1534,14.7,0
OBS-00896,Enterococcus faecium,Gentamicin,Metro West Community Clinic,East District,2025-10,328,133,40.4,38.1,2.4,37.4,2.9,0.7,5,1867,10.4,0
OBS-00897,Staphylococcus aureus,Vancomycin,Metro West Community Clinic,Metro Central,2026-05,447,184,41.2,42.0,-0.8,43.0,3.7,-0.38,3,1507,1.2,0
OBS-00898,Staphylococcus aureus,Meropenem,Metro West Community Clinic,West District,2026-09,388,21,5.5,7.3,-1.9,9.9,2.2,-0.52,8,3197,-34.5,0
OBS-00899,Enterococcus faecium,Ampicillin,University Hospital Center,West District,2026-05,423,94,22.3,23.9,-1.6,21.6,2.7,-0.97,1,544,-7.7,0
OBS-00900,Enterococcus faecium,Ciprofloxacin,North Suburbs Health Zone,East District,2026-03,469,71,15.1,16.9,-1.9,14.6,3.0,-1.48,4,2143,-14.9,0
OBS-00901,Enterococcus faecium,Ceftriaxone,Eastside Medical Center,East District,2026-07,72,39,54.8,34.3,20.5,39.8,8.2,6.65,1,193,24.8,1
OBS-00902,Enterococcus faecium,Vancomycin,Metro West Community Clinic,West District,2026-04,440,141,32.0,26.5,5.5,28.5,3.3,1.78,4,1842,2.0,1
OBS-00903,Escherichia coli,Colistin,Metro West Community Clinic,West District,2026-08,135,77,56.7,41.6,15.0,46.5,7.5,4.39,5,812,16.7,0
OBS-00904,Enterococcus faecium,Ceftriaxone,North Suburbs Health Zone,Metro Central,2025-12,111,22,19.8,21.9,-2.2,20.4,2.7,-1.01,4,691,-10.2,0
OBS-00905,Enterococcus faecium,Ceftriaxone,St. Jude General Hospital,West District,2025-10,570,196,34.3,17.2,17.1,21.7,7.8,5.45,6,3475,4.3,1
OBS-00906,Klebsiella pneumoniae,Ciprofloxacin,University Hospital Center,West District,2026-05,438,255,58.3,45.3,13.0,46.2,6.7,3.98,2,1031,23.3,1
OBS-00907,Enterococcus faecium,Gentamicin,North Suburbs Health Zone,Metro North,2026-07,247,75,30.5,29.0,1.5,28.7,3.2,0.9,5,1542,0.5,0
OBS-00908,Klebsiella pneumoniae,Ciprofloxacin,University Hospital Center,West District,2025-11,292,98,33.6,34.0,-0.4,31.4,2.8,-0.5,7,2363,-1.4,0
OBS-00909,Staphylococcus aureus,Ampicillin,North Suburbs Health Zone,Metro Central,2026-09,334,82,24.7,20.8,3.8,20.7,3.3,1.63,2,1048,-15.3,0
OBS-00910,Enterococcus faecium,Vancomycin,Valley Health District,East District,2026-04,465,271,58.3,32.5,25.8,39.3,10.4,9.03,3,1572,28.3,1
OBS-00911,Staphylococcus aureus,Gentamicin,University Hospital Center,Metro Central,2026-04,285,145,50.9,49.2,1.7,51.9,2.1,-0.26,1,415,10.9,0
OBS-00912,Pseudomonas aeruginosa,Gentamicin,St. Jude General Hospital,Metro North,2026-05,164,4,2.4,22.5,-20.1,18.7,9.5,-6.32,7,1386,-27.6,0
OBS-00913,Pseudomonas aeruginosa,Ampicillin,North Suburbs Health Zone,Metro North,2026-02,558,112,20.1,19.8,0.3,19.8,1.7,-0.53,4,2304,-9.9,0
OBS-00914,Enterococcus faecium,Gentamicin,Valley Health District,West District,2026-04,448,92,20.6,25.1,-4.5,22.5,3.6,-1.84,6,2837,-9.4,1
OBS-00915,Escherichia coli,Gentamicin,University Hospital Center,East District,2026-08,536,261,48.7,35.2,13.5,39.0,7.6,4.74,8,4574,8.7,1
OBS-00916,Staphylococcus aureus,Meropenem,North Suburbs Health Zone,East District,2025-12,58,30,51.8,38.2,13.6,42.4,7.1,4.71,3,534,11.8,1
OBS-00917,Staphylococcus aureus,Meropenem,St. Jude General Hospital,Metro Central,2026-08,197,60,30.4,22.8,7.5,23.6,5.2,2.51,5,1260,-9.6,0
OBS-00918,Escherichia coli,Gentamicin,Metro West Community Clinic,Metro North,2026-05,575,163,28.4,31.0,-2.6,31.1,2.1,-1.59,1,953,-11.6,0
OBS-00919,Escherichia coli,Ampicillin,Valley Health District,East District,2026-05,44,19,42.4,40.0,2.5,36.9,2.0,1.65,1,118,2.4,1
OBS-00920,Klebsiella pneumoniae,Colistin,University Hospital Center,Metro North,2025-11,471,228,48.4,46.9,1.5,47.8,1.5,0.94,1,535,13.4,0
OBS-00921,Klebsiella pneumoniae,Gentamicin,Valley Health District,Metro Central,2026-01,211,100,47.6,31.9,15.6,34.4,7.3,5.26,2,557,12.6,1
OBS-00922,Pseudomonas aeruginosa,Ceftriaxone,Valley Health District,Metro North,2026-07,594,188,31.7,29.7,2.0,31.3,1.8,0.31,4,2628,1.7,0
OBS-00923,Klebsiella pneumoniae,Ciprofloxacin,Eastside Medical Center,East District,2025-12,451,193,42.8,47.5,-4.7,48.4,5.1,-1.93,1,835,7.8,0
OBS-00924,Staphylococcus aureus,Meropenem,St. Jude General Hospital,East District,2026-08,84,19,22.4,18.4,4.0,20.6,4.5,1.87,6,588,-17.6,0
OBS-00925,Acinetobacter baumannii,Ampicillin,St. Jude General Hospital,Metro North,2026-02,372,196,52.6,51.2,1.4,50.2,3.9,0.42,2,1117,27.6,0
OBS-00926,Enterococcus faecium,Meropenem,Eastside Medical Center,Metro North,2026-08,533,168,31.6,31.8,-0.2,31.2,3.1,-0.22,6,3282,1.6,0
OBS-00927,Acinetobacter baumannii,Ampicillin,North Suburbs Health Zone,Metro North,2026-06,278,157,56.3,56.5,-0.2,55.5,2.1,0.01,1,338,31.3,0
OBS-00928,Pseudomonas aeruginosa,Meropenem,Valley Health District,West District,2026-01,101,31,31.0,29.9,1.1,27.2,1.4,0.34,2,322,1.0,0
OBS-00929,Klebsiella pneumoniae,Ampicillin,University Hospital Center,Metro Central,2026-01,376,123,32.8,40.3,-7.5,38.3,5.3,-2.0,8,3126,-2.2,0
OBS-00930,Escherichia coli,Ceftriaxone,North Suburbs Health Zone,East District,2025-10,379,139,36.6,39.6,-3.0,37.3,2.2,-1.13,4,1741,-3.4,0
OBS-00931,Enterococcus faecium,Meropenem,Valley Health District,Metro North,2026-07,573,265,46.2,25.9,20.4,27.3,8.1,5.91,7,4225,16.2,1
OBS-00932,Staphylococcus aureus,Ciprofloxacin,University Hospital Center,Metro Central,2026-08,249,143,57.4,41.9,15.4,45.8,7.3,5.26,3,861,17.4,1
OBS-00933,Klebsiella pneumoniae,Meropenem,Metro West Community Clinic,Metro Central,2026-04,358,78,21.7,22.2,-0.5,23.9,1.9,-0.52,8,2998,-13.3,0
OBS-00934,Klebsiella pneumoniae,Ceftriaxone,University Hospital Center,East District,2026-02,246,101,40.9,39.0,1.9,41.6,2.0,0.44,8,2157,5.9,0
OBS-00935,Pseudomonas aeruginosa,Ampicillin,North Suburbs Health Zone,Metro North,2026-05,472,103,21.7,21.1,0.6,20.3,3.3,0.71,8,4084,-8.3,0
OBS-00936,Klebsiella pneumoniae,Vancomycin,North Suburbs Health Zone,Metro Central,2026-04,125,46,37.0,40.9,-3.8,38.1,3.7,-0.97,7,1078,2.0,0
OBS-00937,Enterococcus faecium,Meropenem,Eastside Medical Center,West District,2026-05,504,211,41.8,36.2,5.7,38.1,4.6,1.67,5,2715,11.8,1
OBS-00938,Escherichia coli,Colistin,University Hospital Center,West District,2026-01,234,85,36.5,22.7,13.8,26.1,7.9,4.28,3,754,-3.5,0
OBS-00939,Staphylococcus aureus,Ampicillin,North Suburbs Health Zone,West District,2026-09,433,142,32.8,31.3,1.6,32.1,3.0,1.05,6,2898,-7.2,0
OBS-00940,Escherichia coli,Ampicillin,St. Jude General Hospital,Metro Central,2026-04,238,98,41.3,37.7,3.6,39.3,2.8,1.38,3,987,1.3,1
OBS-00941,Enterococcus faecium,Colistin,Metro West Community Clinic,West District,2026-08,99,18,17.7,13.8,3.9,12.8,4.1,1.41,6,977,-12.3,0
OBS-00942,Klebsiella pneumoniae,Meropenem,North Suburbs Health Zone,Metro Central,2026-03,191,58,30.6,32.7,-2.1,33.5,2.1,-0.7,1,374,-4.4,0
OBS-00943,Klebsiella pneumoniae,Colistin,University Hospital Center,Metro North,2025-10,134,54,40.4,42.2,-1.8,43.2,1.8,-0.6,2,647,5.4,0
OBS-00944,Enterococcus faecium,Ceftriaxone,St. Jude General Hospital,Metro North,2026-04,477,84,17.7,15.1,2.6,16.3,3.3,0.51,3,1610,-12.3,0
OBS-00945,Acinetobacter baumannii,Gentamicin,North Suburbs Health Zone,East District,2026-09,131,44,33.9,29.9,4.0,27.5,4.9,0.86,7,1022,8.9,0
OBS-00946,Pseudomonas aeruginosa,Vancomycin,University Hospital Center,East District,2026-09,447,151,33.7,16.8,17.0,18.6,8.3,5.79,4,1995,3.7,1
OBS-00947,Escherichia coli,Ciprofloxacin,Valley Health District,West District,2026-06,335,155,46.2,30.5,15.7,34.7,6.8,5.34,7,2615,6.2,1
OBS-00948,Klebsiella pneumoniae,Ampicillin,University Hospital Center,Metro Central,2026-05,230,144,62.7,37.5,25.2,43.3,11.4,8.03,4,1072,27.7,1
OBS-00949,Pseudomonas aeruginosa,Vancomycin,North Suburbs Health Zone,West District,2026-08,210,39,18.5,20.3,-1.8,19.5,1.8,-0.67,2,510,-11.5,0
OBS-00950,Pseudomonas aeruginosa,Ciprofloxacin,Eastside Medical Center,Metro Central,2026-07,529,87,16.4,17.7,-1.3,18.0,1.6,-0.89,4,2414,-13.6,0
OBS-00951,Escherichia coli,Colistin,St. Jude General Hospital,Metro Central,2025-11,574,237,41.2,36.3,4.9,35.4,4.0,2.11,4,2349,1.2,1
OBS-00952,Pseudomonas aeruginosa,Ampicillin,North Suburbs Health Zone,East District,2026-07,384,113,29.5,34.2,-4.7,34.4,2.6,-1.18,7,2927,-0.5,0
OBS-00953,Pseudomonas aeruginosa,Vancomycin,University Hospital Center,East District,2026-08,427,188,44.1,24.1,20.0,28.9,9.6,6.32,7,3351,14.1,1
OBS-00954,Escherichia coli,Ciprofloxacin,North Suburbs Health Zone,West District,2026-09,66,31,46.5,23.3,23.2,29.1,9.2,7.78,3,556,6.5,1
OBS-00955,Klebsiella pneumoniae,Colistin,North Suburbs Health Zone,West District,2026-06,232,103,44.4,38.9,5.5,37.9,3.9,1.1,7,1675,9.4,0
OBS-00956,Pseudomonas aeruginosa,Ciprofloxacin,Valley Health District,East District,2025-10,494,107,21.7,20.2,1.5,21.4,2.0,0.45,6,3133,-8.3,0
OBS-00957,Acinetobacter baumannii,Vancomycin,St. Jude General Hospital,East District,2026-04,142,52,36.6,35.6,1.0,36.9,3.1,0.68,8,1383,11.6,0
OBS-00958,Klebsiella pneumoniae,Vancomycin,Metro West Community Clinic,Metro Central,2025-12,129,36,28.3,28.3,-0.1,27.9,2.5,0.08,8,1236,-6.7,0
OBS-00959,Staphylococcus aureus,Meropenem,North Suburbs Health Zone,Metro Central,2026-05,289,120,41.6,26.3,15.3,27.8,7.8,5.79,4,1314,1.6,1
OBS-00960,Escherichia coli,Ampicillin,Valley Health District,Metro Central,2025-12,432,137,31.8,30.0,1.7,29.4,3.2,0.23,6,2785,-8.2,0
OBS-00961,Staphylococcus aureus,Gentamicin,St. Jude General Hospital,Metro North,2026-06,132,63,47.7,47.4,0.2,46.6,1.6,-0.05,8,1276,7.7,0
OBS-00962,Acinetobacter baumannii,Ciprofloxacin,Valley Health District,East District,2026-04,487,184,37.8,33.5,4.3,34.0,5.0,1.17,7,3578,12.8,0
OBS-00963,Escherichia coli,Ciprofloxacin,St. Jude General Hospital,East District,2026-09,158,46,29.2,22.6,6.6,23.0,3.3,2.53,4,975,-10.8,0
OBS-00964,Staphylococcus aureus,Ceftriaxone,Valley Health District,Metro Central,2026-02,588,232,39.4,38.7,0.7,40.7,2.2,0.23,1,735,-0.6,0
OBS-00965,Pseudomonas aeruginosa,Vancomycin,Eastside Medical Center,Metro North,2026-06,149,71,47.6,33.2,14.4,37.4,6.8,4.55,4,848,17.6,1
OBS-00966,Pseudomonas aeruginosa,Vancomycin,University Hospital Center,West District,2026-08,190,54,28.7,26.6,2.1,23.7,4.2,1.24,8,1877,-1.3,0
OBS-00967,Enterococcus faecium,Ciprofloxacin,Metro West Community Clinic,East District,2026-02,320,93,29.1,24.1,5.0,24.7,4.2,1.58,2,983,-0.9,0
OBS-00968,Staphylococcus aureus,Colistin,Valley Health District,West District,2025-10,196,92,47.2,41.2,5.9,44.4,4.0,1.67,6,1333,7.2,1
OBS-00969,Klebsiella pneumoniae,Gentamicin,Valley Health District,Metro Central,2025-12,441,125,28.4,31.3,-2.9,32.5,3.2,-0.39,8,3731,-6.6,0
OBS-00970,Klebsiella pneumoniae,Ciprofloxacin,Metro West Community Clinic,West District,2026-03,524,174,33.3,32.9,0.4,32.5,2.2,0.04,7,3896,-1.7,0
OBS-00971,Acinetobacter baumannii,Gentamicin,Eastside Medical Center,East District,2026-09,443,248,56.0,38.1,17.9,41.0,9.0,6.66,4,1871,31.0,1
OBS-00972,Escherichia coli,Vancomycin,Valley Health District,East District,2026-05,180,64,35.6,37.4,-1.8,35.0,2.1,-0.43,3,816,-4.4,0
OBS-00973,Klebsiella pneumoniae,Meropenem,University Hospital Center,Metro North,2026-09,410,274,66.8,49.0,17.8,53.2,7.7,6.09,1,754,31.8,1
OBS-00974,Staphylococcus aureus,Ampicillin,Valley Health District,Metro North,2025-10,404,88,21.8,40.1,-18.3,34.2,8.9,-6.12,2,1100,-18.2,0
OBS-00975,Enterococcus faecium,Colistin,Metro West Community Clinic,West District,2025-12,290,83,28.8,8.9,19.9,8.6,10.2,6.54,7,2097,-1.2,1
OBS-00976,Acinetobacter baumannii,Meropenem,Valley Health District,West District,2026-09,514,279,54.3,51.9,2.4,54.8,3.0,0.74,2,1410,29.3,0
OBS-00977,Staphylococcus aureus,Colistin,St. Jude General Hospital,Metro Central,2025-11,164,24,14.7,13.5,1.2,13.5,2.1,0.42,2,628,-25.3,0
OBS-00978,Klebsiella pneumoniae,Ciprofloxacin,Metro West Community Clinic,West District,2026-02,225,106,46.9,44.2,2.7,48.0,2.1,0.58,2,696,11.9,0
OBS-00979,Staphylococcus aureus,Colistin,Metro West Community Clinic,Metro North,2025-11,105,50,47.7,27.0,20.7,33.4,8.6,6.79,6,955,7.7,0
OBS-00980,Acinetobacter baumannii,Vancomycin,Metro West Community Clinic,West District,2025-11,252,78,30.9,34.8,-3.9,34.3,3.3,-1.14,2,891,5.9,0
OBS-00981,Acinetobacter baumannii,Gentamicin,University Hospital Center,Metro Central,2026-06,361,199,55.2,29.4,25.8,34.6,11.6,8.86,8,3000,30.2,1
OBS-00982,Escherichia coli,Ceftriaxone,Eastside Medical Center,Metro Central,2025-11,558,116,20.8,18.9,1.9,17.7,2.1,1.01,2,1318,-19.2,0
OBS-00983,Staphylococcus aureus,Gentamicin,St. Jude General Hospital,Metro North,2026-02,571,243,42.6,38.8,3.8,41.9,4.5,1.17,1,771,2.6,0
OBS-00984,Acinetobacter baumannii,Ampicillin,Valley Health District,East District,2026-06,591,222,37.6,32.2,5.3,32.3,4.5,1.5,6,3857,12.6,1
OBS-00985,Escherichia coli,Meropenem,St. Jude General Hospital,Metro North,2025-12,260,62,24.0,26.0,-2.1,23.2,2.2,-0.73,5,1418,-16.0,0
OBS-00986,Pseudomonas aeruginosa,Colistin,University Hospital Center,West District,2025-11,306,93,30.5,26.9,3.5,28.4,2.4,1.34,5,1775,0.5,1
OBS-00987,Staphylococcus aureus,Ciprofloxacin,Eastside Medical Center,West District,2026-09,588,262,44.5,23.9,20.6,28.2,8.8,6.68,3,1918,4.5,1
OBS-00988,Enterococcus faecium,Gentamicin,University Hospital Center,East District,2026-07,469,156,33.3,35.3,-2.0,34.3,4.1,-0.17,3,1535,3.3,0
OBS-00989,Staphylococcus aureus,Ciprofloxacin,Metro West Community Clinic,Metro North,2025-11,167,110,65.7,46.9,18.8,49.9,9.8,6.02,5,1157,25.7,1
OBS-00990,Enterococcus faecium,Ciprofloxacin,Eastside Medical Center,East District,2026-02,271,144,53.0,29.7,23.3,33.7,11.5,8.07,3,1003,23.0,1
OBS-00991,Staphylococcus aureus,Ciprofloxacin,St. Jude General Hospital,Metro North,2026-06,541,341,63.0,58.7,4.3,60.6,4.1,1.48,5,2803,23.0,1
OBS-00992,Pseudomonas aeruginosa,Ceftriaxone,Eastside Medical Center,Metro Central,2025-10,365,101,27.7,8.7,19.0,15.7,7.6,6.35,3,1344,-2.3,1
OBS-00993,Acinetobacter baumannii,Ceftriaxone,Metro West Community Clinic,West District,2026-05,305,176,57.9,58.0,-0.1,60.3,1.2,-0.45,3,969,32.9,0
OBS-00994,Enterococcus faecium,Meropenem,University Hospital Center,West District,2026-07,94,28,30.0,28.8,1.2,30.5,1.6,0.41,5,847,0.0,0
OBS-00995,Klebsiella pneumoniae,Gentamicin,Metro West Community Clinic,West District,2026-09,227,101,44.4,43.6,0.9,42.8,1.8,0.51,8,2090,9.4,0
OBS-00996,Acinetobacter baumannii,Colistin,Eastside Medical Center,West District,2026-06,352,152,43.2,43.0,0.2,43.6,2.1,-0.15,4,1783,18.2,0
OBS-00997,Staphylococcus aureus,Vancomycin,Eastside Medical Center,Metro Central,2026-08,118,49,41.8,34.6,7.2,39.1,3.6,2.84,2,408,1.8,1
OBS-00998,Escherichia coli,Ciprofloxacin,Valley Health District,East District,2026-06,50,15,29.3,29.9,-0.6,29.2,3.4,-0.04,8,667,-10.7,0
OBS-00999,Klebsiella pneumoniae,Ampicillin,North Suburbs Health Zone,Metro Central,2026-04,234,76,32.5,31.4,1.1,30.4,2.1,0.1,1,287,-2.5,0
OBS-01000,Enterococcus faecium,Colistin,University Hospital Center,Metro Central,2026-07,212,56,26.5,30.8,-4.2,30.9,4.2,-1.3,8,2091,-3.5,0
OBS-01001,Klebsiella pneumoniae,Meropenem,St. Jude General Hospital,East District,2025-12,92,44,47.7,48.2,-0.5,46.6,1.4,0.25,6,818,12.7,0
OBS-01002,Escherichia coli,Colistin,Valley Health District,Metro North,2026-06,337,130,38.6,38.4,0.3,37.0,3.1,0.11,2,877,-1.4,0
OBS-01003,Escherichia coli,Gentamicin,Valley Health District,West District,2026-01,567,217,38.3,37.9,0.4,38.9,2.0,0.12,5,2903,-1.7,0
OBS-01004,Staphylococcus aureus,Ciprofloxacin,Eastside Medical Center,Metro Central,2026-07,376,153,40.8,44.4,-3.6,38.9,4.3,-1.34,8,3210,0.8,1
OBS-01005,Enterococcus faecium,Meropenem,North Suburbs Health Zone,East District,2025-10,481,245,51.0,34.3,16.7,41.8,7.3,5.44,2,1263,21.0,1
OBS-01006,Staphylococcus aureus,Ciprofloxacin,North Suburbs Health Zone,Metro Central,2025-12,271,93,34.5,29.2,5.3,29.2,3.3,1.64,5,1645,-5.5,0
OBS-01007,Staphylococcus aureus,Meropenem,Metro West Community Clinic,East District,2025-11,489,210,43.0,28.6,14.4,31.9,7.1,4.99,8,4044,3.0,0
OBS-01008,Enterococcus faecium,Meropenem,St. Jude General Hospital,Metro North,2026-02,176,4,2.4,9.4,-7.0,9.1,4.5,-2.37,1,428,-27.6,0
OBS-01009,Escherichia coli,Meropenem,Valley Health District,Metro North,2026-05,161,52,32.2,35.0,-2.8,33.2,3.0,-1.23,5,1070,-7.8,0
OBS-01010,Enterococcus faecium,Gentamicin,University Hospital Center,East District,2026-04,174,62,35.4,30.2,5.2,30.6,3.5,1.18,7,1324,5.4,0
OBS-01011,Klebsiella pneumoniae,Meropenem,Eastside Medical Center,Metro Central,2026-08,93,37,40.0,41.0,-1.0,41.4,3.5,0.19,4,769,5.0,0
OBS-01012,Acinetobacter baumannii,Gentamicin,St. Jude General Hospital,West District,2026-05,328,150,45.7,29.3,16.5,32.5,6.8,4.97,5,1938,20.7,1
OBS-01013,Enterococcus faecium,Ceftriaxone,University Hospital Center,Metro North,2026-02,309,79,25.5,24.5,1.0,24.8,1.9,0.65,2,794,-4.5,0
OBS-01014,Staphylococcus aureus,Gentamicin,St. Jude General Hospital,Metro North,2026-01,274,44,16.2,42.1,-25.8,38.8,10.5,-8.75,3,933,-23.8,0
OBS-01015,Klebsiella pneumoniae,Ampicillin,St. Jude General Hospital,Metro North,2025-11,429,171,39.8,39.5,0.4,41.8,1.8,-0.05,1,687,4.8,0
OBS-01016,Klebsiella pneumoniae,Meropenem,Eastside Medical Center,West District,2026-05,562,199,35.3,30.4,4.9,30.4,4.0,1.55,1,830,0.3,1
OBS-01017,Pseudomonas aeruginosa,Colistin,Eastside Medical Center,East District,2026-09,292,55,18.8,17.9,0.9,19.0,3.3,-0.57,7,2257,-11.2,0
OBS-01018,Escherichia coli,Ciprofloxacin,Valley Health District,East District,2026-01,523,136,26.0,27.8,-1.8,28.1,2.8,0.34,5,2808,-14.0,0
OBS-01019,Klebsiella pneumoniae,Colistin,North Suburbs Health Zone,East District,2026-03,154,56,36.2,35.6,0.6,36.7,2.5,0.55,5,869,1.2,0
OBS-01020,Klebsiella pneumoniae,Colistin,Eastside Medical Center,East District,2026-09,283,136,48.1,47.5,0.7,47.4,1.5,-0.19,6,2080,13.1,0
OBS-01021,Escherichia coli,Ciprofloxacin,University Hospital Center,Metro Central,2025-10,237,49,20.8,25.4,-4.6,23.4,3.7,-1.46,4,1226,-19.2,0
OBS-01022,Acinetobacter baumannii,Ceftriaxone,Eastside Medical Center,East District,2026-09,246,94,38.4,37.6,0.7,37.0,1.2,0.25,8,2291,13.4,0
OBS-01023,Klebsiella pneumoniae,Ampicillin,Metro West Community Clinic,East District,2026-06,414,248,59.9,50.6,9.3,54.1,4.5,2.86,6,2763,24.9,1
OBS-01024,Staphylococcus aureus,Ciprofloxacin,North Suburbs Health Zone,West District,2026-06,210,28,13.3,17.8,-4.5,17.6,2.7,-1.27,1,566,-26.7,0
OBS-01025,Pseudomonas aeruginosa,Ciprofloxacin,Metro West Community Clinic,Metro Central,2026-09,447,123,27.5,29.9,-2.4,28.8,2.0,-0.4,4,2091,-2.5,0
OBS-01026,Escherichia coli,Meropenem,North Suburbs Health Zone,West District,2026-06,450,181,40.2,43.0,-2.8,43.1,2.4,-1.1,7,3510,0.2,0
OBS-01027,Klebsiella pneumoniae,Ceftriaxone,University Hospital Center,Metro Central,2026-06,555,244,43.9,43.0,0.9,42.5,2.2,0.39,8,4758,8.9,0
OBS-01028,Pseudomonas aeruginosa,Gentamicin,Eastside Medical Center,Metro Central,2025-12,86,24,27.4,30.1,-2.7,27.7,2.8,-0.9,4,667,-2.6,1
OBS-01029,Klebsiella pneumoniae,Colistin,University Hospital Center,East District,2025-10,255,115,45.2,31.4,13.7,31.6,7.7,4.12,4,1343,10.2,1
OBS-01030,Pseudomonas aeruginosa,Colistin,St. Jude General Hospital,East District,2026-09,458,106,23.1,21.5,1.5,19.8,1.7,-0.08,3,1737,-6.9,0
OBS-01031,Enterococcus faecium,Vancomycin,St. Jude General Hospital,East District,2026-01,220,74,33.6,30.2,3.4,30.1,2.3,0.67,5,1281,3.6,0
OBS-01032,Acinetobacter baumannii,Ciprofloxacin,Valley Health District,West District,2026-08,251,76,30.3,29.0,1.3,31.3,3.7,-0.31,5,1531,5.3,0
OBS-01033,Acinetobacter baumannii,Gentamicin,North Suburbs Health Zone,Metro North,2026-05,484,206,42.6,25.3,17.3,29.1,9.1,6.31,4,2174,17.6,1
OBS-01034,Staphylococcus aureus,Meropenem,University Hospital Center,Metro North,2026-07,224,115,51.5,45.5,6.0,47.2,4.9,1.54,8,2173,11.5,1
OBS-01035,Klebsiella pneumoniae,Vancomycin,North Suburbs Health Zone,Metro North,2025-11,113,50,44.1,41.6,2.5,43.5,1.9,0.32,3,607,9.1,0
OBS-01036,Staphylococcus aureus,Ciprofloxacin,Valley Health District,Metro North,2026-09,142,46,32.3,28.3,4.0,25.8,3.9,1.72,1,385,-7.7,0
OBS-01037,Escherichia coli,Vancomycin,Valley Health District,Metro Central,2025-12,125,63,50.8,35.8,15.0,38.8,8.7,5.49,4,687,10.8,0
OBS-01038,Escherichia coli,Vancomycin,St. Jude General Hospital,East District,2026-09,247,69,27.8,29.7,-1.9,27.2,4.0,-0.12,2,615,-12.2,0
OBS-01039,Staphylococcus aureus,Vancomycin,University Hospital Center,East District,2026-03,198,102,51.3,31.0,20.3,34.0,9.7,6.47,8,1758,11.3,1
OBS-01040,Escherichia coli,Ciprofloxacin,St. Jude General Hospital,Metro Central,2026-06,145,29,20.2,21.3,-1.1,21.7,3.4,0.24,5,1036,-19.8,0
OBS-01041,Escherichia coli,Meropenem,St. Jude General Hospital,Metro North,2026-04,190,61,31.9,34.9,-3.0,35.3,3.4,-1.08,7,1560,-8.1,0
OBS-01042,Enterococcus faecium,Ampicillin,Valley Health District,Metro Central,2026-05,152,90,59.0,33.5,25.5,36.9,10.8,8.44,3,620,29.0,1
OBS-01043,Acinetobacter baumannii,Colistin,St. Jude General Hospital,East District,2025-11,194,74,38.0,36.8,1.3,36.0,3.2,0.34,1,335,13.0,0
OBS-01044,Klebsiella pneumoniae,Gentamicin,North Suburbs Health Zone,Metro North,2026-08,333,154,46.1,48.3,-2.2,46.8,3.7,-1.87,5,1893,11.1,0
OBS-01045,Staphylococcus aureus,Gentamicin,Eastside Medical Center,East District,2026-09,42,5,10.8,17.9,-7.1,14.3,4.7,-2.92,2,210,-29.2,0
OBS-01046,Klebsiella pneumoniae,Ampicillin,North Suburbs Health Zone,West District,2025-11,477,249,52.2,32.9,19.3,38.5,9.4,6.06,2,1146,17.2,1
OBS-01047,Staphylococcus aureus,Colistin,Eastside Medical Center,West District,2026-04,463,89,19.2,18.5,0.7,19.0,2.6,0.14,8,4062,-20.8,0
OBS-01048,Enterococcus faecium,Meropenem,North Suburbs Health Zone,West District,2026-06,591,156,26.4,25.6,0.9,29.3,2.6,0.03,8,5051,-3.6,0
OBS-01049,Klebsiella pneumoniae,Ampicillin,St. Jude General Hospital,West District,2026-06,129,42,32.9,35.8,-2.9,31.6,2.0,-0.68,4,686,-2.1,0
OBS-01050,Escherichia coli,Colistin,Metro West Community Clinic,West District,2025-12,101,61,59.9,56.9,3.0,56.2,2.3,0.93,2,430,19.9,0
OBS-01051,Klebsiella pneumoniae,Colistin,North Suburbs Health Zone,Metro North,2026-06,288,61,21.2,24.4,-3.2,22.5,3.7,-0.65,7,2173,-13.8,0
OBS-01052,Klebsiella pneumoniae,Ciprofloxacin,Valley Health District,Metro North,2026-04,474,119,25.0,42.9,-17.8,39.0,9.7,-6.06,1,714,-10.0,0
OBS-01053,Staphylococcus aureus,Vancomycin,Metro West Community Clinic,Metro North,2025-10,414,153,37.1,49.2,-12.1,47.9,6.4,-4.0,3,1364,-2.9,0
OBS-01054,Staphylococcus aureus,Meropenem,University Hospital Center,West District,2026-09,580,97,16.7,23.9,-7.2,25.5,5.9,-2.59,3,1943,-23.3,0
OBS-01055,Staphylococcus aureus,Vancomycin,Valley Health District,Metro Central,2026-02,199,54,26.9,32.3,-5.4,30.9,4.0,-0.89,2,478,-13.1,1
OBS-01056,Klebsiella pneumoniae,Ceftriaxone,University Hospital Center,Metro Central,2026-04,505,112,22.2,25.7,-3.4,24.3,3.4,-0.94,7,3868,-12.8,0
OBS-01057,Acinetobacter baumannii,Ceftriaxone,Eastside Medical Center,Metro North,2026-04,318,159,49.9,47.9,2.0,48.0,4.0,0.96,3,1051,24.9,0
OBS-01058,Klebsiella pneumoniae,Gentamicin,University Hospital Center,West District,2026-07,264,182,68.9,43.4,25.6,48.8,11.2,8.89,1,514,33.9,1
OBS-01059,Escherichia coli,Vancomycin,Valley Health District,West District,2026-05,454,315,69.3,49.5,19.8,52.4,9.7,6.8,6,2968,29.3,1
OBS-01060,Klebsiella pneumoniae,Colistin,St. Jude General Hospital,Metro Central,2025-11,383,79,20.7,21.1,-0.4,19.8,3.0,-0.14,6,2362,-14.3,0
OBS-01061,Escherichia coli,Ciprofloxacin,University Hospital Center,Metro Central,2026-02,246,38,15.5,17.6,-2.1,14.3,3.8,-0.41,4,1360,-24.5,0
OBS-01062,Escherichia coli,Ceftriaxone,Metro West Community Clinic,Metro Central,2026-07,86,31,36.2,34.8,1.4,34.7,1.5,0.34,8,762,-3.8,0
OBS-01063,Escherichia coli,Colistin,Eastside Medical Center,West District,2026-06,362,140,38.6,37.9,0.7,35.1,3.6,0.18,4,1698,-1.4,0
OBS-01064,Enterococcus faecium,Gentamicin,St. Jude General Hospital,East District,2026-04,554,253,45.6,21.6,24.0,24.5,10.3,7.82,2,1234,15.6,1
OBS-01065,Escherichia coli,Colistin,University Hospital Center,Metro North,2026-08,120,73,60.6,37.9,22.7,42.2,10.1,7.56,8,1330,20.6,1
OBS-01066,Enterococcus faecium,Gentamicin,University Hospital Center,Metro North,2026-06,498,116,23.4,27.3,-3.9,26.2,4.7,-1.61,6,3105,-6.6,0
OBS-01067,Staphylococcus aureus,Ciprofloxacin,Valley Health District,West District,2026-01,116,54,46.4,40.7,5.8,42.8,5.4,1.95,4,592,6.4,1
OBS-01068,Escherichia coli,Vancomycin,St. Jude General Hospital,Metro North,2026-02,550,229,41.7,40.3,1.4,42.8,2.8,-0.23,2,1198,1.7,0
OBS-01069,Pseudomonas aeruginosa,Meropenem,St. Jude General Hospital,East District,2026-07,401,157,39.1,26.8,12.3,30.7,7.7,5.03,6,2501,9.1,1
OBS-01070,Staphylococcus aureus,Colistin,North Suburbs Health Zone,Metro North,2025-11,80,17,21.3,21.2,0.1,23.0,3.5,0.11,8,876,-18.7,0
OBS-01071,Acinetobacter baumannii,Gentamicin,University Hospital Center,West District,2026-03,422,74,17.5,19.8,-2.3,17.3,1.7,-0.09,6,2624,-7.5,0
OBS-01072,Pseudomonas aeruginosa,Gentamicin,St. Jude General Hospital,Metro Central,2026-09,48,6,12.1,14.8,-2.7,14.7,2.5,-0.85,4,321,-17.9,0
OBS-01073,Klebsiella pneumoniae,Ceftriaxone,North Suburbs Health Zone,Metro Central,2026-01,513,284,55.4,30.3,25.1,35.4,11.7,8.78,7,3983,20.4,1
OBS-01074,Staphylococcus aureus,Ciprofloxacin,St. Jude General Hospital,Metro North,2026-09,446,255,57.1,36.0,21.1,40.3,8.5,7.36,2,1163,17.1,1
OBS-01075,Acinetobacter baumannii,Ampicillin,University Hospital Center,West District,2025-11,505,140,27.7,27.3,0.5,26.6,2.7,1.18,5,2594,2.7,0
OBS-01076,Klebsiella pneumoniae,Gentamicin,University Hospital Center,East District,2026-07,429,191,44.6,44.5,0.2,42.6,2.8,-0.69,1,510,9.6,0
OBS-01077,Staphylococcus aureus,Ampicillin,University Hospital Center,Metro Central,2026-01,473,67,14.1,11.0,3.1,9.6,4.5,0.86,1,661,-25.9,0
OBS-01078,Klebsiella pneumoniae,Ciprofloxacin,Eastside Medical Center,West District,2025-11,502,159,31.7,34.7,-3.1,33.2,2.1,-0.79,5,2774,-3.3,0
OBS-01079,Pseudomonas aeruginosa,Meropenem,St. Jude General Hospital,Metro Central,2026-04,344,124,36.0,22.8,13.2,25.4,7.6,4.46,6,2198,6.0,1
OBS-01080,Acinetobacter baumannii,Gentamicin,University Hospital Center,West District,2026-03,50,20,40.7,39.0,1.7,40.6,1.5,0.77,7,687,15.7,0
OBS-01081,Escherichia coli,Gentamicin,Valley Health District,Metro North,2026-03,54,19,35.8,35.4,0.3,37.6,1.5,0.29,6,451,-4.2,0
OBS-01082,Staphylococcus aureus,Vancomycin,Eastside Medical Center,Metro Central,2026-08,309,113,36.5,38.7,-2.2,37.3,3.7,-0.9,7,2479,-3.5,0
OBS-01083,Klebsiella pneumoniae,Gentamicin,North Suburbs Health Zone,Metro Central,2025-10,232,115,49.5,48.6,0.9,50.6,3.5,0.25,4,1193,14.5,0
OBS-01084,Acinetobacter baumannii,Ampicillin,University Hospital Center,East District,2026-01,54,21,38.7,35.9,2.8,36.9,3.0,0.44,4,455,13.7,1
OBS-01085,Pseudomonas aeruginosa,Ceftriaxone,St. Jude General Hospital,West District,2026-08,463,132,28.4,28.4,0.1,25.7,1.1,0.09,8,3964,-1.6,0
OBS-01086,Staphylococcus aureus,Ceftriaxone,Eastside Medical Center,Metro Central,2025-12,478,378,79.0,65.0,14.0,64.9,7.1,4.4,8,4065,39.0,1
OBS-01087,Staphylococcus aureus,Colistin,Valley Health District,West District,2026-08,141,41,29.2,28.9,0.3,30.1,1.9,0.49,5,799,-10.8,0
OBS-01088,Enterococcus faecium,Ciprofloxacin,Metro West Community Clinic,West District,2025-11,597,91,15.3,17.1,-1.7,15.0,2.4,-0.46,8,4877,-14.7,0
OBS-01089,Escherichia coli,Gentamicin,Eastside Medical Center,West District,2026-01,505,217,42.9,36.4,6.5,35.7,4.6,1.43,4,2352,2.9,1
OBS-01090,Staphylococcus aureus,Ciprofloxacin,Eastside Medical Center,West District,2026-04,47,17,36.5,35.5,1.0,34.5,2.7,-0.22,7,570,-3.5,0
OBS-01091,Pseudomonas aeruginosa,Gentamicin,Eastside Medical Center,East District,2026-04,44,0,1.0,22.0,-21.0,18.2,9.3,-7.25,4,438,-29.0,0
OBS-01092,Acinetobacter baumannii,Vancomycin,Valley Health District,East District,2026-03,480,191,39.7,37.6,2.1,37.1,2.8,0.34,3,1613,14.7,0
OBS-01093,Acinetobacter baumannii,Gentamicin,North Suburbs Health Zone,Metro Central,2026-07,171,42,24.5,22.8,1.7,24.1,2.1,0.43,7,1572,-0.5,0
OBS-01094,Staphylococcus aureus,Colistin,Metro West Community Clinic,Metro North,2026-04,141,35,24.6,23.9,0.7,25.2,2.5,-0.45,4,678,-15.4,0
OBS-01095,Staphylococcus aureus,Vancomycin,Valley Health District,East District,2026-06,370,79,21.5,44.8,-23.3,38.6,9.3,-7.74,3,1264,-18.5,1
OBS-01096,Acinetobacter baumannii,Meropenem,St. Jude General Hospital,Metro Central,2026-07,65,30,45.7,45.2,0.4,46.5,3.0,-0.02,7,571,20.7,0
OBS-01097,Pseudomonas aeruginosa,Meropenem,University Hospital Center,Metro North,2026-02,588,151,25.8,27.3,-1.6,26.2,2.7,-1.01,4,2527,-4.2,0
OBS-01098,Staphylococcus aureus,Vancomycin,Eastside Medical Center,Metro Central,2026-02,187,76,40.8,23.1,17.7,27.1,8.3,6.43,2,745,0.8,1
OBS-01099,Escherichia coli,Ampicillin,Metro West Community Clinic,Metro Central,2025-11,329,116,35.1,33.4,1.8,33.0,3.3,1.32,3,1171,-4.9,0
OBS-01100,Staphylococcus aureus,Vancomycin,Eastside Medical Center,Metro North,2026-04,542,177,32.6,36.1,-3.5,35.0,3.8,-0.28,2,1145,-7.4,0
OBS-01101,Enterococcus faecium,Ciprofloxacin,University Hospital Center,West District,2026-04,501,57,11.4,28.1,-16.7,25.1,6.9,-5.23,6,3138,-18.6,0
OBS-01102,Acinetobacter baumannii,Gentamicin,Metro West Community Clinic,Metro Central,2025-11,395,209,52.9,53.8,-0.9,53.6,3.5,0.28,6,2667,27.9,0
OBS-01103,Escherichia coli,Meropenem,Metro West Community Clinic,East District,2025-11,70,36,51.8,27.2,24.6,29.8,11.8,8.53,4,604,11.8,1
OBS-01104,Pseudomonas aeruginosa,Ciprofloxacin,University Hospital Center,Metro Central,2026-03,265,67,25.2,28.4,-3.2,26.9,2.6,-1.68,3,887,-4.8,0
OBS-01105,Pseudomonas aeruginosa,Colistin,North Suburbs Health Zone,Metro North,2025-11,341,62,18.3,21.0,-2.7,19.8,2.5,-1.55,6,2335,-11.7,0
OBS-01106,Acinetobacter baumannii,Ampicillin,University Hospital Center,East District,2025-12,327,246,75.1,58.2,16.9,62.3,8.8,5.75,4,1559,50.1,1
OBS-01107,Klebsiella pneumoniae,Vancomycin,University Hospital Center,West District,2026-04,473,223,47.2,49.9,-2.7,51.0,2.4,-1.12,8,4139,12.2,0
OBS-01108,Acinetobacter baumannii,Ciprofloxacin,Metro West Community Clinic,West District,2026-04,401,181,45.2,41.6,3.6,42.9,3.5,0.56,4,1845,20.2,0
OBS-01109,Staphylococcus aureus,Meropenem,St. Jude General Hospital,East District,2026-07,340,62,18.2,15.6,2.6,15.5,3.6,1.18,7,2739,-21.8,0
OBS-01110,Acinetobacter baumannii,Colistin,North Suburbs Health Zone,Metro Central,2025-11,370,137,37.0,44.1,-7.1,43.7,5.5,-2.8,3,1379,12.0,0
OBS-01111,Escherichia coli,Meropenem,Valley Health District,East District,2026-03,361,239,66.2,45.0,21.3,49.8,9.2,6.86,3,1195,26.2,1
OBS-01112,Klebsiella pneumoniae,Ampicillin,Metro West Community Clinic,East District,2026-01,434,229,52.8,47.1,5.7,48.9,3.8,1.75,2,1063,17.8,1
OBS-01113,Escherichia coli,Ceftriaxone,Eastside Medical Center,Metro Central,2026-07,485,118,24.3,17.1,7.2,19.3,5.8,2.32,7,3607,-15.7,0
OBS-01114,Escherichia coli,Vancomycin,North Suburbs Health Zone,West District,2025-10,471,242,51.4,29.5,21.9,34.3,9.6,7.4,5,2466,11.4,1
OBS-01115,Staphylococcus aureus,Meropenem,Metro West Community Clinic,Metro Central,2026-02,44,11,25.7,28.5,-2.8,26.8,3.9,-1.32,1,330,-14.3,0
OBS-01116,Staphylococcus aureus,Ciprofloxacin,Metro West Community Clinic,Metro Central,2026-03,111,73,66.1,52.9,13.3,53.4,6.4,4.36,1,401,26.1,1
OBS-01117,Pseudomonas aeruginosa,Colistin,Eastside Medical Center,West District,2025-11,545,279,51.1,36.0,15.1,38.7,6.5,5.25,6,3633,21.1,1
OBS-01118,Staphylococcus aureus,Vancomycin,Valley Health District,Metro Central,2026-03,69,18,25.8,37.9,-12.1,35.6,5.7,-3.96,2,302,-14.2,0
OBS-01119,Pseudomonas aeruginosa,Vancomycin,Valley Health District,West District,2026-01,130,22,17.2,17.3,-0.1,19.0,3.5,-0.24,3,537,-12.8,0
OBS-01120,Acinetobacter baumannii,Ciprofloxacin,Valley Health District,Metro Central,2026-02,153,64,42.0,40.2,1.9,37.9,2.3,1.12,1,227,17.0,0
OBS-01121,Pseudomonas aeruginosa,Gentamicin,Metro West Community Clinic,West District,2026-02,181,37,20.2,23.5,-3.3,21.4,2.4,-1.31,3,891,-9.8,0
OBS-01122,Klebsiella pneumoniae,Vancomycin,Metro West Community Clinic,West District,2026-08,165,48,29.0,30.0,-1.0,30.9,1.5,-0.2,8,1637,-6.0,0
OBS-01123,Enterococcus faecium,Ampicillin,Eastside Medical Center,East District,2026-09,271,86,31.6,32.3,-0.7,30.4,1.8,-0.37,8,2265,1.6,0
OBS-01124,Escherichia coli,Colistin,Metro West Community Clinic,Metro North,2026-08,119,53,44.6,45.4,-0.8,41.9,2.4,0.19,4,564,4.6,0
OBS-01125,Escherichia coli,Gentamicin,University Hospital Center,West District,2026-04,539,142,26.3,24.7,1.6,25.6,2.8,0.32,4,2259,-13.7,0
OBS-01126,Acinetobacter baumannii,Ceftriaxone,Eastside Medical Center,East District,2026-09,197,58,29.4,46.9,-17.6,42.9,7.7,-6.65,8,1884,4.4,0
OBS-01127,Staphylococcus aureus,Ampicillin,Metro West Community Clinic,Metro North,2026-04,110,33,30.0,29.4,0.6,29.7,1.2,-0.17,4,632,-10.0,0
OBS-01128,Acinetobacter baumannii,Gentamicin,St. Jude General Hospital,Metro North,2026-05,152,82,54.1,35.6,18.5,38.8,8.4,6.42,2,477,29.1,1
OBS-01129,Staphylococcus aureus,Gentamicin,Metro West Community Clinic,West District,2026-03,161,93,57.6,39.7,18.0,41.4,9.2,5.55,5,1136,17.6,1
OBS-01130,Acinetobacter baumannii,Ampicillin,Metro West Community Clinic,East District,2025-10,319,162,50.7,36.9,13.8,41.8,6.3,4.54,8,2791,25.7,1
OBS-01131,Staphylococcus aureus,Meropenem,Eastside Medical Center,Metro North,2026-04,322,174,54.0,52.2,1.8,52.6,4.0,0.84,3,1287,14.0,0
OBS-01132,Escherichia coli,Gentamicin,St. Jude General Hospital,Metro North,2025-11,157,40,25.7,27.5,-1.9,26.2,3.3,-0.36,4,705,-14.3,0
OBS-01133,Klebsiella pneumoniae,Ciprofloxacin,Metro West Community Clinic,Metro Central,2026-02,454,167,36.8,36.5,0.3,35.2,3.4,0.64,4,2066,1.8,0
OBS-01134,Enterococcus faecium,Colistin,North Suburbs Health Zone,Metro North,2025-12,395,33,8.4,12.9,-4.5,8.7,4.0,-1.06,4,1956,-21.6,0
OBS-01135,Enterococcus faecium,Ciprofloxacin,St. Jude General Hospital,Metro North,2026-06,352,102,29.0,13.2,15.9,16.7,6.6,5.59,8,2988,-1.0,1
OBS-01136,Pseudomonas aeruginosa,Ampicillin,University Hospital Center,Metro Central,2026-08,478,200,41.7,25.5,16.2,27.5,7.5,5.52,8,4045,11.7,1
OBS-01137,Klebsiella pneumoniae,Gentamicin,St. Jude General Hospital,East District,2026-05,540,139,25.7,25.5,0.2,26.4,1.1,-0.55,1,716,-9.3,0
OBS-01138,Escherichia coli,Ceftriaxone,Valley Health District,East District,2026-01,190,124,65.2,41.2,24.0,44.0,9.7,7.89,3,668,25.2,1
OBS-01139,Staphylococcus aureus,Gentamicin,Eastside Medical Center,East District,2026-08,299,72,24.1,20.8,3.3,20.4,2.8,1.36,8,2628,-15.9,0
OBS-01140,Pseudomonas aeruginosa,Gentamicin,Eastside Medical Center,West District,2025-11,571,317,55.5,30.5,25.0,35.4,10.1,7.94,5,3232,25.5,1
OBS-01141,Enterococcus faecium,Meropenem,Eastside Medical Center,West District,2025-10,481,54,11.3,21.8,-10.5,20.9,6.9,-3.57,4,2158,-18.7,0
OBS-01142,Staphylococcus aureus,Gentamicin,St. Jude General Hospital,East District,2026-08,579,240,41.4,37.9,3.6,38.6,4.2,0.62,8,4771,1.4,0
OBS-01143,Pseudomonas aeruginosa,Ampicillin,Metro West Community Clinic,West District,2026-02,235,40,17.2,21.6,-4.4,21.9,2.5,-1.19,5,1246,-12.8,0
OBS-01144,Acinetobacter baumannii,Ciprofloxacin,North Suburbs Health Zone,West District,2026-07,335,107,31.9,31.9,0.0,33.6,1.9,-0.28,6,2116,6.9,0
OBS-01145,Enterococcus faecium,Meropenem,North Suburbs Health Zone,Metro North,2026-06,206,33,16.1,17.4,-1.3,15.4,3.7,-0.97,5,1235,-13.9,0
OBS-01146,Pseudomonas aeruginosa,Ciprofloxacin,North Suburbs Health Zone,Metro Central,2026-01,166,67,40.5,39.1,1.3,37.3,2.9,0.39,5,907,10.5,1
OBS-01147,Pseudomonas aeruginosa,Gentamicin,St. Jude General Hospital,Metro Central,2026-02,398,104,26.0,21.1,4.9,23.6,4.2,1.38,3,1389,-4.0,0
OBS-01148,Acinetobacter baumannii,Meropenem,St. Jude General Hospital,East District,2025-12,482,153,31.8,35.2,-3.4,34.2,4.5,-1.93,4,2277,6.8,0
OBS-01149,Escherichia coli,Ampicillin,Eastside Medical Center,Metro North,2026-08,472,142,30.0,29.8,0.2,32.3,1.7,0.18,7,3558,-10.0,0
OBS-01150,Pseudomonas aeruginosa,Colistin,Metro West Community Clinic,East District,2025-12,370,179,48.4,27.0,21.4,31.4,10.4,6.9,7,2936,18.4,1
OBS-01151,Staphylococcus aureus,Ceftriaxone,University Hospital Center,East District,2026-02,344,82,24.0,25.5,-1.6,25.0,2.6,0.12,2,1028,-16.0,0
OBS-01152,Klebsiella pneumoniae,Ampicillin,North Suburbs Health Zone,Metro Central,2025-12,360,133,36.9,44.2,-7.3,44.5,5.9,-2.02,8,3187,1.9,0
OBS-01153,Staphylococcus aureus,Colistin,North Suburbs Health Zone,West District,2026-04,512,25,4.8,2.0,2.8,2.8,2.6,1.1,7,3648,-35.2,1
OBS-01154,Staphylococcus aureus,Ciprofloxacin,University Hospital Center,East District,2026-01,170,73,42.9,46.9,-4.0,44.0,3.8,-1.39,6,1387,2.9,0
OBS-01155,Pseudomonas aeruginosa,Ciprofloxacin,North Suburbs Health Zone,Metro North,2026-04,513,112,21.9,24.0,-2.1,20.3,3.6,-0.06,1,828,-8.1,0
OBS-01156,Escherichia coli,Colistin,Valley Health District,Metro Central,2026-03,337,130,38.5,36.1,2.4,37.7,3.9,0.82,2,1013,-1.5,0
OBS-01157,Escherichia coli,Ciprofloxacin,Valley Health District,Metro Central,2026-09,568,178,31.3,28.1,3.1,27.2,2.3,0.02,4,2395,-8.7,0
OBS-01158,Klebsiella pneumoniae,Meropenem,Valley Health District,Metro North,2026-02,46,13,27.6,30.1,-2.5,32.3,4.1,-0.49,5,528,-7.4,0
OBS-01159,Escherichia coli,Ciprofloxacin,University Hospital Center,Metro Central,2026-06,293,85,29.0,41.6,-12.5,36.8,5.7,-3.96,2,740,-11.0,0
OBS-01160,Staphylococcus aureus,Ciprofloxacin,St. Jude General Hospital,East District,2026-04,228,76,33.4,37.5,-4.1,34.4,3.7,-1.63,8,1994,-6.6,0
OBS-01161,Acinetobacter baumannii,Gentamicin,North Suburbs Health Zone,Metro Central,2026-04,62,33,53.5,30.2,23.3,33.6,10.3,7.52,3,330,28.5,1
OBS-01162,Acinetobacter baumannii,Gentamicin,Valley Health District,Metro North,2026-05,336,122,36.3,34.2,2.1,34.3,3.6,0.44,8,2886,11.3,0
OBS-01163,Staphylococcus aureus,Colistin,Valley Health District,East District,2026-04,149,70,46.7,45.8,0.9,45.7,1.2,1.3,7,1330,6.7,1
OBS-01164,Escherichia coli,Colistin,North Suburbs Health Zone,Metro Central,2026-07,51,17,32.4,31.8,0.6,32.6,1.8,-0.17,7,704,-7.6,0
OBS-01165,Enterococcus faecium,Ceftriaxone,North Suburbs Health Zone,Metro Central,2026-03,519,231,44.6,38.5,6.0,41.6,3.6,1.92,3,1841,14.6,1
OBS-01166,Pseudomonas aeruginosa,Ceftriaxone,Metro West Community Clinic,Metro North,2026-03,565,338,59.9,38.6,21.3,39.4,10.4,7.76,7,4037,29.9,1
OBS-01167,Acinetobacter baumannii,Colistin,North Suburbs Health Zone,Metro North,2026-02,443,139,31.5,26.2,5.3,26.1,2.7,1.74,5,2299,6.5,1
OBS-01168,Staphylococcus aureus,Ampicillin,Metro West Community Clinic,Metro North,2026-07,172,22,13.1,12.6,0.5,14.3,3.5,-0.57,5,1075,-26.9,0
OBS-01169,Acinetobacter baumannii,Ceftriaxone,North Suburbs Health Zone,Metro Central,2025-10,202,2,1.0,6.8,-5.8,4.7,5.3,-1.63,1,370,-24.0,0
OBS-01170,Staphylococcus aureus,Colistin,University Hospital Center,Metro North,2025-11,433,239,55.2,54.2,1.0,53.7,2.8,0.47,3,1564,15.2,0
OBS-01171,Pseudomonas aeruginosa,Ciprofloxacin,St. Jude General Hospital,Metro Central,2026-05,70,16,23.3,25.0,-1.7,24.1,2.4,-0.72,6,559,-6.7,0
OBS-01172,Staphylococcus aureus,Meropenem,Valley Health District,Metro North,2026-01,542,272,50.1,53.7,-3.6,53.0,2.6,-1.52,5,2984,10.1,0
OBS-01173,Enterococcus faecium,Meropenem,North Suburbs Health Zone,Metro North,2025-11,138,28,20.4,40.2,-19.8,37.8,9.7,-6.13,1,292,-9.6,1
OBS-01174,Staphylococcus aureus,Ceftriaxone,Metro West Community Clinic,Metro Central,2026-03,580,228,39.4,21.3,18.1,28.2,7.2,5.94,3,2044,-0.6,1
OBS-01175,Acinetobacter baumannii,Colistin,Eastside Medical Center,Metro North,2025-11,477,265,55.5,49.9,5.6,50.1,3.0,1.77,8,4186,30.5,1
OBS-01176,Escherichia coli,Meropenem,Metro West Community Clinic,East District,2025-11,550,262,47.6,33.8,13.8,37.3,6.6,5.06,2,1268,7.6,0
OBS-01177,Pseudomonas aeruginosa,Vancomycin,Eastside Medical Center,West District,2026-09,109,25,22.7,27.6,-4.9,27.6,2.7,-1.72,6,784,-7.3,0
OBS-01178,Acinetobacter baumannii,Meropenem,Metro West Community Clinic,East District,2026-04,599,296,49.4,47.7,1.7,48.4,2.5,0.6,1,705,24.4,0
OBS-01179,Pseudomonas aeruginosa,Gentamicin,St. Jude General Hospital,Metro Central,2026-03,307,45,14.8,13.9,0.8,13.5,2.6,0.68,7,2301,-15.2,0
OBS-01180,Klebsiella pneumoniae,Meropenem,Metro West Community Clinic,East District,2026-08,281,159,56.7,38.9,17.7,41.3,7.7,5.89,1,583,21.7,1
OBS-01181,Enterococcus faecium,Vancomycin,St. Jude General Hospital,East District,2025-11,122,34,27.8,28.1,-0.3,27.6,2.7,-0.81,7,1186,-2.2,0
OBS-01182,Enterococcus faecium,Ciprofloxacin,St. Jude General Hospital,Metro Central,2026-05,398,81,20.4,24.6,-4.2,24.7,4.0,-1.24,4,1862,-9.6,0
OBS-01183,Klebsiella pneumoniae,Ciprofloxacin,St. Jude General Hospital,Metro Central,2026-01,58,18,31.4,29.9,1.5,29.1,3.8,0.85,7,738,-3.6,0
OBS-01184,Staphylococcus aureus,Gentamicin,University Hospital Center,West District,2026-09,181,81,44.5,41.4,3.1,41.6,3.6,0.45,7,1376,4.5,0
OBS-01185,Pseudomonas aeruginosa,Colistin,University Hospital Center,East District,2026-04,283,3,1.0,22.3,-21.3,18.4,10.7,-6.79,1,451,-29.0,0
OBS-01186,Acinetobacter baumannii,Ceftriaxone,St. Jude General Hospital,Metro Central,2026-09,98,51,51.7,32.4,19.3,33.4,9.1,6.27,4,481,26.7,1
OBS-01187,Pseudomonas aeruginosa,Colistin,Metro West Community Clinic,Metro North,2026-02,447,115,25.8,20.1,5.7,23.4,4.7,2.28,3,1636,-4.2,0
OBS-01188,Escherichia coli,Colistin,Metro West Community Clinic,Metro North,2026-05,265,47,17.7,18.5,-0.8,18.2,3.5,-0.91,6,1867,-22.3,0
OBS-01189,Acinetobacter baumannii,Colistin,Valley Health District,Metro North,2026-06,366,182,49.6,51.8,-2.2,51.3,4.2,-1.1,5,2157,24.6,0
OBS-01190,Staphylococcus aureus,Gentamicin,Metro West Community Clinic,West District,2026-02,248,60,24.0,21.5,2.5,19.7,2.8,0.84,2,616,-16.0,0
OBS-01191,Pseudomonas aeruginosa,Gentamicin,Metro West Community Clinic,Metro North,2025-11,185,62,33.3,30.6,2.7,28.5,3.1,1.43,6,1178,3.3,1
OBS-01192,Enterococcus faecium,Vancomycin,North Suburbs Health Zone,Metro Central,2025-10,74,31,41.9,34.4,7.4,37.9,3.9,1.05,8,780,11.9,1
OBS-01193,Escherichia coli,Ciprofloxacin,Eastside Medical Center,West District,2026-05,431,165,38.3,33.4,4.9,35.0,5.0,1.43,1,677,-1.7,0
OBS-01194,Staphylococcus aureus,Meropenem,Valley Health District,West District,2026-06,352,106,30.2,28.2,2.0,28.7,1.8,0.22,1,418,-9.8,0
OBS-01195,Escherichia coli,Ceftriaxone,Eastside Medical Center,East District,2026-07,68,15,22.5,27.5,-5.0,28.4,3.8,-1.87,4,496,-17.5,0
OBS-01196,Staphylococcus aureus,Vancomycin,Valley Health District,Metro Central,2025-11,334,71,21.1,23.6,-2.5,21.3,3.3,-0.82,7,2661,-18.9,0
OBS-01197,Acinetobacter baumannii,Vancomycin,Metro West Community Clinic,East District,2025-12,518,155,30.0,55.1,-25.1,50.9,12.0,-8.53,7,3797,5.0,0
OBS-01198,Pseudomonas aeruginosa,Ciprofloxacin,University Hospital Center,East District,2026-03,79,15,18.9,19.0,-0.2,19.9,0.9,-0.3,7,918,-11.1,0
OBS-01199,Pseudomonas aeruginosa,Vancomycin,Valley Health District,Metro Central,2025-11,368,65,17.5,24.4,-6.9,23.8,4.5,-1.91,5,2025,-12.5,0
OBS-01200,Escherichia coli,Ampicillin,St. Jude General Hospital,West District,2025-10,531,169,31.9,34.4,-2.5,36.7,3.9,-1.55,6,3562,-8.1,0
OBS-01201,Escherichia coli,Ceftriaxone,St. Jude General Hospital,East District,2026-07,105,49,46.8,34.1,12.7,38.0,5.7,4.39,6,905,6.8,1
OBS-01202,Staphylococcus aureus,Meropenem,University Hospital Center,Metro North,2025-12,278,99,35.7,34.3,1.3,34.3,3.7,0.59,1,386,-4.3,0
OBS-01203,Acinetobacter baumannii,Vancomycin,North Suburbs Health Zone,East District,2025-10,102,38,37.1,43.6,-6.5,41.6,3.8,-1.48,4,590,12.1,1
OBS-01204,Pseudomonas aeruginosa,Ceftriaxone,Valley Health District,Metro Central,2026-07,398,165,41.5,29.5,12.0,30.4,7.2,3.87,4,1697,11.5,1
OBS-01205,Klebsiella pneumoniae,Meropenem,Eastside Medical Center,East District,2026-08,113,11,9.4,13.9,-4.6,11.4,5.0,-1.59,7,1169,-25.6,0
OBS-01206,Escherichia coli,Colistin,Metro West Community Clinic,East District,2026-03,423,153,36.1,32.3,3.8,32.8,2.9,1.35,7,3251,-3.9,0
OBS-01207,Escherichia coli,Meropenem,Eastside Medical Center,Metro Central,2026-02,66,22,34.1,29.3,4.7,33.2,2.6,1.7,3,302,-5.9,0
OBS-01208,Acinetobacter baumannii,Gentamicin,Valley Health District,East District,2026-01,73,21,28.3,28.1,0.3,25.9,2.4,0.15,7,897,3.3,0
OBS-01209,Enterococcus faecium,Ciprofloxacin,St. Jude General Hospital,Metro North,2026-07,591,156,26.5,24.6,1.9,26.1,1.7,0.63,7,4249,-3.5,0
OBS-01210,Escherichia coli,Ceftriaxone,North Suburbs Health Zone,West District,2026-03,239,58,24.2,24.2,0.0,22.3,1.8,-0.36,5,1539,-15.8,0
OBS-01211,Klebsiella pneumoniae,Vancomycin,Eastside Medical Center,Metro North,2026-05,158,57,35.8,41.4,-5.6,39.5,5.2,-2.07,6,1121,0.8,0
OBS-01212,Staphylococcus aureus,Colistin,St. Jude General Hospital,East District,2026-06,410,166,40.5,40.2,0.3,41.1,1.7,-0.13,2,1204,0.5,0
OBS-01213,Staphylococcus aureus,Meropenem,Metro West Community Clinic,Metro North,2026-06,457,116,25.4,27.8,-2.4,30.3,4.2,-0.72,4,2223,-14.6,0
OBS-01214,Pseudomonas aeruginosa,Vancomycin,Eastside Medical Center,East District,2026-03,123,23,18.8,12.0,6.8,13.1,3.4,2.04,2,505,-11.2,0
OBS-01215,Acinetobacter baumannii,Ampicillin,Valley Health District,Metro North,2025-12,55,30,54.2,31.8,22.3,36.8,9.2,6.91,8,575,29.2,1
OBS-01216,Staphylococcus aureus,Gentamicin,St. Jude General Hospital,Metro North,2025-10,64,3,4.9,3.8,1.2,5.3,2.7,-0.11,7,583,-35.1,0
OBS-01217,Acinetobacter baumannii,Ampicillin,North Suburbs Health Zone,East District,2025-12,287,167,58.3,36.6,21.7,41.8,9.7,6.53,7,2209,33.3,1
OBS-01218,Acinetobacter baumannii,Ceftriaxone,Metro West Community Clinic,Metro Central,2026-09,115,38,33.5,38.9,-5.5,34.1,4.6,-1.9,1,346,8.5,0
OBS-01219,Enterococcus faecium,Ampicillin,Valley Health District,West District,2026-02,177,51,28.7,28.5,0.2,27.7,2.3,0.27,8,1559,-1.3,0
OBS-01220,Acinetobacter baumannii,Ciprofloxacin,University Hospital Center,Metro Central,2026-07,504,165,32.7,31.5,1.2,31.4,3.1,1.17,6,3268,7.7,0
OBS-01221,Enterococcus faecium,Ceftriaxone,Eastside Medical Center,Metro Central,2026-01,545,172,31.5,7.6,23.9,8.9,10.5,7.82,5,2949,1.5,1
OBS-01222,Acinetobacter baumannii,Vancomycin,North Suburbs Health Zone,East District,2026-03,366,97,26.4,25.1,1.3,25.8,3.0,0.7,7,2703,1.4,0
OBS-01223,Enterococcus faecium,Gentamicin,University Hospital Center,West District,2026-06,361,87,24.0,26.8,-2.7,22.5,3.3,-0.63,5,1905,-6.0,0
OBS-01224,Pseudomonas aeruginosa,Colistin,North Suburbs Health Zone,West District,2026-01,335,71,21.1,23.9,-2.8,26.1,2.7,-0.69,3,1187,-8.9,0
OBS-01225,Klebsiella pneumoniae,Gentamicin,Eastside Medical Center,Metro North,2025-11,560,298,53.1,32.0,21.1,33.7,8.3,7.1,4,2376,18.1,1
OBS-01226,Acinetobacter baumannii,Ceftriaxone,University Hospital Center,Metro Central,2026-05,418,213,51.0,51.6,-0.6,51.3,1.4,-0.07,1,572,26.0,0
OBS-01227,Staphylococcus aureus,Gentamicin,North Suburbs Health Zone,Metro North,2026-05,152,62,40.5,38.0,2.6,41.2,2.8,0.38,5,871,0.5,0
OBS-01228,Pseudomonas aeruginosa,Ciprofloxacin,University Hospital Center,East District,2026-09,402,87,21.7,20.3,1.5,18.8,2.5,-0.15,2,894,-8.3,0
OBS-01229,Escherichia coli,Colistin,University Hospital Center,East District,2026-02,565,165,29.2,29.2,-0.0,31.2,2.3,-0.37,8,4914,-10.8,0
OBS-01230,Pseudomonas aeruginosa,Ciprofloxacin,North Suburbs Health Zone,Metro Central,2026-09,234,50,21.5,20.5,1.1,20.0,1.7,0.0,6,1739,-8.5,0
OBS-01231,Escherichia coli,Gentamicin,Valley Health District,Metro Central,2026-01,425,177,41.6,44.6,-3.0,40.3,2.8,-1.12,3,1437,1.6,0
OBS-01232,Klebsiella pneumoniae,Ampicillin,University Hospital Center,West District,2026-02,243,88,36.2,31.7,4.6,34.4,3.2,0.98,3,1104,1.2,0
OBS-01233,Enterococcus faecium,Gentamicin,University Hospital Center,Metro Central,2026-04,542,126,23.2,23.6,-0.4,23.8,1.6,-0.39,2,1419,-6.8,0
OBS-01234,Escherichia coli,Ampicillin,Valley Health District,East District,2026-07,280,75,26.9,28.9,-2.0,28.8,1.9,-1.21,7,2336,-13.1,0
OBS-01235,Klebsiella pneumoniae,Colistin,University Hospital Center,East District,2026-08,541,282,52.2,50.3,1.9,53.3,2.2,0.31,8,4700,17.2,0
OBS-01236,Staphylococcus aureus,Colistin,St. Jude General Hospital,Metro North,2025-11,469,120,25.6,33.9,-8.2,34.3,4.4,-2.34,5,2623,-14.4,0
OBS-01237,Escherichia coli,Meropenem,North Suburbs Health Zone,East District,2026-08,395,117,29.5,34.2,-4.7,32.5,3.1,-2.47,2,1043,-10.5,0
OBS-01238,Staphylococcus aureus,Vancomycin,North Suburbs Health Zone,West District,2026-08,69,17,25.2,25.8,-0.6,26.7,2.0,0.24,4,474,-14.8,0
OBS-01239,Staphylococcus aureus,Ciprofloxacin,Metro West Community Clinic,East District,2026-02,461,137,29.8,25.4,4.4,28.7,3.2,1.48,6,3016,-10.2,0
OBS-01240,Pseudomonas aeruginosa,Ciprofloxacin,Eastside Medical Center,West District,2026-09,387,130,33.7,33.7,-0.0,29.9,2.6,-0.8,4,1923,3.7,0
OBS-01241,Staphylococcus aureus,Meropenem,Metro West Community Clinic,Metro North,2026-06,152,33,21.5,21.9,-0.4,20.2,2.3,0.54,4,972,-18.5,0
OBS-01242,Acinetobacter baumannii,Ciprofloxacin,Valley Health District,Metro Central,2026-04,381,118,31.0,29.0,2.0,29.3,3.1,0.62,2,992,6.0,0
OBS-01243,Enterococcus faecium,Ciprofloxacin,Metro West Community Clinic,Metro North,2026-03,200,40,20.2,25.7,-5.6,23.1,4.3,-1.61,4,1124,-9.8,0
OBS-01244,Pseudomonas aeruginosa,Vancomycin,University Hospital Center,East District,2026-03,260,54,20.8,16.2,4.6,17.4,2.7,1.6,7,2153,-9.2,0
OBS-01245,Escherichia coli,Vancomycin,St. Jude General Hospital,Metro Central,2026-06,536,261,48.7,23.5,25.2,25.9,11.3,8.06,7,3823,8.7,1
OBS-01246,Enterococcus faecium,Meropenem,St. Jude General Hospital,East District,2026-09,426,103,24.1,27.0,-2.9,25.6,2.5,-0.63,2,1237,-5.9,0
OBS-01247,Pseudomonas aeruginosa,Vancomycin,St. Jude General Hospital,Metro Central,2025-11,60,11,17.9,25.8,-7.9,26.8,4.5,-2.46,7,477,-12.1,0
OBS-01248,Klebsiella pneumoniae,Ciprofloxacin,Valley Health District,West District,2026-01,371,215,58.0,51.6,6.5,56.0,3.8,2.45,5,2122,23.0,0
OBS-01249,Pseudomonas aeruginosa,Ampicillin,University Hospital Center,Metro Central,2026-02,425,84,19.8,25.0,-5.2,24.7,4.8,-1.4,8,3599,-10.2,0
OBS-01250,Staphylococcus aureus,Ceftriaxone,Eastside Medical Center,West District,2026-02,431,47,11.0,16.8,-5.8,13.8,3.0,-2.1,4,1782,-29.0,0
OBS-01251,Pseudomonas aeruginosa,Vancomycin,Metro West Community Clinic,Metro Central,2026-05,65,17,26.4,26.1,0.3,25.1,3.1,0.42,4,513,-3.6,0
OBS-01252,Staphylococcus aureus,Ceftriaxone,St. Jude General Hospital,East District,2026-03,125,42,33.7,33.1,0.6,35.8,2.3,-0.19,3,473,-6.3,0
OBS-01253,Staphylococcus aureus,Ceftriaxone,University Hospital Center,Metro Central,2025-12,524,146,27.8,20.2,7.6,21.8,4.9,1.98,7,3985,-12.2,0
OBS-01254,Klebsiella pneumoniae,Ciprofloxacin,North Suburbs Health Zone,East District,2026-04,385,251,65.3,44.0,21.3,49.5,8.6,7.1,5,2052,30.3,1
OBS-01255,Escherichia coli,Colistin,Valley Health District,Metro North,2026-06,598,277,46.3,46.5,-0.2,45.9,2.3,0.11,8,5089,6.3,0
OBS-01256,Pseudomonas aeruginosa,Ampicillin,Valley Health District,West District,2026-06,147,38,25.9,19.9,6.0,22.0,5.4,2.41,2,561,-4.1,0
OBS-01257,Escherichia coli,Meropenem,Metro West Community Clinic,Metro Central,2025-12,488,289,59.2,41.7,17.5,48.2,8.1,5.99,4,2060,19.2,1
OBS-01258,Acinetobacter baumannii,Ampicillin,University Hospital Center,West District,2026-04,343,158,46.0,39.7,6.3,41.7,5.4,2.4,1,453,21.0,1
OBS-01259,Enterococcus faecium,Colistin,Metro West Community Clinic,East District,2026-07,209,40,19.0,17.0,2.0,18.7,2.4,0.74,6,1376,-11.0,0
OBS-01260,Acinetobacter baumannii,Gentamicin,Eastside Medical Center,East District,2026-05,255,76,29.9,27.7,2.2,25.9,2.1,1.19,8,2259,4.9,0
OBS-01261,Klebsiella pneumoniae,Meropenem,Metro West Community Clinic,West District,2025-10,466,18,4.0,28.6,-24.6,22.8,10.5,-8.33,6,2937,-31.0,0
OBS-01262,Pseudomonas aeruginosa,Gentamicin,University Hospital Center,Metro North,2026-09,590,97,16.5,12.3,4.2,11.9,4.9,1.84,2,1464,-13.5,0
OBS-01263,Staphylococcus aureus,Ceftriaxone,University Hospital Center,Metro Central,2026-03,393,187,47.7,27.7,19.9,32.4,9.2,6.29,4,1943,7.7,1
OBS-01264,Staphylococcus aureus,Ceftriaxone,Valley Health District,East District,2026-03,300,122,40.8,39.5,1.3,41.1,3.3,0.38,7,2437,0.8,0
OBS-01265,Escherichia coli,Ceftriaxone,University Hospital Center,Metro Central,2026-09,326,167,51.2,51.9,-0.8,51.3,2.0,-0.22,4,1445,11.2,0
OBS-01266,Acinetobacter baumannii,Ceftriaxone,Valley Health District,West District,2026-03,524,235,44.8,32.5,12.3,35.2,6.3,3.82,5,2777,19.8,1
OBS-01267,Escherichia coli,Vancomycin,Metro West Community Clinic,Metro North,2025-12,526,76,14.4,16.8,-2.3,15.5,3.5,-1.34,3,1628,-25.6,0
OBS-01268,Escherichia coli,Meropenem,Metro West Community Clinic,West District,2026-04,374,134,35.8,32.6,3.2,30.7,2.1,1.3,8,3196,-4.2,0
OBS-01269,Acinetobacter baumannii,Ampicillin,North Suburbs Health Zone,West District,2026-09,403,195,48.4,45.3,3.1,47.4,3.7,1.91,8,3433,23.4,1
OBS-01270,Escherichia coli,Ceftriaxone,University Hospital Center,Metro North,2026-08,186,55,29.7,29.2,0.6,28.6,3.1,-0.7,5,1203,-10.3,0
OBS-01271,Pseudomonas aeruginosa,Gentamicin,St. Jude General Hospital,West District,2026-08,222,63,28.3,25.0,3.2,23.7,3.8,0.92,6,1394,-1.7,0
OBS-01272,Enterococcus faecium,Colistin,Valley Health District,West District,2026-01,431,235,54.6,31.8,22.8,37.9,10.2,7.66,4,1965,24.6,0
OBS-01273,Staphylococcus aureus,Colistin,Metro West Community Clinic,Metro North,2025-10,376,241,64.0,61.7,2.3,62.2,3.3,1.06,5,1978,24.0,0
OBS-01274,Acinetobacter baumannii,Ciprofloxacin,Metro West Community Clinic,East District,2025-10,530,274,51.7,28.9,22.8,33.4,10.8,7.15,5,2903,26.7,1
OBS-01275,Enterococcus faecium,Ciprofloxacin,Metro West Community Clinic,Metro Central,2026-09,505,202,40.0,16.3,23.7,21.9,11.6,7.3,8,4341,10.0,1
OBS-01276,Acinetobacter baumannii,Vancomycin,St. Jude General Hospital,Metro Central,2026-03,196,70,35.9,29.7,6.3,29.3,3.8,2.62,1,336,10.9,1
OBS-01277,Staphylococcus aureus,Vancomycin,St. Jude General Hospital,Metro Central,2026-05,361,68,18.8,14.0,4.9,17.3,4.0,1.76,1,460,-21.2,0
OBS-01278,Klebsiella pneumoniae,Gentamicin,Metro West Community Clinic,Metro Central,2026-03,213,49,22.9,25.0,-2.1,23.5,4.1,-0.74,6,1628,-12.1,0
OBS-01279,Escherichia coli,Gentamicin,North Suburbs Health Zone,West District,2026-08,106,36,34.2,34.1,0.1,35.2,0.8,0.07,1,254,-5.8,0
OBS-01280,Enterococcus faecium,Colistin,St. Jude General Hospital,Metro North,2026-05,322,136,42.1,28.2,14.0,31.3,6.0,4.95,1,683,12.1,1
OBS-01281,Enterococcus faecium,Vancomycin,St. Jude General Hospital,East District,2026-02,160,48,30.0,24.0,6.0,29.0,3.3,2.09,6,1184,-0.0,0
OBS-01282,Escherichia coli,Ceftriaxone,North Suburbs Health Zone,Metro Central,2025-11,226,115,51.1,26.3,24.8,32.2,9.7,7.83,2,546,11.1,1
OBS-01283,Klebsiella pneumoniae,Vancomycin,St. Jude General Hospital,Metro North,2026-08,511,144,28.1,26.7,1.4,25.6,2.5,0.89,6,3157,-6.9,0
OBS-01284,Pseudomonas aeruginosa,Vancomycin,Valley Health District,Metro North,2026-09,357,61,17.1,15.6,1.4,14.6,3.1,0.89,3,1148,-12.9,0
OBS-01285,Pseudomonas aeruginosa,Meropenem,Metro West Community Clinic,East District,2026-04,232,60,26.0,28.8,-2.9,28.0,2.5,-1.38,4,1117,-4.0,0
OBS-01286,Pseudomonas aeruginosa,Colistin,Valley Health District,West District,2026-02,541,116,21.5,18.2,3.3,19.6,2.2,0.61,2,1313,-8.5,0
OBS-01287,Enterococcus faecium,Ceftriaxone,North Suburbs Health Zone,Metro North,2025-10,199,69,34.7,37.2,-2.5,38.5,2.4,-0.23,7,1718,4.7,0
OBS-01288,Staphylococcus aureus,Colistin,Valley Health District,East District,2026-01,555,108,19.4,20.1,-0.7,20.0,3.0,0.49,6,3662,-20.6,0
OBS-01289,Escherichia coli,Ceftriaxone,University Hospital Center,East District,2026-01,307,67,21.8,25.6,-3.8,26.5,4.6,-1.5,8,2522,-18.2,0
OBS-01290,Enterococcus faecium,Meropenem,North Suburbs Health Zone,Metro North,2026-05,421,28,6.6,2.3,4.3,2.0,4.8,1.37,6,2864,-23.4,0
OBS-01291,Escherichia coli,Colistin,Valley Health District,Metro Central,2026-08,48,15,31.4,32.5,-1.1,30.1,2.3,-0.26,6,419,-8.6,0
OBS-01292,Enterococcus faecium,Ciprofloxacin,University Hospital Center,East District,2026-02,518,121,23.3,35.3,-12.0,34.2,7.5,-4.2,3,1883,-6.7,0
OBS-01293,Staphylococcus aureus,Ceftriaxone,Metro West Community Clinic,West District,2026-09,524,106,20.3,22.6,-2.3,21.6,1.9,-0.48,7,3842,-19.7,0
OBS-01294,Pseudomonas aeruginosa,Ampicillin,Valley Health District,West District,2026-02,279,123,44.2,28.6,15.6,29.5,7.7,5.05,1,588,14.2,1
OBS-01295,Acinetobacter baumannii,Ampicillin,Metro West Community Clinic,Metro Central,2025-12,347,148,42.7,39.4,3.3,38.2,3.1,0.49,3,1396,17.7,0
OBS-01296,Klebsiella pneumoniae,Ceftriaxone,University Hospital Center,Metro North,2026-08,95,39,40.6,34.4,6.2,36.7,3.2,1.3,6,666,5.6,1
OBS-01297,Pseudomonas aeruginosa,Ampicillin,North Suburbs Health Zone,Metro North,2026-05,191,33,17.5,21.9,-4.4,21.6,2.8,-1.57,1,343,-12.5,0
OBS-01298,Escherichia coli,Meropenem,University Hospital Center,Metro North,2026-04,290,136,46.8,49.9,-3.1,47.9,4.2,-0.42,2,708,6.8,0
OBS-01299,Pseudomonas aeruginosa,Ciprofloxacin,North Suburbs Health Zone,Metro North,2026-03,522,95,18.2,11.2,7.0,12.5,5.5,2.03,2,1375,-11.8,0
OBS-01300,Staphylococcus aureus,Gentamicin,North Suburbs Health Zone,West District,2026-09,138,86,62.4,43.5,18.9,47.8,7.7,6.69,4,800,22.4,1
OBS-01301,Pseudomonas aeruginosa,Colistin,Valley Health District,West District,2026-07,586,178,30.4,30.4,0.1,27.5,2.0,-0.54,7,4188,0.4,0
OBS-01302,Acinetobacter baumannii,Ciprofloxacin,University Hospital Center,Metro North,2026-01,410,133,32.4,33.2,-0.8,32.5,1.2,-0.86,6,2684,7.4,1
OBS-01303,Acinetobacter baumannii,Vancomycin,North Suburbs Health Zone,Metro Central,2026-08,181,134,73.8,48.2,25.6,52.5,10.7,8.09,4,1029,48.8,1
OBS-01304,Pseudomonas aeruginosa,Ampicillin,Valley Health District,Metro North,2026-04,331,97,29.3,25.7,3.6,29.5,3.1,1.43,3,1202,-0.7,0
OBS-01305,Escherichia coli,Colistin,North Suburbs Health Zone,Metro North,2025-12,569,168,29.5,28.8,0.7,28.8,2.5,-0.03,7,4087,-10.5,0
OBS-01306,Enterococcus faecium,Gentamicin,St. Jude General Hospital,West District,2025-10,366,85,23.1,21.0,2.2,19.0,2.7,0.36,3,1213,-6.9,0
OBS-01307,Staphylococcus aureus,Ciprofloxacin,North Suburbs Health Zone,West District,2026-04,350,92,26.2,30.1,-4.0,29.0,3.5,-0.79,1,617,-13.8,0
OBS-01308,Acinetobacter baumannii,Vancomycin,North Suburbs Health Zone,East District,2026-05,587,361,61.5,42.7,18.9,47.6,8.1,6.38,6,3758,36.5,1
OBS-01309,Staphylococcus aureus,Vancomycin,Valley Health District,Metro Central,2025-12,385,151,39.2,41.6,-2.3,39.8,3.8,-0.65,1,737,-0.8,0
OBS-01310,Acinetobacter baumannii,Gentamicin,North Suburbs Health Zone,West District,2025-10,328,170,51.9,34.4,17.5,39.4,8.0,5.82,8,2694,26.9,1
OBS-01311,Acinetobacter baumannii,Gentamicin,Eastside Medical Center,East District,2026-04,343,110,32.1,31.7,0.4,30.6,1.2,0.28,6,2120,7.1,0
OBS-01312,Pseudomonas aeruginosa,Ampicillin,St. Jude General Hospital,West District,2026-03,76,46,61.1,39.1,22.0,41.9,9.0,7.6,5,735,31.1,1
OBS-01313,Staphylococcus aureus,Meropenem,University Hospital Center,Metro Central,2026-06,169,44,26.1,24.6,1.5,25.7,1.8,0.71,2,462,-13.9,0
OBS-01314,Pseudomonas aeruginosa,Colistin,North Suburbs Health Zone,Metro North,2026-09,81,20,24.4,30.1,-5.7,30.5,3.5,-1.89,8,737,-5.6,1
OBS-01315,Acinetobacter baumannii,Gentamicin,Valley Health District,Metro Central,2026-04,385,82,21.3,27.4,-6.1,27.9,4.2,-1.48,2,1146,-3.7,0
OBS-01316,Escherichia coli,Meropenem,Valley Health District,East District,2026-09,483,87,17.9,21.2,-3.3,20.1,3.6,-0.99,2,1075,-22.1,0
OBS-01317,Pseudomonas aeruginosa,Ceftriaxone,Metro West Community Clinic,Metro North,2026-09,423,114,26.9,26.1,0.7,25.3,1.2,0.26,1,766,-3.1,0
OBS-01318,Staphylococcus aureus,Colistin,Valley Health District,Metro North,2026-02,448,203,45.2,41.6,3.6,43.1,2.5,0.89,1,590,5.2,0
OBS-01319,Staphylococcus aureus,Meropenem,St. Jude General Hospital,West District,2026-08,321,109,33.9,25.4,8.6,25.9,3.9,3.23,3,1149,-6.1,0
OBS-01320,Enterococcus faecium,Colistin,St. Jude General Hospital,Metro North,2026-01,372,183,49.3,23.5,25.8,27.1,12.3,8.77,1,535,19.3,1
OBS-01321,Staphylococcus aureus,Ceftriaxone,North Suburbs Health Zone,East District,2026-06,527,213,40.4,15.5,24.9,20.6,11.6,8.67,7,4024,0.4,1
OBS-01322,Staphylococcus aureus,Meropenem,North Suburbs Health Zone,West District,2026-01,439,177,40.3,42.2,-1.9,40.9,3.3,-0.76,3,1497,0.3,0
OBS-01323,Acinetobacter baumannii,Ciprofloxacin,Valley Health District,West District,2026-06,125,32,26.0,23.4,2.5,24.9,2.9,1.04,6,906,1.0,0
OBS-01324,Pseudomonas aeruginosa,Colistin,Eastside Medical Center,West District,2026-08,70,17,24.5,28.5,-4.0,28.7,2.9,-1.62,8,689,-5.5,0
OBS-01325,Pseudomonas aeruginosa,Ceftriaxone,North Suburbs Health Zone,West District,2025-10,542,105,19.4,22.2,-2.8,20.6,3.0,-0.55,5,2880,-10.6,0
OBS-01326,Staphylococcus aureus,Ceftriaxone,St. Jude General Hospital,Metro Central,2026-04,256,95,36.9,43.5,-6.6,43.7,5.2,-1.86,4,1130,-3.1,0
OBS-01327,Klebsiella pneumoniae,Vancomycin,Valley Health District,West District,2026-06,400,139,34.7,27.2,7.5,27.5,4.0,2.94,7,2961,-0.3,0
OBS-01328,Pseudomonas aeruginosa,Vancomycin,Eastside Medical Center,Metro Central,2026-08,554,216,39.1,30.7,8.3,31.6,4.9,2.76,6,3648,9.1,1
OBS-01329,Staphylococcus aureus,Ampicillin,North Suburbs Health Zone,East District,2026-05,221,96,43.3,41.7,1.6,42.7,2.5,0.34,3,917,3.3,0
OBS-01330,Pseudomonas aeruginosa,Vancomycin,North Suburbs Health Zone,Metro North,2026-08,432,52,12.1,13.7,-1.6,14.3,2.8,-0.75,2,1211,-17.9,0
OBS-01331,Staphylococcus aureus,Meropenem,Valley Health District,Metro Central,2026-07,181,71,39.2,43.5,-4.3,43.7,2.6,-1.48,4,1086,-0.8,0
OBS-01332,Acinetobacter baumannii,Ceftriaxone,Valley Health District,West District,2025-10,295,122,41.5,38.8,2.6,38.7,2.6,0.69,6,1905,16.5,0
OBS-01333,Escherichia coli,Colistin,St. Jude General Hospital,West District,2026-06,205,98,47.7,46.5,1.2,45.8,1.3,0.34,4,1104,7.7,0
OBS-01334,Klebsiella pneumoniae,Ampicillin,Valley Health District,Metro North,2026-03,340,125,36.7,36.3,0.3,36.5,3.1,-0.56,3,1103,1.7,0
OBS-01335,Staphylococcus aureus,Ampicillin,University Hospital Center,West District,2026-01,512,89,17.4,17.6,-0.2,15.2,2.4,-0.61,3,1842,-22.6,0
OBS-01336,Pseudomonas aeruginosa,Vancomycin,University Hospital Center,Metro North,2026-05,47,11,23.8,30.9,-7.1,29.1,4.5,-3.06,2,160,-6.2,0
OBS-01337,Acinetobacter baumannii,Ampicillin,North Suburbs Health Zone,Metro Central,2026-04,590,370,62.7,57.0,5.7,57.3,4.6,1.69,5,3061,37.7,1
OBS-01338,Acinetobacter baumannii,Gentamicin,St. Jude General Hospital,West District,2026-05,339,169,49.9,44.8,5.1,48.5,3.6,0.91,1,592,24.9,0
OBS-01339,Escherichia coli,Colistin,North Suburbs Health Zone,West District,2026-04,146,43,29.7,30.8,-1.1,29.9,1.5,0.08,2,416,-10.3,0
OBS-01340,Acinetobacter baumannii,Vancomycin,St. Jude General Hospital,Metro North,2026-03,387,195,50.3,50.7,-0.4,52.3,2.5,-0.12,7,2831,25.3,0
OBS-01341,Klebsiella pneumoniae,Colistin,St. Jude General Hospital,East District,2026-08,509,212,41.6,42.3,-0.7,40.2,2.6,-0.44,2,1319,6.6,0
OBS-01342,Pseudomonas aeruginosa,Colistin,Valley Health District,West District,2026-03,304,78,25.7,24.0,1.7,26.2,1.9,1.25,8,2772,-4.3,1
OBS-01343,Klebsiella pneumoniae,Meropenem,Metro West Community Clinic,East District,2025-10,419,159,37.8,37.6,0.2,40.0,1.7,-0.57,4,2014,2.8,0
OBS-01344,Enterococcus faecium,Meropenem,Metro West Community Clinic,East District,2026-05,341,57,16.7,19.7,-3.0,20.3,2.3,-1.73,8,2857,-13.3,0
OBS-01345,Klebsiella pneumoniae,Ceftriaxone,Eastside Medical Center,West District,2026-02,68,26,37.7,40.6,-2.9,40.5,3.6,-1.11,4,430,2.7,0
OBS-01346,Escherichia coli,Colistin,Eastside Medical Center,West District,2026-05,392,231,58.9,36.0,22.9,41.2,9.8,7.67,3,1555,18.9,1
OBS-01347,Pseudomonas aeruginosa,Ampicillin,North Suburbs Health Zone,Metro North,2026-06,219,49,22.3,21.5,0.8,22.3,2.5,0.23,8,2049,-7.7,1
OBS-01348,Escherichia coli,Colistin,University Hospital Center,East District,2026-01,193,50,25.7,26.8,-1.1,28.0,2.2,0.18,4,964,-14.3,0
OBS-01349,Escherichia coli,Gentamicin,University Hospital Center,East District,2026-05,52,18,35.3,35.9,-0.6,34.1,2.5,-0.53,8,734,-4.7,0
OBS-01350,Pseudomonas aeruginosa,Gentamicin,St. Jude General Hospital,West District,2026-08,377,177,47.0,29.6,17.4,31.8,8.0,5.71,2,1063,17.0,1
OBS-01351,Enterococcus faecium,Ceftriaxone,St. Jude General Hospital,Metro Central,2026-05,290,26,8.9,16.9,-7.9,14.7,4.5,-2.58,4,1341,-21.1,0
OBS-01352,Enterococcus faecium,Vancomycin,University Hospital Center,Metro North,2026-09,221,40,17.9,22.4,-4.5,21.1,4.6,-1.53,8,1838,-12.1,0
OBS-01353,Pseudomonas aeruginosa,Ciprofloxacin,Valley Health District,Metro North,2026-09,175,70,39.9,36.3,3.5,34.9,2.8,1.48,2,667,9.9,1
OBS-01354,Klebsiella pneumoniae,Ceftriaxone,Metro West Community Clinic,West District,2026-05,589,156,26.5,29.0,-2.5,27.8,2.3,-0.82,2,1254,-8.5,0
OBS-01355,Klebsiella pneumoniae,Ampicillin,St. Jude General Hospital,West District,2025-11,242,118,48.7,45.4,3.4,45.5,3.1,0.69,8,2037,13.7,0
OBS-01356,Staphylococcus aureus,Colistin,Metro West Community Clinic,Metro Central,2026-07,154,27,17.5,22.6,-5.1,20.0,4.4,-1.45,7,1354,-22.5,0
OBS-01357,Enterococcus faecium,Ceftriaxone,North Suburbs Health Zone,Metro Central,2026-02,317,45,14.0,11.5,2.5,11.8,2.7,0.35,7,2521,-16.0,0
OBS-01358,Staphylococcus aureus,Ceftriaxone,Eastside Medical Center,East District,2026-02,389,144,36.9,39.7,-2.8,38.4,2.2,-1.76,4,1746,-3.1,0
OBS-01359,Enterococcus faecium,Ampicillin,St. Jude General Hospital,Metro North,2026-05,366,158,43.2,32.9,10.2,35.4,5.2,3.81,1,676,13.2,1
OBS-01360,Escherichia coli,Vancomycin,North Suburbs Health Zone,East District,2025-11,390,94,24.1,24.7,-0.7,25.0,1.3,-0.35,8,3496,-15.9,0
OBS-01361,Klebsiella pneumoniae,Vancomycin,St. Jude General Hospital,Metro North,2026-01,553,213,38.5,45.5,-7.0,45.3,3.6,-2.05,5,2971,3.5,0
OBS-01362,Escherichia coli,Gentamicin,Eastside Medical Center,Metro North,2026-07,371,248,66.8,52.0,14.8,57.1,7.6,4.84,3,1243,26.8,1
OBS-01363,Klebsiella pneumoniae,Ceftriaxone,Valley Health District,Metro North,2026-03,466,168,36.1,39.1,-3.0,39.9,3.5,-0.73,8,3915,1.1,0
OBS-01364,Pseudomonas aeruginosa,Colistin,University Hospital Center,East District,2026-03,362,95,26.2,28.8,-2.5,25.7,3.5,-1.2,6,2452,-3.8,0
OBS-01365,Staphylococcus aureus,Ciprofloxacin,North Suburbs Health Zone,Metro Central,2026-04,183,56,30.7,35.3,-4.6,35.9,3.1,-1.64,6,1381,-9.3,1
OBS-01366,Enterococcus faecium,Meropenem,University Hospital Center,East District,2026-02,64,17,26.3,25.4,0.9,26.4,1.2,0.02,6,598,-3.7,0
OBS-01367,Acinetobacter baumannii,Ceftriaxone,Valley Health District,Metro North,2026-01,320,148,46.3,25.8,20.6,32.0,9.9,6.56,8,2664,21.3,1
OBS-01368,Enterococcus faecium,Ceftriaxone,North Suburbs Health Zone,Metro Central,2026-08,538,125,23.3,22.6,0.7,21.6,2.5,0.26,7,3943,-6.7,0
OBS-01369,Staphylococcus aureus,Ciprofloxacin,St. Jude General Hospital,Metro Central,2026-08,322,142,44.1,50.4,-6.3,47.0,3.1,-2.25,6,2257,4.1,0
OBS-01370,Escherichia coli,Ampicillin,University Hospital Center,Metro Central,2026-03,195,83,42.6,38.5,4.1,39.7,3.4,1.57,7,1492,2.6,1
OBS-01371,Acinetobacter baumannii,Ciprofloxacin,North Suburbs Health Zone,Metro North,2026-03,583,214,36.7,38.1,-1.4,38.1,1.8,-0.24,5,3114,11.7,0
OBS-01372,Escherichia coli,Vancomycin,Valley Health District,East District,2026-03,259,107,41.3,35.7,5.6,38.7,2.8,2.06,8,2216,1.3,1
OBS-01373,Pseudomonas aeruginosa,Colistin,University Hospital Center,East District,2026-02,183,60,32.7,29.4,3.3,28.5,2.5,0.89,1,294,2.7,0
OBS-01374,Staphylococcus aureus,Vancomycin,St. Jude General Hospital,Metro Central,2026-06,56,11,18.9,17.7,1.2,13.9,2.5,-0.22,6,675,-21.1,1
OBS-01375,Acinetobacter baumannii,Vancomycin,Eastside Medical Center,West District,2026-02,108,61,56.5,53.7,2.8,53.6,3.8,0.93,6,736,31.5,0
OBS-01376,Escherichia coli,Ceftriaxone,University Hospital Center,Metro Central,2026-07,235,101,42.8,41.3,1.6,40.5,1.9,0.25,8,1967,2.8,0
OBS-01377,Pseudomonas aeruginosa,Ampicillin,North Suburbs Health Zone,Metro North,2026-08,114,27,23.9,24.2,-0.3,24.4,3.3,-0.14,6,827,-6.1,0
OBS-01378,Acinetobacter baumannii,Vancomycin,Valley Health District,West District,2025-10,340,176,51.7,49.1,2.6,51.7,3.9,1.43,7,2433,26.7,1
OBS-01379,Escherichia coli,Meropenem,Eastside Medical Center,West District,2025-12,268,86,31.9,29.3,2.6,29.7,3.0,1.46,5,1689,-8.1,0
OBS-01380,Staphylococcus aureus,Gentamicin,Valley Health District,Metro North,2026-07,196,56,28.6,27.7,1.0,29.8,1.6,0.53,6,1322,-11.4,0
OBS-01381,Klebsiella pneumoniae,Ciprofloxacin,St. Jude General Hospital,Metro Central,2025-12,110,44,40.4,37.7,2.8,39.1,1.9,1.79,6,877,5.4,1
OBS-01382,Enterococcus faecium,Meropenem,University Hospital Center,East District,2025-12,317,70,22.0,21.2,0.8,23.1,1.6,-0.19,7,2388,-8.0,0
OBS-01383,Pseudomonas aeruginosa,Ciprofloxacin,University Hospital Center,West District,2025-11,66,10,15.2,17.3,-2.1,16.9,2.0,-0.82,7,739,-14.8,0
OBS-01384,Klebsiella pneumoniae,Ampicillin,St. Jude General Hospital,West District,2026-05,243,96,39.7,40.5,-0.7,38.0,2.4,-0.36,7,1856,4.7,0
OBS-01385,Escherichia coli,Ciprofloxacin,University Hospital Center,Metro Central,2025-12,163,76,46.4,44.4,2.0,46.7,1.8,0.58,4,952,6.4,0
OBS-01386,Pseudomonas aeruginosa,Ampicillin,University Hospital Center,Metro North,2025-11,529,111,20.9,15.6,5.3,15.7,4.2,1.31,6,3354,-9.1,0
OBS-01387,Escherichia coli,Ciprofloxacin,North Suburbs Health Zone,West District,2026-04,403,123,30.5,28.9,1.6,27.0,2.5,0.02,2,1040,-9.5,0
OBS-01388,Staphylococcus aureus,Vancomycin,Valley Health District,East District,2026-01,439,228,52.0,30.7,21.3,34.3,9.6,7.36,2,1169,12.0,1
OBS-01389,Pseudomonas aeruginosa,Ciprofloxacin,University Hospital Center,Metro North,2025-12,171,67,39.0,18.5,20.5,22.9,8.2,7.11,1,486,9.0,1
OBS-01390,Escherichia coli,Ceftriaxone,University Hospital Center,East District,2026-03,201,121,60.0,39.7,20.3,45.4,10.5,6.7,7,1671,20.0,1
OBS-01391,Enterococcus faecium,Vancomycin,Valley Health District,Metro North,2026-03,206,65,31.3,31.1,0.2,32.8,2.1,1.01,2,477,1.3,0
OBS-01392,Enterococcus faecium,Colistin,Eastside Medical Center,East District,2025-10,379,76,20.0,25.5,-5.5,23.0,5.4,-2.69,1,443,-10.0,1
OBS-01393,Klebsiella pneumoniae,Ampicillin,St. Jude General Hospital,West District,2026-07,201,91,45.3,31.5,13.9,31.2,5.8,4.78,3,704,10.3,1
OBS-01394,Escherichia coli,Ciprofloxacin,North Suburbs Health Zone,West District,2026-04,177,74,41.8,43.6,-1.9,43.9,3.0,-0.96,8,1774,1.8,1
OBS-01395,Staphylococcus aureus,Ampicillin,Eastside Medical Center,Metro North,2026-03,138,26,18.8,21.0,-2.3,20.1,4.3,-1.07,6,1122,-21.2,0
OBS-01396,Acinetobacter baumannii,Meropenem,University Hospital Center,Metro North,2026-06,186,66,35.6,34.1,1.5,32.4,1.5,0.37,3,723,10.6,0
OBS-01397,Enterococcus faecium,Ampicillin,Eastside Medical Center,Metro Central,2026-01,296,37,12.6,12.2,0.3,12.1,2.0,-0.24,4,1328,-17.4,0
OBS-01398,Enterococcus faecium,Ampicillin,Valley Health District,East District,2025-12,472,78,16.4,19.6,-3.2,21.7,2.4,-0.82,6,3073,-13.6,0
OBS-01399,Escherichia coli,Gentamicin,North Suburbs Health Zone,Metro Central,2026-01,54,26,49.0,46.5,2.5,48.6,2.0,0.62,3,285,9.0,0
OBS-01400,Klebsiella pneumoniae,Meropenem,North Suburbs Health Zone,East District,2025-10,535,435,81.4,56.2,25.2,61.8,10.7,8.02,8,4506,46.4,1
OBS-01401,Staphylococcus aureus,Ampicillin,University Hospital Center,West District,2026-07,598,324,54.1,28.7,25.5,34.2,12.2,8.83,5,3265,14.1,1
OBS-01402,Pseudomonas aeruginosa,Colistin,University Hospital Center,East District,2026-03,507,233,45.9,20.0,25.9,24.5,11.3,8.0,8,4445,15.9,1
OBS-01403,Pseudomonas aeruginosa,Ciprofloxacin,Eastside Medical Center,West District,2026-08,596,223,37.5,19.2,18.2,21.5,7.6,6.22,1,710,7.5,1
OBS-01404,Escherichia coli,Ceftriaxone,Valley Health District,East District,2025-12,354,137,38.7,37.6,1.0,36.8,2.9,0.39,6,2405,-1.3,0
OBS-01405,Escherichia coli,Vancomycin,Metro West Community Clinic,Metro North,2026-04,185,59,32.1,31.3,0.8,31.9,3.1,0.28,4,1138,-7.9,1
OBS-01406,Enterococcus faecium,Gentamicin,Eastside Medical Center,Metro North,2026-07,585,92,15.7,17.8,-2.1,16.6,3.7,-0.74,1,820,-14.3,0
OBS-01407,Acinetobacter baumannii,Meropenem,Eastside Medical Center,Metro North,2025-11,271,62,22.7,26.9,-4.2,26.4,3.1,-2.1,3,940,-2.3,0
OBS-01408,Staphylococcus aureus,Vancomycin,University Hospital Center,East District,2025-10,343,81,23.5,21.7,1.9,21.0,1.5,0.94,7,2650,-16.5,0
OBS-01409,Staphylococcus aureus,Ampicillin,Eastside Medical Center,Metro North,2026-09,40,12,29.3,32.1,-2.9,30.7,3.6,-0.57,5,288,-10.7,0
OBS-01410,Pseudomonas aeruginosa,Meropenem,Valley Health District,Metro Central,2025-10,183,55,30.3,34.0,-3.8,32.0,4.7,-1.3,7,1404,0.3,0
OBS-01411,Klebsiella pneumoniae,Ampicillin,University Hospital Center,West District,2026-04,294,205,69.8,46.0,23.8,47.4,9.6,7.37,4,1405,34.8,1
OBS-01412,Staphylococcus aureus,Ciprofloxacin,Valley Health District,Metro North,2026-01,185,67,36.4,44.6,-8.2,42.9,5.8,-2.89,8,1874,-3.6,0
OBS-01413,Enterococcus faecium,Ciprofloxacin,Metro West Community Clinic,East District,2026-06,522,202,38.8,33.6,5.2,36.8,4.1,1.85,2,1212,8.8,1
OBS-01414,Escherichia coli,Ceftriaxone,Valley Health District,West District,2025-12,389,94,24.1,25.4,-1.2,25.0,3.6,0.0,2,967,-15.9,0
OBS-01415,Pseudomonas aeruginosa,Ciprofloxacin,Valley Health District,West District,2026-04,538,227,42.2,39.0,3.2,40.5,3.0,1.5,3,1813,12.2,1
OBS-01416,Enterococcus faecium,Ceftriaxone,Metro West Community Clinic,East District,2026-01,482,92,19.1,36.3,-17.2,32.9,7.9,-5.63,8,4121,-10.9,0
OBS-01417,Enterococcus faecium,Gentamicin,Eastside Medical Center,East District,2026-08,469,64,13.6,19.4,-5.8,15.9,4.7,-1.87,6,3205,-16.4,0
OBS-01418,Escherichia coli,Ciprofloxacin,St. Jude General Hospital,West District,2026-01,266,77,28.9,26.6,2.4,27.8,2.1,0.92,8,2480,-11.1,0
OBS-01419,Enterococcus faecium,Ampicillin,Metro West Community Clinic,West District,2026-07,83,46,55.3,30.9,24.3,40.2,11.8,7.69,7,939,25.3,1
OBS-01420,Escherichia coli,Ceftriaxone,St. Jude General Hospital,Metro Central,2026-01,471,162,34.5,31.0,3.4,30.7,3.0,0.53,6,3077,-5.5,1
OBS-01421,Enterococcus faecium,Vancomycin,North Suburbs Health Zone,West District,2026-07,448,63,14.0,17.0,-3.0,15.0,2.8,-0.79,1,819,-16.0,0
OBS-01422,Escherichia coli,Meropenem,Metro West Community Clinic,Metro North,2025-10,141,44,30.9,31.3,-0.4,31.8,1.5,-0.02,6,1045,-9.1,0
OBS-01423,Enterococcus faecium,Ampicillin,Eastside Medical Center,East District,2026-08,400,5,1.3,9.5,-8.1,8.4,5.0,-2.5,6,2577,-28.7,0
OBS-01424,Pseudomonas aeruginosa,Ampicillin,Valley Health District,East District,2025-12,600,204,34.0,32.3,1.8,32.6,3.9,0.6,4,2781,4.0,0
OBS-01425,Pseudomonas aeruginosa,Vancomycin,University Hospital Center,West District,2025-11,400,134,33.4,27.4,6.0,25.4,4.3,2.17,6,2765,3.4,1
OBS-01426,Klebsiella pneumoniae,Colistin,Eastside Medical Center,Metro Central,2026-09,455,159,35.0,28.5,6.5,30.9,3.5,2.34,2,1120,0.0,1
OBS-01427,Staphylococcus aureus,Meropenem,Eastside Medical Center,West District,2026-03,488,5,1.0,3.4,-2.4,2.0,3.4,-0.47,6,3163,-39.0,0
OBS-01428,Pseudomonas aeruginosa,Ciprofloxacin,St. Jude General Hospital,Metro North,2026-07,558,150,27.0,23.3,3.7,23.6,4.7,1.09,5,3168,-3.0,0
OBS-01429,Acinetobacter baumannii,Meropenem,North Suburbs Health Zone,Metro Central,2026-01,132,66,50.3,50.0,0.2,50.2,1.6,-0.04,2,620,25.3,0
OBS-01430,Pseudomonas aeruginosa,Meropenem,Valley Health District,East District,2026-06,446,108,24.3,21.6,2.7,23.8,2.3,1.38,6,2794,-5.7,0
OBS-01431,Enterococcus faecium,Vancomycin,Eastside Medical Center,Metro Central,2026-03,493,113,22.9,24.3,-1.4,25.3,3.5,-0.71,4,2042,-7.1,0
OBS-01432,Pseudomonas aeruginosa,Ciprofloxacin,North Suburbs Health Zone,Metro North,2026-09,291,116,40.0,43.0,-3.0,44.2,3.0,-0.85,4,1329,10.0,0
OBS-01433,Klebsiella pneumoniae,Ciprofloxacin,Eastside Medical Center,Metro North,2025-10,489,125,25.5,28.5,-3.0,24.4,3.0,-0.33,8,4174,-9.5,0
OBS-01434,Klebsiella pneumoniae,Ampicillin,University Hospital Center,West District,2026-08,307,120,39.1,40.6,-1.5,39.4,2.4,-0.73,7,2385,4.1,0
OBS-01435,Pseudomonas aeruginosa,Colistin,University Hospital Center,East District,2026-06,118,28,23.7,28.5,-4.8,26.3,3.9,-2.44,6,826,-6.3,0
OBS-01436,Enterococcus faecium,Meropenem,Metro West Community Clinic,Metro North,2025-11,588,268,45.6,21.2,24.3,25.5,10.5,7.91,8,4914,15.6,1
OBS-01437,Pseudomonas aeruginosa,Gentamicin,Valley Health District,Metro North,2026-05,94,33,34.9,24.3,10.6,26.3,6.0,3.19,5,755,4.9,1
OBS-01438,Staphylococcus aureus,Ciprofloxacin,University Hospital Center,Metro Central,2026-06,98,39,39.5,36.7,2.8,36.4,4.3,0.93,8,1011,-0.5,0
OBS-01439,Escherichia coli,Gentamicin,Eastside Medical Center,Metro Central,2026-09,298,60,20.2,23.0,-2.8,21.8,3.7,-1.39,5,1554,-19.8,0
OBS-01440,Enterococcus faecium,Vancomycin,University Hospital Center,West District,2026-01,357,98,27.4,25.9,1.6,24.4,2.3,-0.16,8,3181,-2.6,0
OBS-01441,Klebsiella pneumoniae,Ceftriaxone,Metro West Community Clinic,West District,2025-12,46,27,59.2,46.0,13.2,47.7,6.6,4.17,6,638,24.2,1
OBS-01442,Escherichia coli,Ceftriaxone,St. Jude General Hospital,West District,2026-09,239,60,25.1,22.0,3.1,22.7,3.5,0.91,3,894,-14.9,0
OBS-01443,Klebsiella pneumoniae,Vancomycin,University Hospital Center,Metro Central,2026-08,162,93,57.5,38.9,18.6,43.4,8.9,5.75,8,1515,22.5,1
OBS-01444,Enterococcus faecium,Ampicillin,North Suburbs Health Zone,West District,2026-09,181,63,34.6,19.0,15.7,24.6,7.7,5.25,8,1673,4.6,1
OBS-01445,Staphylococcus aureus,Colistin,North Suburbs Health Zone,Metro Central,2025-12,451,140,31.0,31.8,-0.8,30.7,2.9,0.09,5,2407,-9.0,0
OBS-01446,Enterococcus faecium,Ciprofloxacin,Eastside Medical Center,West District,2025-11,60,34,56.4,32.6,23.8,37.1,10.5,8.21,5,660,26.4,1
OBS-01447,Escherichia coli,Meropenem,St. Jude General Hospital,Metro Central,2025-10,433,233,53.7,34.8,18.9,40.2,8.0,5.98,6,2804,13.7,1
OBS-01448,Escherichia coli,Meropenem,University Hospital Center,West District,2025-12,393,154,39.1,39.9,-0.9,38.8,1.7,0.32,4,1671,-0.9,0
OBS-01449,Acinetobacter baumannii,Colistin,Metro West Community Clinic,Metro North,2026-05,559,121,21.6,24.5,-2.9,24.8,2.5,-1.26,3,1803,-3.4,0
OBS-01450,Acinetobacter baumannii,Ciprofloxacin,Metro West Community Clinic,Metro Central,2026-02,150,20,13.1,16.0,-2.9,15.4,2.0,-0.88,5,978,-11.9,0
OBS-01451,Klebsiella pneumoniae,Ciprofloxacin,North Suburbs Health Zone,Metro North,2026-07,385,143,37.2,39.8,-2.7,37.1,2.9,-0.18,3,1437,2.2,0
OBS-01452,Staphylococcus aureus,Vancomycin,North Suburbs Health Zone,Metro Central,2026-08,386,109,28.1,30.3,-2.2,28.1,1.9,-0.73,2,948,-11.9,0
OBS-01453,Staphylococcus aureus,Meropenem,North Suburbs Health Zone,Metro Central,2026-03,531,89,16.8,15.1,1.8,14.4,4.0,0.38,1,918,-23.2,0
OBS-01454,Escherichia coli,Vancomycin,Metro West Community Clinic,Metro Central,2026-08,579,178,30.8,28.7,2.1,27.5,2.9,0.44,6,3812,-9.2,0
OBS-01455,Staphylococcus aureus,Vancomycin,Metro West Community Clinic,Metro North,2026-02,178,74,41.8,41.4,0.4,42.1,3.1,-0.05,6,1347,1.8,0
OBS-01456,Enterococcus faecium,Ampicillin,North Suburbs Health Zone,West District,2026-04,542,106,19.6,22.9,-3.2,21.4,2.6,-1.35,2,1146,-10.4,0
OBS-01457,Staphylococcus aureus,Ceftriaxone,North Suburbs Health Zone,East District,2026-05,96,9,9.6,4.7,4.9,4.6,2.9,2.1,5,800,-30.4,0
OBS-01458,Escherichia coli,Colistin,Metro West Community Clinic,Metro North,2026-08,89,44,49.8,28.6,21.2,34.0,9.7,6.87,6,857,9.8,1
OBS-01459,Pseudomonas aeruginosa,Ceftriaxone,St. Jude General Hospital,West District,2026-09,560,6,1.0,2.0,-1.0,2.1,3.0,-0.16,3,1919,-29.0,0
OBS-01460,Klebsiella pneumoniae,Ciprofloxacin,North Suburbs Health Zone,Metro North,2026-01,114,27,23.9,30.8,-6.9,27.5,3.6,-2.73,6,838,-11.1,0
OBS-01461,Acinetobacter baumannii,Ciprofloxacin,St. Jude General Hospital,West District,2026-01,337,148,44.0,38.2,5.8,39.1,3.5,2.03,2,726,19.0,1
OBS-01462,Pseudomonas aeruginosa,Meropenem,North Suburbs Health Zone,Metro North,2026-03,85,40,46.5,24.9,21.6,28.8,10.4,7.66,7,724,16.5,1
OBS-01463,Staphylococcus aureus,Gentamicin,Metro West Community Clinic,East District,2026-01,459,94,20.5,24.8,-4.4,23.3,4.1,-1.08,5,2350,-19.5,0
OBS-01464,Pseudomonas aeruginosa,Vancomycin,University Hospital Center,West District,2026-02,444,162,36.4,30.4,6.0,33.1,3.8,1.25,1,515,6.4,1
OBS-01465,Enterococcus faecium,Gentamicin,University Hospital Center,Metro Central,2026-08,158,39,24.7,22.1,2.7,20.6,2.8,1.37,2,447,-5.3,0
OBS-01466,Klebsiella pneumoniae,Ceftriaxone,Eastside Medical Center,Metro North,2026-09,447,114,25.6,29.7,-4.2,31.3,3.7,-1.66,5,2430,-9.4,0
OBS-01467,Acinetobacter baumannii,Colistin,St. Jude General Hospital,Metro Central,2026-04,128,83,65.2,64.7,0.5,66.5,1.6,0.26,4,846,40.2,0
OBS-01468,Acinetobacter baumannii,Ciprofloxacin,North Suburbs Health Zone,West District,2025-11,274,112,40.9,40.3,0.6,39.3,1.1,0.98,2,617,15.9,0
OBS-01469,Enterococcus faecium,Vancomycin,St. Jude General Hospital,Metro North,2026-04,488,135,27.6,24.5,3.1,23.6,2.5,1.01,6,3051,-2.4,0
OBS-01470,Enterococcus faecium,Ceftriaxone,University Hospital Center,Metro North,2026-09,84,39,46.7,25.9,20.7,29.0,9.4,7.02,6,845,16.7,1
OBS-01471,Pseudomonas aeruginosa,Meropenem,Eastside Medical Center,West District,2026-01,440,210,47.7,27.1,20.6,33.6,9.8,6.09,1,684,17.7,1
OBS-01472,Klebsiella pneumoniae,Gentamicin,University Hospital Center,East District,2026-08,65,38,58.4,44.5,13.9,47.0,7.5,4.18,8,795,23.4,1
OBS-01473,Acinetobacter baumannii,Meropenem,University Hospital Center,East District,2025-10,106,26,24.8,23.1,1.6,21.4,2.6,0.52,2,471,-0.2,1
OBS-01474,Enterococcus faecium,Meropenem,Valley Health District,East District,2026-03,186,50,26.8,24.5,2.3,26.4,3.6,0.34,1,289,-3.2,1
OBS-01475,Escherichia coli,Ceftriaxone,St. Jude General Hospital,West District,2026-07,269,146,54.4,41.0,13.4,44.8,8.1,4.26,2,909,14.4,0
OBS-01476,Staphylococcus aureus,Ceftriaxone,Valley Health District,West District,2026-02,500,134,26.8,26.6,0.2,26.1,2.4,-0.27,7,3671,-13.2,0
OBS-01477,Pseudomonas aeruginosa,Gentamicin,North Suburbs Health Zone,West District,2025-12,589,177,30.1,30.7,-0.6,31.7,2.6,0.11,8,4946,0.1,0
OBS-01478,Enterococcus faecium,Meropenem,North Suburbs Health Zone,East District,2025-12,61,25,41.6,36.7,4.9,39.0,5.2,2.47,6,637,11.6,1
OBS-01479,Staphylococcus aureus,Ampicillin,Valley Health District,Metro North,2026-04,401,173,43.2,40.5,2.8,40.6,2.0,1.1,3,1359,3.2,0
OBS-01480,Staphylococcus aureus,Ampicillin,Valley Health District,West District,2026-05,514,245,47.6,56.9,-9.3,54.7,5.6,-2.6,7,3834,7.6,0
OBS-01481,Klebsiella pneumoniae,Gentamicin,Metro West Community Clinic,Metro North,2026-01,235,125,53.0,32.4,20.6,36.6,10.2,6.99,4,1281,18.0,1
OBS-01482,Acinetobacter baumannii,Colistin,North Suburbs Health Zone,West District,2026-03,258,17,6.4,26.7,-20.3,22.6,8.5,-6.67,5,1541,-18.6,0
OBS-01483,Pseudomonas aeruginosa,Vancomycin,Metro West Community Clinic,West District,2025-10,262,68,25.8,29.0,-3.2,30.8,2.2,-0.58,4,1270,-4.2,0
OBS-01484,Staphylococcus aureus,Ceftriaxone,North Suburbs Health Zone,Metro North,2026-05,251,76,30.3,27.1,3.2,27.1,3.0,0.3,1,498,-9.7,0
OBS-01485,Enterococcus faecium,Gentamicin,Metro West Community Clinic,Metro North,2026-08,242,72,29.9,31.1,-1.2,31.6,2.0,-1.01,7,1821,-0.1,0
OBS-01486,Enterococcus faecium,Meropenem,North Suburbs Health Zone,East District,2026-07,139,1,1.0,9.7,-8.7,9.1,5.6,-2.77,1,222,-29.0,0
OBS-01487,Escherichia coli,Colistin,St. Jude General Hospital,East District,2026-03,194,76,39.1,40.5,-1.4,41.2,2.7,-0.57,4,935,-0.9,0
OBS-01488,Acinetobacter baumannii,Colistin,Metro West Community Clinic,West District,2026-05,219,98,44.8,37.7,7.0,40.2,4.8,2.53,6,1512,19.8,1
OBS-01489,Klebsiella pneumoniae,Meropenem,University Hospital Center,West District,2025-11,202,99,48.9,54.1,-5.2,54.0,2.8,-1.09,7,1751,13.9,0
OBS-01490,Pseudomonas aeruginosa,Gentamicin,University Hospital Center,Metro Central,2026-08,495,63,12.8,8.4,4.4,7.8,4.1,1.94,3,1584,-17.2,0
OBS-01491,Staphylococcus aureus,Ampicillin,North Suburbs Health Zone,West District,2025-12,411,105,25.5,20.7,4.7,23.8,3.9,1.79,1,686,-14.5,0
OBS-01492,Escherichia coli,Ampicillin,Valley Health District,East District,2026-03,418,227,54.2,30.7,23.5,33.2,9.6,8.05,2,921,14.2,1
OBS-01493,Klebsiella pneumoniae,Ciprofloxacin,Valley Health District,Metro North,2026-08,339,94,27.7,34.9,-7.2,33.7,3.8,-3.15,6,2126,-7.3,0
OBS-01494,Staphylococcus aureus,Ciprofloxacin,Metro West Community Clinic,West District,2025-12,298,155,52.1,51.2,0.9,54.4,2.0,-0.09,6,1936,12.1,0
OBS-01495,Escherichia coli,Ampicillin,Eastside Medical Center,Metro North,2025-10,353,112,31.6,37.4,-5.8,40.3,3.6,-1.96,4,1596,-8.4,0
OBS-01496,Escherichia coli,Colistin,Valley Health District,West District,2026-08,380,149,39.1,26.4,12.7,28.6,5.9,3.73,2,1092,-0.9,0
OBS-01497,Escherichia coli,Gentamicin,Metro West Community Clinic,Metro Central,2026-02,244,95,39.1,39.0,0.0,40.7,1.6,-0.95,7,1998,-0.9,1
OBS-01498,Enterococcus faecium,Colistin,Valley Health District,West District,2026-03,564,139,24.6,27.8,-3.2,27.4,4.6,-1.81,6,3651,-5.4,0
OBS-01499,Pseudomonas aeruginosa,Gentamicin,Eastside Medical Center,Metro North,2026-05,313,46,14.7,17.7,-3.0,19.2,4.1,-0.3,5,1657,-15.3,0
OBS-01500,Escherichia coli,Vancomycin,Valley Health District,East District,2026-06,63,17,26.3,29.1,-2.7,29.6,2.1,-1.02,2,241,-13.7,0
OBS-01501,Escherichia coli,Meropenem,Eastside Medical Center,Metro Central,2025-12,129,8,6.4,18.8,-12.4,18.3,7.7,-4.91,4,604,-33.6,0
OBS-01502,Acinetobacter baumannii,Ciprofloxacin,University Hospital Center,West District,2026-08,148,105,71.0,51.4,19.7,55.4,7.8,6.86,6,1251,46.0,1
OBS-01503,Enterococcus faecium,Ciprofloxacin,University Hospital Center,Metro Central,2026-09,43,4,8.5,10.8,-2.3,9.3,2.1,-0.98,2,357,-21.5,0
OBS-01504,Escherichia coli,Gentamicin,St. Jude General Hospital,West District,2026-03,527,167,31.8,42.8,-11.1,41.2,5.4,-3.9,4,2259,-8.2,0
OBS-01505,Enterococcus faecium,Meropenem,North Suburbs Health Zone,East District,2026-09,493,116,23.6,25.0,-1.4,27.1,2.7,0.08,1,637,-6.4,0
OBS-01506,Klebsiella pneumoniae,Colistin,University Hospital Center,Metro North,2026-09,117,63,53.6,30.6,23.0,36.4,9.4,8.04,2,380,18.6,1
OBS-01507,Klebsiella pneumoniae,Ampicillin,Valley Health District,East District,2026-07,558,151,27.1,34.1,-7.0,34.5,4.1,-2.64,7,4283,-7.9,0
OBS-01508,Pseudomonas aeruginosa,Gentamicin,University Hospital Center,Metro Central,2026-08,328,3,1.0,22.7,-21.7,16.8,9.0,-7.71,5,1772,-29.0,0
OBS-01509,Enterococcus faecium,Ciprofloxacin,Metro West Community Clinic,West District,2025-11,52,28,53.9,40.9,13.0,46.4,6.7,4.29,8,811,23.9,1
OBS-01510,Pseudomonas aeruginosa,Gentamicin,Valley Health District,Metro Central,2026-07,366,90,24.5,21.9,2.6,24.2,3.8,0.11,5,2110,-5.5,0
OBS-01511,Pseudomonas aeruginosa,Ampicillin,Eastside Medical Center,West District,2026-03,273,132,48.4,34.5,13.9,35.8,6.5,4.76,4,1442,18.4,1
OBS-01512,Staphylococcus aureus,Colistin,North Suburbs Health Zone,West District,2026-05,196,56,28.4,25.7,2.8,24.8,4.3,1.94,8,1690,-11.6,0
OBS-01513,Escherichia coli,Vancomycin,University Hospital Center,East District,2026-04,449,289,64.4,45.9,18.5,49.2,8.9,5.36,3,1584,24.4,1
OBS-01514,Klebsiella pneumoniae,Meropenem,Metro West Community Clinic,Metro North,2026-01,56,32,57.6,58.9,-1.3,58.3,3.9,-0.09,2,362,22.6,0
OBS-01515,Klebsiella pneumoniae,Ciprofloxacin,North Suburbs Health Zone,West District,2025-12,324,252,77.7,55.8,21.9,57.9,11.0,7.63,5,1786,42.7,1
OBS-01516,Staphylococcus aureus,Vancomycin,University Hospital Center,West District,2026-08,401,157,39.2,19.9,19.3,25.0,9.0,6.14,1,505,-0.8,1
OBS-01517,Pseudomonas aeruginosa,Meropenem,University Hospital Center,West District,2026-01,542,103,19.1,14.8,4.2,19.2,3.4,1.25,7,3850,-10.9,0
OBS-01518,Pseudomonas aeruginosa,Gentamicin,Eastside Medical Center,West District,2026-07,172,68,39.4,38.9,0.5,36.4,2.1,-0.27,2,665,9.4,0
OBS-01519,Enterococcus faecium,Vancomycin,University Hospital Center,East District,2026-07,104,27,26.1,33.9,-7.8,32.0,3.9,-1.35,8,891,-3.9,0
OBS-01520,Klebsiella pneumoniae,Colistin,Valley Health District,Metro North,2026-03,327,83,25.3,25.2,0.1,27.6,1.9,0.46,8,2950,-9.7,0
OBS-01521,Enterococcus faecium,Meropenem,University Hospital Center,East District,2026-08,282,84,29.7,27.0,2.7,26.6,4.3,1.41,4,1305,-0.3,0
OBS-01522,Escherichia coli,Colistin,Metro West Community Clinic,Metro Central,2026-04,369,132,35.8,34.5,1.2,34.0,2.0,0.09,3,1198,-4.2,0
OBS-01523,Enterococcus faecium,Colistin,St. Jude General Hospital,West District,2026-04,322,94,29.2,30.5,-1.4,29.0,1.9,-0.72,4,1411,-0.8,0
OBS-01524,Staphylococcus aureus,Meropenem,University Hospital Center,Metro Central,2026-03,534,243,45.6,33.5,12.1,38.0,6.2,3.66,6,3541,5.6,1
OBS-01525,Pseudomonas aeruginosa,Ceftriaxone,Metro West Community Clinic,Metro North,2026-08,163,45,27.6,23.2,4.4,25.6,4.3,1.75,4,853,-2.4,0
OBS-01526,Klebsiella pneumoniae,Ceftriaxone,Metro West Community Clinic,East District,2026-01,473,265,56.1,56.2,-0.1,57.2,2.5,0.27,7,3366,21.1,0
OBS-01527,Pseudomonas aeruginosa,Ciprofloxacin,St. Jude General Hospital,West District,2025-11,516,128,24.9,24.7,0.2,23.5,2.7,0.22,6,3221,-5.1,0
OBS-01528,Klebsiella pneumoniae,Ceftriaxone,North Suburbs Health Zone,East District,2025-11,506,386,76.3,51.6,24.7,56.1,10.3,8.21,5,2721,41.3,1
OBS-01529,Acinetobacter baumannii,Meropenem,Eastside Medical Center,Metro Central,2025-11,374,177,47.2,46.7,0.5,47.1,2.4,-0.17,1,706,22.2,0
OBS-01530,Enterococcus faecium,Ampicillin,Metro West Community Clinic,Metro Central,2026-08,371,200,53.8,28.8,25.0,33.4,10.6,8.23,7,2849,23.8,1
OBS-01531,Enterococcus faecium,Colistin,Eastside Medical Center,Metro Central,2026-06,175,17,9.6,31.9,-22.3,25.9,11.1,-7.46,1,479,-20.4,0
OBS-01532,Acinetobacter baumannii,Meropenem,Valley Health District,Metro North,2025-11,405,292,72.0,54.9,17.1,57.8,6.8,5.7,6,2653,47.0,1
OBS-01533,Staphylococcus aureus,Ceftriaxone,St. Jude General Hospital,West District,2026-08,198,30,15.0,18.6,-3.6,19.8,3.9,-0.77,7,1716,-25.0,0
OBS-01534,Staphylococcus aureus,Meropenem,St. Jude General Hospital,East District,2026-01,97,44,45.8,42.6,3.2,43.2,3.2,0.51,4,768,5.8,1
OBS-01535,Enterococcus faecium,Vancomycin,Valley Health District,Metro North,2026-05,83,19,22.8,23.2,-0.3,23.0,2.6,-0.43,1,245,-7.2,0
OBS-01536,Klebsiella pneumoniae,Ceftriaxone,Eastside Medical Center,East District,2026-04,59,15,25.1,27.4,-2.3,28.6,2.3,-0.57,7,724,-9.9,0
OBS-01537,Enterococcus faecium,Gentamicin,Valley Health District,West District,2026-06,81,16,20.0,20.2,-0.3,18.6,2.3,0.31,2,314,-10.0,0
OBS-01538,Acinetobacter baumannii,Ampicillin,St. Jude General Hospital,East District,2026-09,416,203,48.9,52.4,-3.5,50.2,2.4,-1.57,2,1142,23.9,0
OBS-01539,Klebsiella pneumoniae,Meropenem,Metro West Community Clinic,Metro Central,2026-08,312,107,34.3,26.8,7.5,28.8,4.5,2.13,5,1894,-0.7,0
OBS-01540,Klebsiella pneumoniae,Vancomycin,Metro West Community Clinic,East District,2026-03,374,194,51.9,50.4,1.4,48.0,1.4,0.41,4,1679,16.9,0
OBS-01541,Staphylococcus aureus,Ciprofloxacin,North Suburbs Health Zone,West District,2026-01,155,33,21.2,20.7,0.5,21.1,1.2,0.36,3,536,-18.8,0
OBS-01542,Klebsiella pneumoniae,Meropenem,Metro West Community Clinic,East District,2026-09,350,173,49.4,45.1,4.3,46.6,3.4,1.46,4,1634,14.4,1
OBS-01543,Klebsiella pneumoniae,Ceftriaxone,Eastside Medical Center,Metro North,2026-06,357,104,29.2,22.7,6.4,27.4,4.6,2.23,1,413,-5.8,0
OBS-01544,Pseudomonas aeruginosa,Meropenem,North Suburbs Health Zone,West District,2026-09,508,140,27.5,27.4,0.1,24.8,3.1,0.7,6,3298,-2.5,0
OBS-01545,Staphylococcus aureus,Ampicillin,Metro West Community Clinic,East District,2026-08,119,20,16.5,30.4,-13.9,28.9,6.1,-5.0,4,841,-23.5,1
OBS-01546,Escherichia coli,Vancomycin,St. Jude General Hospital,East District,2025-10,495,94,19.0,21.6,-2.7,23.1,2.7,-1.28,5,2720,-21.0,0
OBS-01547,Escherichia coli,Ciprofloxacin,Eastside Medical Center,Metro North,2026-08,473,227,47.9,24.7,23.3,29.5,10.0,8.29,4,2132,7.9,0
OBS-01548,Escherichia coli,Ciprofloxacin,Eastside Medical Center,Metro North,2026-02,249,100,40.2,38.9,1.3,38.8,2.9,-0.08,8,2103,0.2,0
OBS-01549,Enterococcus faecium,Vancomycin,St. Jude General Hospital,West District,2025-12,155,32,20.7,22.7,-2.0,20.6,3.7,-0.25,1,249,-9.3,0
OBS-01550,Acinetobacter baumannii,Gentamicin,Metro West Community Clinic,East District,2026-02,531,276,51.9,45.6,6.2,46.2,4.0,2.29,1,613,26.9,1
OBS-01551,Escherichia coli,Ampicillin,Valley Health District,West District,2025-10,549,161,29.3,22.2,7.1,23.0,4.7,2.55,1,820,-10.7,0
OBS-01552,Escherichia coli,Ceftriaxone,St. Jude General Hospital,Metro Central,2026-02,530,207,39.1,36.9,2.2,37.9,3.3,1.07,5,2803,-0.9,1
OBS-01553,Pseudomonas aeruginosa,Vancomycin,University Hospital Center,Metro North,2026-09,41,15,37.1,22.3,14.8,24.8,8.3,5.06,8,710,7.1,1
OBS-01554,Acinetobacter baumannii,Gentamicin,North Suburbs Health Zone,Metro North,2026-09,333,212,63.7,40.1,23.6,47.8,10.2,7.62,1,569,38.7,1
OBS-01555,Acinetobacter baumannii,Meropenem,Eastside Medical Center,East District,2026-09,368,150,40.9,29.2,11.7,32.3,7.1,4.05,3,1481,15.9,1
OBS-01556,Staphylococcus aureus,Colistin,North Suburbs Health Zone,East District,2026-02,546,242,44.4,46.4,-2.0,46.8,1.6,-0.34,3,2033,4.4,0
OBS-01557,Staphylococcus aureus,Ciprofloxacin,Metro West Community Clinic,East District,2025-12,407,85,20.9,17.3,3.6,17.7,2.9,0.45,6,2822,-19.1,0
OBS-01558,Enterococcus faecium,Meropenem,St. Jude General Hospital,East District,2026-06,389,149,38.3,34.4,3.9,35.4,4.6,1.19,3,1493,8.3,0
OBS-01559,Acinetobacter baumannii,Meropenem,University Hospital Center,West District,2025-11,154,36,23.4,20.9,2.4,21.5,4.3,1.11,7,1384,-1.6,0
OBS-01560,Acinetobacter baumannii,Ciprofloxacin,Eastside Medical Center,Metro North,2026-09,382,176,46.2,28.9,17.3,31.0,6.9,4.55,4,1828,21.2,1
OBS-01561,Acinetobacter baumannii,Ampicillin,Metro West Community Clinic,West District,2026-01,457,139,30.5,26.7,3.8,24.7,2.6,1.48,6,2846,5.5,1
OBS-01562,Klebsiella pneumoniae,Vancomycin,Valley Health District,Metro North,2026-09,556,124,22.2,23.8,-1.5,21.3,2.7,-0.44,1,661,-12.8,0
OBS-01563,Enterococcus faecium,Colistin,University Hospital Center,West District,2026-02,594,304,51.2,28.7,22.6,31.8,9.0,7.22,4,2752,21.2,0
OBS-01564,Escherichia coli,Colistin,St. Jude General Hospital,Metro North,2025-12,108,29,26.4,31.5,-5.1,31.5,4.0,-1.38,2,395,-13.6,0
OBS-01565,Pseudomonas aeruginosa,Gentamicin,North Suburbs Health Zone,Metro Central,2026-09,391,130,33.2,25.3,7.9,28.8,4.6,2.94,5,2203,3.2,1
OBS-01566,Acinetobacter baumannii,Ceftriaxone,North Suburbs Health Zone,Metro Central,2026-08,72,27,37.7,33.2,4.5,33.7,4.6,1.74,8,881,12.7,0
OBS-01567,Enterococcus faecium,Ampicillin,North Suburbs Health Zone,Metro Central,2026-04,542,77,14.3,17.6,-3.4,15.4,2.8,-1.5,6,3315,-15.7,0
OBS-01568,Escherichia coli,Ampicillin,Eastside Medical Center,Metro Central,2025-11,136,49,36.1,38.1,-2.0,35.7,2.8,-1.05,4,826,-3.9,0
OBS-01569,Acinetobacter baumannii,Ampicillin,St. Jude General Hospital,East District,2026-02,261,126,48.1,49.8,-1.7,46.6,3.1,-0.7,8,2452,23.1,1
OBS-01570,Klebsiella pneumoniae,Ceftriaxone,Valley Health District,Metro Central,2026-06,110,64,58.4,34.3,24.0,38.1,11.6,7.44,8,1187,23.4,1
OBS-01571,Acinetobacter baumannii,Gentamicin,Valley Health District,Metro Central,2026-02,569,269,47.2,25.6,21.6,31.9,8.4,7.16,2,1439,22.2,1
OBS-01572,Escherichia coli,Colistin,Metro West Community Clinic,East District,2026-04,198,137,69.2,45.8,23.4,50.6,10.0,8.16,2,485,29.2,0
OBS-01573,Enterococcus faecium,Vancomycin,Valley Health District,Metro North,2026-04,349,137,39.3,40.3,-1.0,39.8,3.6,-0.22,1,492,9.3,0
OBS-01574,Acinetobacter baumannii,Vancomycin,North Suburbs Health Zone,Metro North,2026-09,158,33,20.9,34.4,-13.5,32.6,5.8,-4.17,8,1365,-4.1,0
OBS-01575,Acinetobacter baumannii,Ceftriaxone,St. Jude General Hospital,West District,2026-05,480,111,23.2,22.9,0.3,19.5,1.0,-0.32,6,2940,-1.8,0
OBS-01576,Pseudomonas aeruginosa,Gentamicin,Metro West Community Clinic,Metro Central,2026-04,74,14,19.4,21.0,-1.6,23.9,2.7,-0.31,8,784,-10.6,0
OBS-01577,Escherichia coli,Ciprofloxacin,St. Jude General Hospital,East District,2026-08,526,167,31.8,31.3,0.5,29.2,3.0,0.47,6,3411,-8.2,0
OBS-01578,Klebsiella pneumoniae,Ciprofloxacin,St. Jude General Hospital,Metro North,2025-11,241,89,36.9,39.0,-2.1,35.2,1.8,-1.31,3,1001,1.9,0
OBS-01579,Acinetobacter baumannii,Colistin,North Suburbs Health Zone,Metro Central,2026-08,463,216,46.6,45.9,0.8,44.2,2.5,0.35,3,1498,21.6,0
OBS-01580,Klebsiella pneumoniae,Colistin,University Hospital Center,West District,2025-10,101,30,29.4,33.4,-3.9,33.3,3.4,-1.2,6,917,-5.6,0
OBS-01581,Enterococcus faecium,Colistin,Metro West Community Clinic,Metro Central,2026-02,367,124,33.8,39.3,-5.5,36.8,4.4,-1.76,3,1275,3.8,0
OBS-01582,Klebsiella pneumoniae,Gentamicin,North Suburbs Health Zone,West District,2026-05,141,60,42.5,42.5,-0.1,41.3,3.2,-0.11,4,702,7.5,0
OBS-01583,Acinetobacter baumannii,Vancomycin,St. Jude General Hospital,Metro North,2026-08,562,242,43.1,43.9,-0.7,45.5,2.2,0.27,3,1810,18.1,0
OBS-01584,Acinetobacter baumannii,Ciprofloxacin,Metro West Community Clinic,Metro North,2026-01,410,183,44.7,44.2,0.5,43.6,1.5,-0.35,7,3035,19.7,0
OBS-01585,Staphylococcus aureus,Ciprofloxacin,Eastside Medical Center,West District,2025-10,422,31,7.4,14.4,-7.0,12.4,3.5,-2.09,4,1938,-32.6,0
OBS-01586,Klebsiella pneumoniae,Gentamicin,University Hospital Center,West District,2026-07,201,82,40.6,37.6,3.0,40.2,3.6,1.77,7,1580,5.6,1
OBS-01587,Escherichia coli,Ampicillin,Metro West Community Clinic,Metro Central,2026-04,126,46,36.7,32.4,4.3,33.7,2.5,1.57,2,376,-3.3,1
OBS-01588,Pseudomonas aeruginosa,Ampicillin,Eastside Medical Center,West District,2026-08,350,123,35.2,40.3,-5.1,37.6,4.3,-1.7,6,2424,5.2,0
OBS-01589,Staphylococcus aureus,Ceftriaxone,North Suburbs Health Zone,West District,2026-09,520,340,65.4,41.9,23.5,45.3,9.2,7.75,3,1782,25.4,1
OBS-01590,Acinetobacter baumannii,Ceftriaxone,Valley Health District,Metro Central,2026-02,317,111,35.0,36.6,-1.6,38.1,3.4,-0.91,5,1782,10.0,0
OBS-01591,Pseudomonas aeruginosa,Meropenem,Metro West Community Clinic,Metro North,2026-03,236,52,22.1,27.9,-5.8,26.2,3.8,-2.42,5,1401,-7.9,0
OBS-01592,Pseudomonas aeruginosa,Ceftriaxone,North Suburbs Health Zone,Metro North,2026-07,342,105,30.8,25.4,5.3,27.0,3.7,1.53,3,1173,0.8,1
OBS-01593,Acinetobacter baumannii,Ceftriaxone,Eastside Medical Center,Metro North,2026-05,160,42,26.0,30.7,-4.7,26.5,3.1,-1.58,3,679,1.0,0
OBS-01594,Enterococcus faecium,Vancomycin,Eastside Medical Center,Metro North,2026-08,423,97,23.0,22.9,0.0,22.0,0.9,0.2,8,3559,-7.0,0
OBS-01595,Acinetobacter baumannii,Ampicillin,Metro West Community Clinic,East District,2025-12,113,83,73.3,49.9,23.4,55.6,10.3,8.07,5,744,48.3,1
OBS-01596,Staphylococcus aureus,Ciprofloxacin,St. Jude General Hospital,Metro North,2026-02,505,84,16.7,20.1,-3.4,20.7,4.4,-0.96,8,4371,-23.3,0
OBS-01597,Acinetobacter baumannii,Ampicillin,University Hospital Center,East District,2025-10,541,385,71.2,46.1,25.1,49.8,10.8,8.61,7,4141,46.2,1
OBS-01598,Klebsiella pneumoniae,Meropenem,St. Jude General Hospital,East District,2025-10,111,65,58.6,36.3,22.4,39.7,9.7,7.85,1,303,23.6,1
OBS-01599,Escherichia coli,Gentamicin,Valley Health District,West District,2026-01,101,43,42.7,18.5,24.2,23.1,9.7,7.86,1,156,2.7,1
OBS-01600,Pseudomonas aeruginosa,Ampicillin,University Hospital Center,Metro North,2026-01,402,166,41.2,19.9,21.3,24.6,9.0,7.08,5,2181,11.2,1
OBS-01601,Klebsiella pneumoniae,Meropenem,North Suburbs Health Zone,Metro North,2026-06,204,71,34.7,34.6,0.1,34.0,2.2,-0.29,1,300,-0.3,0
OBS-01602,Pseudomonas aeruginosa,Vancomycin,North Suburbs Health Zone,Metro Central,2025-11,456,125,27.3,21.9,5.5,21.3,4.8,2.81,4,1987,-2.7,0
OBS-01603,Klebsiella pneumoniae,Meropenem,Eastside Medical Center,Metro Central,2025-10,355,157,44.3,46.3,-2.1,44.6,2.0,-1.02,4,1692,9.3,0
OBS-01604,Staphylococcus aureus,Ampicillin,University Hospital Center,Metro North,2025-11,458,142,30.9,21.2,9.7,24.4,6.7,3.45,2,1193,-9.1,0
OBS-01605,Staphylococcus aureus,Vancomycin,Metro West Community Clinic,West District,2025-10,250,43,17.3,16.3,1.1,18.4,1.9,0.8,5,1644,-22.7,0
OBS-01606,Acinetobacter baumannii,Colistin,Eastside Medical Center,Metro Central,2026-05,492,163,33.0,29.5,3.6,31.2,3.3,0.85,7,3804,8.0,0
OBS-01607,Escherichia coli,Ceftriaxone,Valley Health District,West District,2025-12,252,109,43.4,44.4,-1.0,42.5,2.7,-1.16,7,1925,3.4,0
OBS-01608,Klebsiella pneumoniae,Gentamicin,Eastside Medical Center,Metro North,2026-04,64,24,37.5,38.9,-1.3,38.6,2.1,-0.35,8,850,2.5,0
OBS-01609,Staphylococcus aureus,Gentamicin,St. Jude General Hospital,West District,2026-07,408,261,63.9,45.6,18.3,47.7,8.2,5.68,6,2693,23.9,1
OBS-01610,Staphylococcus aureus,Ciprofloxacin,North Suburbs Health Zone,East District,2026-03,315,5,1.4,5.4,-3.9,4.2,3.7,-0.84,4,1497,-38.6,0
OBS-01611,Klebsiella pneumoniae,Meropenem,University Hospital Center,Metro North,2025-10,413,177,42.9,45.6,-2.7,47.1,3.9,-0.84,7,2965,7.9,0
OBS-01612,Klebsiella pneumoniae,Ciprofloxacin,Metro West Community Clinic,Metro Central,2026-02,577,242,42.0,45.0,-3.0,43.5,2.3,-0.55,2,1334,7.0,0
OBS-01613,Staphylococcus aureus,Colistin,University Hospital Center,Metro North,2026-04,210,98,46.9,30.0,16.9,33.3,8.2,5.77,5,1366,6.9,1
OBS-01614,Acinetobacter baumannii,Gentamicin,Valley Health District,Metro North,2026-02,473,153,32.4,35.1,-2.7,33.4,3.0,-1.5,8,3919,7.4,0
OBS-01615,Klebsiella pneumoniae,Ceftriaxone,Valley Health District,Metro Central,2025-11,315,112,35.4,37.9,-2.5,36.6,3.6,-0.92,2,771,0.4,0
OBS-01616,Acinetobacter baumannii,Vancomycin,Eastside Medical Center,Metro North,2025-12,291,166,57.1,53.4,3.7,55.5,2.5,1.01,3,927,32.1,0
OBS-01617,Pseudomonas aeruginosa,Ceftriaxone,St. Jude General Hospital,Metro Central,2026-04,211,43,20.3,20.8,-0.5,23.2,3.1,0.08,3,707,-9.7,0
OBS-01618,Klebsiella pneumoniae,Vancomycin,Metro West Community Clinic,East District,2026-07,513,289,56.4,52.6,3.8,51.2,2.2,0.81,5,2740,21.4,0
OBS-01619,Enterococcus faecium,Meropenem,University Hospital Center,Metro Central,2025-11,179,64,35.8,32.1,3.7,33.8,2.9,0.93,7,1303,5.8,0
OBS-01620,Staphylococcus aureus,Gentamicin,North Suburbs Health Zone,West District,2026-06,572,184,32.1,26.4,5.7,27.5,3.4,1.54,8,4807,-7.9,0
OBS-01621,Enterococcus faecium,Ampicillin,Eastside Medical Center,West District,2025-12,169,36,21.3,18.5,2.8,19.3,2.2,0.83,8,1420,-8.7,0
OBS-01622,Pseudomonas aeruginosa,Vancomycin,Eastside Medical Center,Metro Central,2026-07,431,140,32.4,27.7,4.7,29.6,5.1,1.79,7,3259,2.4,0
OBS-01623,Staphylococcus aureus,Meropenem,St. Jude General Hospital,Metro North,2026-04,500,94,18.7,22.1,-3.4,20.6,3.1,-1.2,3,1852,-21.3,0
OBS-01624,Enterococcus faecium,Vancomycin,Eastside Medical Center,West District,2026-01,56,21,37.3,36.5,0.8,36.7,2.2,-0.35,3,334,7.3,0
OBS-01625,Staphylococcus aureus,Ampicillin,Valley Health District,West District,2026-03,514,265,51.6,45.9,5.7,45.7,5.3,2.52,4,2172,11.6,1
OBS-01626,Klebsiella pneumoniae,Gentamicin,St. Jude General Hospital,East District,2026-03,398,156,39.2,40.4,-1.2,40.2,1.9,-0.54,1,686,4.2,0
OBS-01627,Staphylococcus aureus,Ciprofloxacin,Metro West Community Clinic,East District,2026-03,81,37,45.9,30.1,15.7,37.4,8.8,5.44,8,943,5.9,1
OBS-01628,Acinetobacter baumannii,Meropenem,St. Jude General Hospital,Metro Central,2025-12,101,34,33.9,27.4,6.5,28.2,4.9,2.05,5,567,8.9,1
OBS-01629,Pseudomonas aeruginosa,Ciprofloxacin,North Suburbs Health Zone,West District,2026-03,395,148,37.6,36.4,1.2,37.7,3.9,0.96,8,3528,7.6,0
OBS-01630,Acinetobacter baumannii,Ceftriaxone,St. Jude General Hospital,West District,2026-05,566,161,28.5,28.0,0.5,27.3,3.1,0.45,7,4030,3.5,0
OBS-01631,Enterococcus faecium,Ceftriaxone,Metro West Community Clinic,Metro Central,2025-12,378,99,26.1,25.4,0.6,24.1,2.0,1.13,7,3034,-3.9,0
OBS-01632,Enterococcus faecium,Colistin,University Hospital Center,Metro North,2026-01,433,133,30.7,35.4,-4.7,35.7,3.0,-1.11,2,1057,0.7,0
OBS-01633,Pseudomonas aeruginosa,Ciprofloxacin,University Hospital Center,Metro North,2026-04,467,172,36.8,36.7,0.1,40.7,2.9,-0.66,4,1995,6.8,0
OBS-01634,Klebsiella pneumoniae,Ciprofloxacin,St. Jude General Hospital,Metro North,2025-10,534,184,34.5,28.2,6.3,30.7,5.2,1.74,5,2753,-0.5,0
OBS-01635,Klebsiella pneumoniae,Gentamicin,North Suburbs Health Zone,Metro Central,2025-11,390,176,45.0,48.4,-3.4,47.4,4.3,-1.51,8,3485,10.0,0
OBS-01636,Staphylococcus aureus,Colistin,Metro West Community Clinic,East District,2026-08,579,223,38.6,44.5,-5.9,46.6,5.5,-1.94,6,3603,-1.4,0
OBS-01637,Acinetobacter baumannii,Ceftriaxone,Valley Health District,East District,2026-07,271,100,37.0,39.1,-2.0,38.6,1.7,-0.22,4,1145,12.0,0
OBS-01638,Acinetobacter baumannii,Colistin,North Suburbs Health Zone,West District,2025-10,303,65,21.5,18.9,2.6,19.7,3.1,0.79,5,1619,-3.5,0
OBS-01639,Klebsiella pneumoniae,Meropenem,North Suburbs Health Zone,Metro North,2025-11,462,109,23.7,24.6,-0.9,24.6,1.8,-1.03,6,3026,-11.3,0
OBS-01640,Escherichia coli,Meropenem,University Hospital Center,West District,2026-08,361,113,31.2,35.6,-4.4,36.9,3.8,-1.8,2,801,-8.8,0
OBS-01641,Klebsiella pneumoniae,Ampicillin,North Suburbs Health Zone,Metro Central,2026-03,161,77,47.9,54.4,-6.5,54.0,3.2,-2.24,6,1173,12.9,0
OBS-01642,Staphylococcus aureus,Ampicillin,Metro West Community Clinic,Metro North,2026-04,280,112,40.0,38.7,1.3,38.1,2.1,0.63,7,2156,-0.0,0
OBS-01643,Pseudomonas aeruginosa,Meropenem,Metro West Community Clinic,East District,2026-07,124,56,44.8,21.4,23.4,26.4,10.9,7.6,7,969,14.8,0
OBS-01644,Acinetobacter baumannii,Ampicillin,North Suburbs Health Zone,Metro Central,2026-09,92,41,44.4,40.8,3.6,43.3,4.3,0.79,3,327,19.4,1
OBS-01645,Pseudomonas aeruginosa,Vancomycin,Eastside Medical Center,East District,2026-08,81,20,25.1,22.1,3.1,22.8,2.9,1.29,2,296,-4.9,0
OBS-01646,Escherichia coli,Ceftriaxone,St. Jude General Hospital,Metro Central,2026-07,236,73,30.8,29.8,1.0,28.8,2.4,-0.34,1,373,-9.2,0
OBS-01647,Staphylococcus aureus,Ciprofloxacin,Eastside Medical Center,East District,2026-07,331,159,48.2,24.0,24.2,31.2,10.7,8.65,2,782,8.2,1
OBS-01648,Enterococcus faecium,Vancomycin,Valley Health District,Metro Central,2026-05,330,70,21.2,24.1,-2.9,23.2,1.8,-1.09,4,1386,-8.8,0
OBS-01649,Klebsiella pneumoniae,Gentamicin,North Suburbs Health Zone,West District,2026-03,340,104,30.6,31.5,-0.9,34.3,3.5,-0.42,5,2084,-4.4,0
OBS-01650,Klebsiella pneumoniae,Vancomycin,Eastside Medical Center,East District,2026-01,512,148,28.9,25.4,3.6,24.9,2.8,0.73,4,2174,-6.1,1
OBS-01651,Escherichia coli,Ceftriaxone,St. Jude General Hospital,Metro North,2025-11,169,19,11.3,9.2,2.1,12.7,2.6,0.76,8,1478,-28.7,0
OBS-01652,Pseudomonas aeruginosa,Gentamicin,Eastside Medical Center,Metro North,2026-09,485,177,36.4,19.5,16.9,22.1,8.7,5.94,8,4139,6.4,1
OBS-01653,Acinetobacter baumannii,Gentamicin,Metro West Community Clinic,East District,2026-09,524,341,65.0,49.7,15.3,55.1,7.5,5.86,4,2481,40.0,1
OBS-01654,Escherichia coli,Ciprofloxacin,St. Jude General Hospital,East District,2026-04,549,213,38.7,28.1,10.7,32.8,4.8,3.77,3,1934,-1.3,0
OBS-01655,Enterococcus faecium,Vancomycin,Eastside Medical Center,West District,2025-12,472,104,21.9,20.3,1.6,18.7,2.7,0.44,6,3219,-8.1,0
OBS-01656,Acinetobacter baumannii,Vancomycin,Valley Health District,Metro North,2025-10,296,131,44.3,23.8,20.4,29.9,8.8,6.04,3,1150,19.3,1
OBS-01657,Escherichia coli,Meropenem,University Hospital Center,West District,2026-02,224,47,20.9,37.0,-16.1,30.9,7.7,-5.59,4,1159,-19.1,0
OBS-01658,Pseudomonas aeruginosa,Vancomycin,Metro West Community Clinic,East District,2026-03,147,36,24.3,23.5,0.8,23.4,1.7,0.5,1,444,-5.7,0
OBS-01659,Klebsiella pneumoniae,Meropenem,University Hospital Center,East District,2026-08,583,113,19.4,23.1,-3.7,23.0,3.4,-1.7,5,3165,-15.6,0
OBS-01660,Acinetobacter baumannii,Ceftriaxone,University Hospital Center,West District,2026-09,505,268,53.2,50.6,2.6,51.7,3.7,0.99,1,857,28.2,0
OBS-01661,Staphylococcus aureus,Ciprofloxacin,Eastside Medical Center,East District,2025-10,104,31,29.6,27.5,2.1,27.4,1.6,0.7,7,1020,-10.4,0
OBS-01662,Staphylococcus aureus,Ceftriaxone,Metro West Community Clinic,Metro North,2026-03,500,125,24.9,25.6,-0.6,24.3,1.1,-0.42,4,2185,-15.1,0
OBS-01663,Escherichia coli,Vancomycin,University Hospital Center,East District,2026-04,44,12,28.3,26.5,1.8,28.8,1.4,1.07,5,541,-11.7,0
OBS-01664,Staphylococcus aureus,Meropenem,North Suburbs Health Zone,Metro Central,2026-04,117,43,36.4,33.6,2.8,35.3,2.6,0.81,1,307,-3.6,0
OBS-01665,Staphylococcus aureus,Ciprofloxacin,Metro West Community Clinic,East District,2026-07,548,109,19.8,19.1,0.7,19.7,3.1,-0.36,1,895,-20.2,0
OBS-01666,Pseudomonas aeruginosa,Vancomycin,St. Jude General Hospital,Metro North,2026-04,221,37,16.6,14.3,2.3,16.1,2.7,0.73,6,1655,-13.4,1
OBS-01667,Staphylococcus aureus,Ciprofloxacin,Eastside Medical Center,Metro North,2026-05,141,17,12.0,3.4,8.7,7.4,5.3,2.79,1,257,-28.0,0
OBS-01668,Klebsiella pneumoniae,Gentamicin,Eastside Medical Center,East District,2026-04,476,114,23.9,26.7,-2.8,26.3,2.4,-1.13,3,1582,-11.1,0
OBS-01669,Pseudomonas aeruginosa,Colistin,Metro West Community Clinic,Metro Central,2025-11,164,41,25.2,28.3,-3.1,29.4,3.2,-0.71,3,543,-4.8,0
OBS-01670,Pseudomonas aeruginosa,Meropenem,St. Jude General Hospital,West District,2026-03,552,184,33.3,29.1,4.2,28.6,3.5,1.14,2,1427,3.3,0
OBS-01671,Enterococcus faecium,Ceftriaxone,Eastside Medical Center,Metro Central,2026-03,401,174,43.4,35.8,7.5,37.3,3.5,3.36,2,942,13.4,1
OBS-01672,Pseudomonas aeruginosa,Gentamicin,St. Jude General Hospital,Metro Central,2025-11,189,104,54.9,37.0,17.8,41.8,9.1,5.65,3,792,24.9,1
OBS-01673,Staphylococcus aureus,Vancomycin,Valley Health District,East District,2025-10,438,157,35.9,21.6,14.3,26.0,8.0,4.61,6,2899,-4.1,1
OBS-01674,Klebsiella pneumoniae,Meropenem,University Hospital Center,West District,2026-07,272,124,45.4,51.4,-6.0,48.8,3.4,-1.68,2,930,10.4,0
OBS-01675,Acinetobacter baumannii,Vancomycin,North Suburbs Health Zone,West District,2026-03,243,157,64.5,38.8,25.7,44.4,10.7,8.17,6,1529,39.5,1
OBS-01676,Escherichia coli,Gentamicin,Eastside Medical Center,East District,2026-04,362,193,53.4,37.8,15.7,37.9,6.7,5.29,1,649,13.4,1
OBS-01677,Acinetobacter baumannii,Vancomycin,St. Jude General Hospital,Metro North,2026-05,388,171,44.1,37.3,6.8,39.0,3.4,1.93,8,3215,19.1,0
OBS-01678,Enterococcus faecium,Colistin,University Hospital Center,East District,2026-06,340,95,27.8,28.7,-0.8,28.0,3.3,-0.19,7,2449,-2.2,0
OBS-01679,Pseudomonas aeruginosa,Gentamicin,University Hospital Center,East District,2026-04,327,114,34.8,34.7,0.1,37.2,3.5,0.4,3,1205,4.8,0
OBS-01680,Acinetobacter baumannii,Colistin,St. Jude General Hospital,West District,2026-02,456,285,62.5,44.1,18.4,45.8,7.3,6.48,5,2341,37.5,1
OBS-01681,Escherichia coli,Vancomycin,University Hospital Center,Metro Central,2026-03,137,63,45.9,47.4,-1.5,47.2,2.6,-0.57,2,459,5.9,0
OBS-01682,Escherichia coli,Meropenem,Metro West Community Clinic,Metro North,2026-07,277,117,42.4,37.7,4.7,39.5,4.6,2.03,2,629,2.4,1
OBS-01683,Acinetobacter baumannii,Vancomycin,Metro West Community Clinic,Metro Central,2026-09,344,144,41.9,38.6,3.3,38.9,2.6,1.05,5,1821,16.9,0
OBS-01684,Escherichia coli,Colistin,North Suburbs Health Zone,Metro Central,2026-08,315,27,8.4,31.6,-23.1,24.8,9.5,-7.88,6,1966,-31.6,0
OBS-01685,Escherichia coli,Ciprofloxacin,North Suburbs Health Zone,Metro Central,2026-05,455,308,67.6,49.0,18.6,54.2,8.4,5.48,6,3057,27.6,1
OBS-01686,Klebsiella pneumoniae,Ciprofloxacin,Eastside Medical Center,Metro North,2025-12,57,10,17.7,28.5,-10.8,26.1,6.0,-3.58,2,404,-17.3,0
OBS-01687,Klebsiella pneumoniae,Gentamicin,Valley Health District,Metro North,2026-04,575,140,24.3,26.6,-2.3,25.3,1.8,-0.93,1,764,-10.7,0
OBS-01688,Klebsiella pneumoniae,Ampicillin,Metro West Community Clinic,Metro North,2025-10,256,149,58.2,53.0,5.1,55.2,4.4,0.76,7,2155,23.2,0
OBS-01689,Acinetobacter baumannii,Colistin,Eastside Medical Center,Metro North,2026-04,334,124,37.2,31.8,5.4,31.0,4.0,1.72,7,2525,12.2,1
OBS-01690,Escherichia coli,Gentamicin,North Suburbs Health Zone,East District,2026-08,41,11,25.7,30.5,-4.8,31.0,2.5,-1.7,8,436,-14.3,0
OBS-01691,Pseudomonas aeruginosa,Gentamicin,University Hospital Center,Metro North,2026-08,294,85,28.8,28.0,0.8,28.7,3.1,0.01,2,705,-1.2,0
OBS-01692,Klebsiella pneumoniae,Gentamicin,St. Jude General Hospital,Metro Central,2026-08,176,47,26.6,30.9,-4.3,30.2,3.1,-1.8,7,1393,-8.4,0
OBS-01693,Escherichia coli,Gentamicin,University Hospital Center,Metro Central,2026-09,463,141,30.5,28.2,2.3,27.7,2.1,0.8,1,567,-9.5,0
OBS-01694,Klebsiella pneumoniae,Gentamicin,Valley Health District,Metro Central,2026-03,460,165,36.0,35.1,0.8,33.8,3.5,0.49,6,3003,1.0,0
OBS-01695,Staphylococcus aureus,Gentamicin,University Hospital Center,Metro North,2026-01,401,188,47.0,45.3,1.7,42.7,1.6,1.03,7,2953,7.0,0
OBS-01696,Enterococcus faecium,Meropenem,North Suburbs Health Zone,West District,2026-02,90,52,57.9,32.4,25.5,40.2,11.9,8.66,7,809,27.9,1
OBS-01697,Escherichia coli,Gentamicin,North Suburbs Health Zone,East District,2026-01,153,71,46.2,27.1,19.2,29.7,8.4,6.37,7,1268,6.2,1
OBS-01698,Escherichia coli,Ampicillin,Metro West Community Clinic,Metro Central,2026-07,396,168,42.5,41.1,1.5,43.4,3.4,0.89,8,3373,2.5,0
OBS-01699,Enterococcus faecium,Vancomycin,Eastside Medical Center,West District,2026-04,204,46,22.5,21.1,1.4,18.8,1.9,-0.33,5,1315,-7.5,0
OBS-01700,Escherichia coli,Vancomycin,University Hospital Center,West District,2026-04,561,177,31.6,29.9,1.7,29.4,4.1,0.83,4,2622,-8.4,0
OBS-01701,Enterococcus faecium,Colistin,Metro West Community Clinic,East District,2026-09,318,77,24.1,23.8,0.3,23.6,2.3,0.56,2,1023,-5.9,0
OBS-01702,Staphylococcus aureus,Ciprofloxacin,St. Jude General Hospital,Metro Central,2026-01,298,136,45.7,44.0,1.7,44.5,3.6,0.55,5,1665,5.7,0
OBS-01703,Acinetobacter baumannii,Vancomycin,Metro West Community Clinic,Metro North,2026-08,581,85,14.6,32.2,-17.6,27.9,8.0,-6.62,8,4699,-10.4,0
OBS-01704,Acinetobacter baumannii,Ampicillin,Metro West Community Clinic,East District,2025-10,238,130,54.8,41.6,13.2,44.1,7.9,5.33,8,2049,29.8,1
OBS-01705,Pseudomonas aeruginosa,Gentamicin,Eastside Medical Center,Metro North,2026-08,405,84,20.7,22.0,-1.4,23.4,2.5,-1.17,7,2934,-9.3,0
OBS-01706,Klebsiella pneumoniae,Colistin,St. Jude General Hospital,East District,2026-03,286,64,22.4,25.3,-2.9,24.5,3.5,-0.94,8,2610,-12.6,0
OBS-01707,Acinetobacter baumannii,Ciprofloxacin,Valley Health District,Metro Central,2025-11,276,72,26.0,26.4,-0.4,29.4,3.6,-0.27,3,1088,1.0,0
OBS-01708,Staphylococcus aureus,Ceftriaxone,Valley Health District,Metro Central,2025-11,178,78,43.9,40.6,3.3,39.9,4.4,1.21,8,1587,3.9,1
OBS-01709,Escherichia coli,Ciprofloxacin,Eastside Medical Center,Metro Central,2026-07,163,51,31.1,30.6,0.6,30.3,2.4,-0.41,7,1334,-8.9,0
OBS-01710,Klebsiella pneumoniae,Ciprofloxacin,Eastside Medical Center,Metro North,2026-07,135,46,33.8,36.8,-3.0,37.1,3.3,-1.2,2,448,-1.2,0
OBS-01711,Enterococcus faecium,Vancomycin,University Hospital Center,Metro Central,2026-05,594,78,13.2,13.1,0.0,10.8,3.2,0.25,5,3105,-16.8,0
OBS-01712,Escherichia coli,Vancomycin,North Suburbs Health Zone,Metro North,2026-04,142,66,46.4,45.3,1.1,44.7,1.6,0.09,6,947,6.4,0
OBS-01713,Acinetobacter baumannii,Colistin,St. Jude General Hospital,West District,2026-09,405,161,39.7,45.9,-6.1,43.2,5.3,-1.96,6,2711,14.7,0
OBS-01714,Enterococcus faecium,Ciprofloxacin,Valley Health District,Metro Central,2026-08,237,44,18.4,16.7,1.7,15.9,3.8,0.36,5,1323,-11.6,0
OBS-01715,Escherichia coli,Gentamicin,University Hospital Center,Metro North,2026-01,175,17,10.0,9.6,0.3,10.9,2.2,0.8,4,901,-30.0,0
OBS-01716,Klebsiella pneumoniae,Ceftriaxone,University Hospital Center,Metro Central,2025-11,415,178,42.8,45.2,-2.4,44.6,3.8,-1.12,4,2031,7.8,0
OBS-01717,Enterococcus faecium,Ampicillin,University Hospital Center,Metro Central,2025-12,427,9,2.1,23.0,-20.9,18.1,9.7,-6.52,8,3469,-27.9,0
OBS-01718,Staphylococcus aureus,Ciprofloxacin,St. Jude General Hospital,Metro North,2026-01,197,69,35.2,10.5,24.7,17.4,10.8,8.27,2,656,-4.8,1
OBS-01719,Pseudomonas aeruginosa,Gentamicin,Metro West Community Clinic,East District,2026-05,585,120,20.5,24.9,-4.4,24.0,3.7,-1.24,3,2143,-9.5,0
OBS-01720,Staphylococcus aureus,Meropenem,Metro West Community Clinic,West District,2026-02,306,123,40.2,37.6,2.6,39.5,2.4,0.74,6,2196,0.2,0
OBS-01721,Escherichia coli,Meropenem,North Suburbs Health Zone,East District,2026-04,133,74,55.6,29.9,25.7,35.2,11.5,8.97,8,1411,15.6,1
OBS-01722,Klebsiella pneumoniae,Gentamicin,Valley Health District,Metro Central,2026-06,444,142,32.0,31.6,0.4,31.8,2.7,0.81,8,3934,-3.0,0
OBS-01723,Klebsiella pneumoniae,Ciprofloxacin,Metro West Community Clinic,Metro North,2026-06,169,11,6.5,2.0,4.5,2.1,2.8,1.18,4,849,-28.5,0
OBS-01724,Acinetobacter baumannii,Ceftriaxone,St. Jude General Hospital,Metro North,2026-06,387,120,31.0,33.3,-2.3,35.4,2.0,-0.2,2,1092,6.0,0
OBS-01725,Pseudomonas aeruginosa,Ceftriaxone,University Hospital Center,Metro North,2025-10,542,246,45.3,30.0,15.3,34.0,6.9,4.9,7,3949,15.3,1
OBS-01726,Escherichia coli,Ceftriaxone,University Hospital Center,West District,2025-11,599,236,39.3,33.9,5.4,31.9,3.2,2.67,7,4284,-0.7,0
OBS-01727,Klebsiella pneumoniae,Gentamicin,Eastside Medical Center,East District,2025-10,51,16,30.9,26.9,4.0,26.7,4.5,1.7,1,114,-4.1,0
OBS-01728,Enterococcus faecium,Ciprofloxacin,St. Jude General Hospital,East District,2025-12,124,25,19.8,21.2,-1.3,24.2,3.7,-0.99,2,395,-10.2,0
OBS-01729,Staphylococcus aureus,Vancomycin,Metro West Community Clinic,East District,2025-10,193,17,8.6,19.3,-10.7,17.2,5.5,-3.14,1,423,-31.4,0
OBS-01730,Acinetobacter baumannii,Gentamicin,Eastside Medical Center,East District,2026-02,127,63,49.3,45.9,3.4,45.1,3.1,1.02,3,710,24.3,0
OBS-01731,Acinetobacter baumannii,Ceftriaxone,North Suburbs Health Zone,East District,2026-05,194,102,52.6,58.1,-5.5,56.6,3.7,-1.83,2,527,27.6,0
OBS-01732,Acinetobacter baumannii,Vancomycin,St. Jude General Hospital,East District,2026-04,81,37,46.0,34.0,12.0,37.4,7.6,3.56,8,957,21.0,0
OBS-01733,Acinetobacter baumannii,Ciprofloxacin,St. Jude General Hospital,East District,2026-01,393,92,23.4,19.1,4.3,19.1,3.7,1.88,7,3126,-1.6,0
OBS-01734,Acinetobacter baumannii,Colistin,Metro West Community Clinic,Metro North,2026-04,165,65,39.4,40.3,-0.9,40.5,3.0,-1.0,7,1325,14.4,0
OBS-01735,Acinetobacter baumannii,Meropenem,Eastside Medical Center,East District,2026-08,414,135,32.6,32.5,0.1,31.5,1.8,0.37,1,622,7.6,0
OBS-01736,Staphylococcus aureus,Gentamicin,St. Jude General Hospital,Metro Central,2026-08,94,14,14.8,17.2,-2.4,17.9,1.8,-0.73,8,1010,-25.2,0
OBS-01737,Acinetobacter baumannii,Ceftriaxone,North Suburbs Health Zone,East District,2025-10,168,101,60.4,43.9,16.5,46.4,8.2,5.34,3,587,35.4,1
OBS-01738,Staphylococcus aureus,Colistin,Metro West Community Clinic,Metro Central,2026-06,307,83,27.1,31.3,-4.2,28.0,2.4,-1.11,1,677,-12.9,0
OBS-01739,Enterococcus faecium,Meropenem,Metro West Community Clinic,West District,2026-05,568,126,22.3,18.1,4.2,18.4,3.5,1.95,4,2421,-7.7,0
OBS-01740,Acinetobacter baumannii,Gentamicin,St. Jude General Hospital,West District,2026-02,198,143,72.2,56.4,15.8,59.8,6.7,4.5,4,1186,47.2,1
OBS-01741,Pseudomonas aeruginosa,Gentamicin,University Hospital Center,East District,2026-04,202,75,37.2,30.0,7.2,30.2,4.7,2.72,5,1070,7.2,1
OBS-01742,Enterococcus faecium,Meropenem,Eastside Medical Center,West District,2026-01,357,232,64.9,42.5,22.4,47.5,10.5,8.2,2,892,34.9,1
OBS-01743,Pseudomonas aeruginosa,Gentamicin,North Suburbs Health Zone,Metro North,2026-03,337,139,41.3,23.5,17.8,28.6,9.1,5.64,6,2093,11.3,1
OBS-01744,Pseudomonas aeruginosa,Colistin,Metro West Community Clinic,Metro North,2026-02,63,32,50.6,26.1,24.5,31.2,10.5,7.93,4,644,20.6,1
OBS-01745,Pseudomonas aeruginosa,Vancomycin,Eastside Medical Center,Metro Central,2026-01,417,80,19.1,19.9,-0.7,18.4,1.3,0.85,2,1007,-10.9,0
OBS-01746,Klebsiella pneumoniae,Vancomycin,Eastside Medical Center,East District,2026-09,516,284,55.1,52.5,2.6,53.4,2.8,0.94,3,1910,20.1,0
OBS-01747,Enterococcus faecium,Colistin,St. Jude General Hospital,East District,2026-08,338,57,16.9,18.4,-1.5,15.1,2.9,-1.03,1,510,-13.1,0
OBS-01748,Pseudomonas aeruginosa,Meropenem,Metro West Community Clinic,East District,2026-07,165,65,39.1,37.1,2.0,36.1,3.8,0.68,6,1242,9.1,0
OBS-01749,Escherichia coli,Ciprofloxacin,St. Jude General Hospital,West District,2026-06,166,72,43.4,30.7,12.7,32.9,7.1,4.15,8,1656,3.4,1
OBS-01750,Escherichia coli,Gentamicin,Valley Health District,Metro North,2026-05,177,74,41.9,41.1,0.7,42.4,2.7,0.04,4,965,1.9,0
OBS-01751,Escherichia coli,Ampicillin,St. Jude General Hospital,Metro Central,2025-11,375,208,55.4,38.5,17.0,42.1,7.9,5.6,8,3249,15.4,1
OBS-01752,Acinetobacter baumannii,Gentamicin,Metro West Community Clinic,Metro Central,2025-10,253,99,39.0,37.9,1.1,40.2,2.1,1.38,3,822,14.0,0
OBS-01753,Escherichia coli,Colistin,North Suburbs Health Zone,Metro Central,2026-06,576,174,30.3,29.0,1.3,30.1,2.4,0.95,3,1784,-9.7,0
OBS-01754,Staphylococcus aureus,Gentamicin,Valley Health District,West District,2026-02,162,58,36.1,37.3,-1.3,37.7,2.9,0.3,5,1072,-3.9,0
OBS-01755,Enterococcus faecium,Meropenem,North Suburbs Health Zone,East District,2026-07,177,69,39.3,24.5,14.7,26.2,6.5,5.16,6,1141,9.3,1
OBS-01756,Acinetobacter baumannii,Gentamicin,Metro West Community Clinic,East District,2025-11,271,98,36.1,40.6,-4.4,39.0,4.1,-1.32,5,1523,11.1,0
OBS-01757,Escherichia coli,Ceftriaxone,University Hospital Center,West District,2026-01,201,74,37.0,36.5,0.6,38.2,3.0,0.05,3,763,-3.0,0
OBS-01758,Escherichia coli,Meropenem,North Suburbs Health Zone,East District,2026-03,468,197,42.1,24.7,17.5,29.3,9.3,5.84,6,2897,2.1,1
OBS-01759,Enterococcus faecium,Colistin,University Hospital Center,West District,2026-09,415,168,40.5,23.5,17.0,26.6,7.5,5.99,1,787,10.5,1
OBS-01760,Staphylococcus aureus,Ampicillin,North Suburbs Health Zone,Metro Central,2026-06,159,53,33.3,32.8,0.6,33.3,3.3,-0.38,2,433,-6.7,0
OBS-01761,Escherichia coli,Meropenem,St. Jude General Hospital,Metro North,2026-03,447,234,52.4,33.0,19.3,39.3,8.1,6.58,7,3490,12.4,0
OBS-01762,Klebsiella pneumoniae,Gentamicin,North Suburbs Health Zone,Metro Central,2026-03,142,27,19.2,23.8,-4.6,22.8,4.4,-1.31,4,707,-15.8,0
OBS-01763,Pseudomonas aeruginosa,Colistin,St. Jude General Hospital,West District,2026-06,486,186,38.3,18.3,20.0,23.6,10.2,6.94,3,1800,8.3,1
OBS-01764,Acinetobacter baumannii,Gentamicin,University Hospital Center,Metro North,2026-06,337,177,52.6,37.6,15.0,41.3,8.3,5.07,5,1755,27.6,1
OBS-01765,Acinetobacter baumannii,Ampicillin,University Hospital Center,East District,2026-02,528,236,44.6,40.3,4.3,42.1,3.5,1.37,4,2503,19.6,1
OBS-01766,Acinetobacter baumannii,Meropenem,North Suburbs Health Zone,Metro Central,2026-01,423,89,21.0,14.9,6.0,14.4,3.0,3.02,4,2056,-4.0,0
OBS-01767,Enterococcus faecium,Colistin,North Suburbs Health Zone,Metro Central,2026-07,559,154,27.6,23.8,3.7,23.0,2.1,1.34,1,797,-2.4,0
OBS-01768,Escherichia coli,Vancomycin,Eastside Medical Center,East District,2026-07,56,20,35.2,38.5,-3.4,36.9,2.5,-1.38,3,449,-4.8,0
OBS-01769,Klebsiella pneumoniae,Ampicillin,Metro West Community Clinic,West District,2026-07,343,152,44.4,40.9,3.5,40.7,3.3,0.82,7,2733,9.4,0
OBS-01770,Enterococcus faecium,Gentamicin,Valley Health District,West District,2025-11,188,52,27.5,21.5,6.0,22.1,3.1,1.27,5,1264,-2.5,0
OBS-01771,Enterococcus faecium,Ceftriaxone,University Hospital Center,Metro North,2026-03,341,77,22.7,19.9,2.8,20.0,4.4,0.99,2,742,-7.3,0
OBS-01772,Acinetobacter baumannii,Ceftriaxone,University Hospital Center,Metro North,2026-01,229,91,39.7,40.1,-0.4,42.7,1.9,-0.2,2,622,14.7,0
OBS-01773,Staphylococcus aureus,Ampicillin,Metro West Community Clinic,Metro Central,2026-04,524,119,22.8,27.2,-4.4,26.6,4.0,-1.81,1,653,-17.2,0
OBS-01774,Staphylococcus aureus,Ciprofloxacin,Valley Health District,West District,2025-12,356,201,56.4,54.5,1.9,55.1,2.2,0.23,4,1761,16.4,0
OBS-01775,Acinetobacter baumannii,Ceftriaxone,University Hospital Center,East District,2026-08,289,119,41.3,29.1,12.2,30.6,5.7,3.63,6,2050,16.3,1
OBS-01776,Pseudomonas aeruginosa,Vancomycin,St. Jude General Hospital,East District,2026-04,185,64,34.6,30.9,3.7,31.6,4.0,0.58,2,709,4.6,0
OBS-01777,Acinetobacter baumannii,Vancomycin,University Hospital Center,West District,2026-07,597,257,43.0,24.6,18.4,29.0,8.2,5.69,6,3978,18.0,1
OBS-01778,Acinetobacter baumannii,Ampicillin,Metro West Community Clinic,West District,2026-03,114,72,62.9,42.4,20.5,47.4,9.0,7.09,7,958,37.9,1
OBS-01779,Enterococcus faecium,Vancomycin,Valley Health District,Metro North,2026-01,384,55,14.3,19.5,-5.2,18.4,3.1,-1.54,6,2415,-15.7,0
OBS-01780,Pseudomonas aeruginosa,Ampicillin,Metro West Community Clinic,Metro North,2026-01,561,118,21.1,20.4,0.7,18.2,2.3,0.63,5,2994,-8.9,0
OBS-01781,Escherichia coli,Vancomycin,University Hospital Center,West District,2026-01,46,15,33.4,33.7,-0.3,35.2,0.9,0.67,1,437,-6.6,0
OBS-01782,Staphylococcus aureus,Ampicillin,St. Jude General Hospital,Metro Central,2025-11,555,188,33.9,14.1,19.8,16.6,9.5,6.77,7,4038,-6.1,1
OBS-01783,Pseudomonas aeruginosa,Vancomycin,St. Jude General Hospital,Metro Central,2025-11,580,158,27.2,29.6,-2.3,31.0,1.7,-1.16,7,4138,-2.8,0
OBS-01784,Pseudomonas aeruginosa,Gentamicin,Metro West Community Clinic,Metro Central,2026-09,95,34,35.7,38.0,-2.4,38.6,3.3,-1.05,6,852,5.7,0
OBS-01785,Enterococcus faecium,Ceftriaxone,University Hospital Center,West District,2026-08,187,27,14.7,10.8,3.9,15.3,3.4,1.12,7,1384,-15.3,0
OBS-01786,Pseudomonas aeruginosa,Colistin,St. Jude General Hospital,West District,2026-05,328,115,35.1,20.3,14.8,25.9,6.6,5.25,8,2874,5.1,1
OBS-01787,Klebsiella pneumoniae,Gentamicin,North Suburbs Health Zone,West District,2026-08,180,107,59.4,44.6,14.8,47.6,8.5,5.17,3,766,24.4,1
OBS-01788,Staphylococcus aureus,Gentamicin,Valley Health District,West District,2026-04,204,94,46.0,42.4,3.6,44.8,3.0,0.95,1,543,6.0,0
OBS-01789,Pseudomonas aeruginosa,Ciprofloxacin,North Suburbs Health Zone,East District,2025-11,243,58,24.0,23.1,0.9,22.6,2.2,-0.11,4,1125,-6.0,0
OBS-01790,Klebsiella pneumoniae,Colistin,Eastside Medical Center,Metro North,2026-01,450,216,48.0,50.2,-2.3,49.4,3.9,-1.06,6,2805,13.0,0
OBS-01791,Staphylococcus aureus,Ciprofloxacin,University Hospital Center,Metro North,2026-08,120,51,42.3,19.4,22.9,21.8,10.4,8.14,2,598,2.3,1
OBS-01792,Staphylococcus aureus,Meropenem,Metro West Community Clinic,East District,2025-12,547,224,41.0,38.5,2.4,41.6,4.0,0.42,8,4705,1.0,0
OBS-01793,Escherichia coli,Meropenem,University Hospital Center,West District,2025-11,354,129,36.5,37.1,-0.6,32.8,1.2,-0.18,5,1955,-3.5,0
OBS-01794,Klebsiella pneumoniae,Vancomycin,Metro West Community Clinic,East District,2025-10,445,257,57.7,57.3,0.5,59.1,1.6,0.04,3,1535,22.7,0
OBS-01795,Escherichia coli,Ampicillin,Eastside Medical Center,East District,2025-10,502,127,25.3,25.0,0.4,22.5,3.5,0.51,4,2162,-14.7,0
OBS-01796,Staphylococcus aureus,Ampicillin,Metro West Community Clinic,Metro Central,2025-12,551,172,31.1,32.2,-1.0,35.2,3.5,0.1,8,4799,-8.9,0
OBS-01797,Escherichia coli,Ciprofloxacin,University Hospital Center,Metro Central,2026-05,144,68,47.4,31.3,16.1,35.9,9.0,5.45,3,803,7.4,1
OBS-01798,Klebsiella pneumoniae,Ceftriaxone,Metro West Community Clinic,East District,2026-09,488,175,35.9,38.0,-2.2,39.7,3.7,-1.31,8,4073,0.9,0
OBS-01799,Klebsiella pneumoniae,Vancomycin,Metro West Community Clinic,Metro North,2025-11,596,218,36.6,42.5,-5.8,40.2,5.0,-1.77,3,2186,1.6,0
OBS-01800,Pseudomonas aeruginosa,Meropenem,Metro West Community Clinic,West District,2026-09,544,163,30.0,29.4,0.7,28.4,2.4,0.11,1,895,0.0,0
OBS-01801,Staphylococcus aureus,Gentamicin,St. Jude General Hospital,West District,2026-05,452,21,4.6,2.9,1.7,3.5,3.0,0.32,1,756,-35.4,0
OBS-01802,Klebsiella pneumoniae,Vancomycin,St. Jude General Hospital,East District,2025-10,593,350,59.0,42.7,16.3,45.6,7.7,5.06,7,4274,24.0,1
OBS-01803,Enterococcus faecium,Colistin,Eastside Medical Center,Metro North,2025-11,414,105,25.4,25.8,-0.4,26.7,1.2,0.45,7,2955,-4.6,0
OBS-01804,Staphylococcus aureus,Ciprofloxacin,Valley Health District,East District,2026-04,114,20,17.3,10.4,7.0,12.0,3.4,2.67,3,659,-22.7,0
OBS-01805,Escherichia coli,Ceftriaxone,University Hospital Center,East District,2026-07,507,163,32.1,27.4,4.7,26.0,2.9,1.41,7,3903,-7.9,0
OBS-01806,Acinetobacter baumannii,Vancomycin,Valley Health District,East District,2026-01,594,235,39.6,30.4,9.3,32.9,6.2,3.55,7,4355,14.6,1
OBS-01807,Klebsiella pneumoniae,Meropenem,St. Jude General Hospital,East District,2025-10,595,308,51.7,54.1,-2.4,49.9,2.8,-0.98,4,2651,16.7,0
OBS-01808,Enterococcus faecium,Colistin,Metro West Community Clinic,East District,2026-08,345,106,30.6,29.7,1.0,29.6,3.5,1.32,3,1395,0.6,1
OBS-01809,Acinetobacter baumannii,Ceftriaxone,Valley Health District,Metro Central,2026-08,330,133,40.4,36.9,3.5,36.1,3.6,0.85,2,887,15.4,0
OBS-01810,Staphylococcus aureus,Vancomycin,St. Jude General Hospital,West District,2025-11,223,84,37.5,38.3,-0.8,39.9,2.6,-0.76,6,1508,-2.5,0
OBS-01811,Staphylococcus aureus,Ampicillin,University Hospital Center,Metro North,2025-10,321,72,22.4,23.5,-1.0,25.5,1.7,0.27,8,2812,-17.6,0
OBS-01812,Escherichia coli,Gentamicin,Valley Health District,West District,2026-05,433,249,57.5,41.2,16.4,42.7,8.4,4.96,8,3791,17.5,1
OBS-01813,Acinetobacter baumannii,Ampicillin,Valley Health District,Metro North,2025-12,568,331,58.2,43.1,15.1,45.2,6.3,5.68,6,3753,33.2,0
OBS-01814,Enterococcus faecium,Ceftriaxone,Eastside Medical Center,Metro Central,2026-04,283,109,38.6,18.8,19.8,22.1,9.1,6.94,3,1087,8.6,0
OBS-01815,Pseudomonas aeruginosa,Vancomycin,North Suburbs Health Zone,West District,2026-09,507,162,31.9,7.4,24.5,11.9,9.8,8.27,6,3383,1.9,1
OBS-01816,Acinetobacter baumannii,Meropenem,Valley Health District,East District,2026-03,297,69,23.1,26.7,-3.6,26.9,3.1,-0.72,5,1628,-1.9,0
OBS-01817,Acinetobacter baumannii,Ampicillin,University Hospital Center,Metro North,2026-03,230,113,49.1,46.4,2.7,46.8,3.7,1.82,5,1526,24.1,1
OBS-01818,Enterococcus faecium,Ceftriaxone,Valley Health District,East District,2026-04,239,40,16.8,13.8,3.0,16.9,4.2,0.45,4,1285,-13.2,0
OBS-01819,Escherichia coli,Colistin,North Suburbs Health Zone,Metro North,2026-02,375,106,28.4,24.2,4.2,26.9,3.9,1.37,2,895,-11.6,0
OBS-01820,Staphylococcus aureus,Meropenem,Eastside Medical Center,West District,2025-12,453,196,43.3,44.3,-1.0,45.5,3.7,-0.76,3,1710,3.3,0
OBS-01821,Pseudomonas aeruginosa,Ceftriaxone,Metro West Community Clinic,East District,2025-11,556,203,36.6,31.9,4.7,36.6,2.8,0.89,4,2328,6.6,0
OBS-01822,Pseudomonas aeruginosa,Ciprofloxacin,Valley Health District,West District,2026-06,435,152,34.9,31.6,3.3,32.8,3.8,1.18,5,2511,4.9,0
OBS-01823,Staphylococcus aureus,Vancomycin,Valley Health District,East District,2026-02,47,2,4.3,3.3,1.0,3.6,1.8,0.54,4,337,-35.7,0
OBS-01824,Enterococcus faecium,Ceftriaxone,Metro West Community Clinic,Metro Central,2025-11,535,236,44.2,26.6,17.6,30.2,7.1,5.93,8,4414,14.2,1
OBS-01825,Acinetobacter baumannii,Meropenem,Eastside Medical Center,Metro Central,2025-11,255,105,41.0,37.7,3.4,41.8,2.4,0.57,6,1781,16.0,0
OBS-01826,Staphylococcus aureus,Ciprofloxacin,Eastside Medical Center,East District,2026-01,261,118,45.0,45.3,-0.2,46.5,3.4,0.19,2,660,5.0,0
OBS-01827,Staphylococcus aureus,Ampicillin,Valley Health District,Metro Central,2026-01,498,187,37.6,12.7,24.9,18.6,11.6,9.0,7,3698,-2.4,1
OBS-01828,Klebsiella pneumoniae,Gentamicin,Valley Health District,Metro Central,2026-02,76,53,69.6,44.6,24.9,48.3,11.4,8.87,2,383,34.6,1
OBS-01829,Escherichia coli,Gentamicin,Metro West Community Clinic,West District,2026-06,174,85,48.8,31.1,17.7,34.0,7.4,6.34,1,468,8.8,1
OBS-01830,Acinetobacter baumannii,Ceftriaxone,Metro West Community Clinic,East District,2026-04,180,83,46.1,43.7,2.5,44.4,2.1,1.22,3,759,21.1,1
OBS-01831,Staphylococcus aureus,Ampicillin,St. Jude General Hospital,East District,2026-07,500,202,40.5,39.9,0.6,36.8,2.4,0.37,7,3825,0.5,0
OBS-01832,Klebsiella pneumoniae,Meropenem,North Suburbs Health Zone,East District,2026-06,326,112,34.3,35.7,-1.4,35.2,2.1,-1.44,6,2283,-0.7,0
OBS-01833,Staphylococcus aureus,Colistin,Eastside Medical Center,East District,2025-12,351,133,37.8,39.9,-2.1,38.9,3.7,-0.11,3,1417,-2.2,0
OBS-01834,Enterococcus faecium,Ampicillin,Eastside Medical Center,Metro Central,2025-12,80,28,35.2,13.1,22.1,18.8,10.0,7.28,1,151,5.2,1
OBS-01835,Acinetobacter baumannii,Gentamicin,University Hospital Center,Metro Central,2026-01,158,89,56.3,58.5,-2.2,57.9,2.8,-0.84,3,690,31.3,0
OBS-01836,Escherichia coli,Colistin,Eastside Medical Center,West District,2025-10,475,179,37.6,41.1,-3.5,41.3,4.7,-0.86,4,2234,-2.4,0
OBS-01837,Pseudomonas aeruginosa,Colistin,Eastside Medical Center,West District,2026-04,187,54,28.8,30.0,-1.1,28.7,3.2,0.14,8,1801,-1.2,0
OBS-01838,Klebsiella pneumoniae,Ampicillin,North Suburbs Health Zone,West District,2026-09,463,181,39.1,39.6,-0.6,36.8,2.8,-0.09,5,2441,4.1,0
OBS-01839,Acinetobacter baumannii,Gentamicin,Valley Health District,Metro North,2026-03,254,72,28.4,26.1,2.2,26.5,3.1,0.55,5,1355,3.4,0
OBS-01840,Klebsiella pneumoniae,Gentamicin,Metro West Community Clinic,Metro Central,2026-09,234,170,72.4,54.3,18.2,58.2,9.2,5.85,3,784,37.4,1
OBS-01841,Enterococcus faecium,Ciprofloxacin,Valley Health District,East District,2026-07,100,18,18.2,15.3,2.9,16.6,2.9,1.43,2,443,-11.8,0
OBS-01842,Acinetobacter baumannii,Meropenem,North Suburbs Health Zone,East District,2026-05,248,84,33.9,36.3,-2.4,37.2,2.5,-0.54,3,1077,8.9,1
OBS-01843,Klebsiella pneumoniae,Vancomycin,North Suburbs Health Zone,West District,2026-06,506,278,55.0,56.6,-1.5,54.9,3.8,-0.23,2,1152,20.0,0
OBS-01844,Staphylococcus aureus,Ampicillin,Eastside Medical Center,East District,2026-09,312,105,33.8,21.5,12.3,23.4,6.0,4.91,6,2169,-6.2,0
OBS-01845,Escherichia coli,Colistin,University Hospital Center,Metro Central,2026-06,431,137,31.7,32.5,-0.8,30.6,3.3,-0.99,8,3834,-8.3,0
OBS-01846,Staphylococcus aureus,Ciprofloxacin,Metro West Community Clinic,Metro North,2026-09,163,55,33.9,34.2,-0.3,34.9,2.7,-0.51,8,1684,-6.1,0
OBS-01847,Enterococcus faecium,Meropenem,University Hospital Center,West District,2026-09,230,34,14.6,18.5,-3.8,18.5,3.0,-1.01,4,984,-15.4,0
OBS-01848,Acinetobacter baumannii,Ceftriaxone,Metro West Community Clinic,Metro North,2026-09,215,67,31.2,30.8,0.4,30.8,1.2,-0.45,7,1606,6.2,0
OBS-01849,Enterococcus faecium,Vancomycin,Metro West Community Clinic,Metro Central,2026-08,281,89,31.8,28.9,2.9,29.7,4.4,1.1,5,1738,1.8,0
OBS-01850,Klebsiella pneumoniae,Colistin,Valley Health District,East District,2026-09,593,377,63.6,59.4,4.3,60.3,2.4,1.49,4,2526,28.6,1
OBS-01851,Pseudomonas aeruginosa,Ampicillin,St. Jude General Hospital,West District,2026-09,544,283,52.0,28.9,23.1,33.9,10.5,7.81,8,4514,22.0,1
OBS-01852,Escherichia coli,Ceftriaxone,Eastside Medical Center,East District,2026-02,159,48,30.1,26.8,3.3,25.4,3.6,0.94,8,1414,-9.9,0
OBS-01853,Acinetobacter baumannii,Ampicillin,St. Jude General Hospital,Metro North,2026-07,490,264,54.0,33.3,20.7,36.8,10.3,6.66,3,1555,29.0,1
OBS-01854,Acinetobacter baumannii,Ampicillin,Metro West Community Clinic,West District,2026-09,259,77,29.6,36.6,-7.0,37.4,5.3,-2.96,2,819,4.6,0
OBS-01855,Klebsiella pneumoniae,Ceftriaxone,Metro West Community Clinic,Metro North,2025-12,68,23,33.7,30.9,2.7,31.4,2.1,0.79,3,599,-1.3,0
OBS-01856,Pseudomonas aeruginosa,Ampicillin,Valley Health District,Metro Central,2026-06,217,81,37.4,32.8,4.6,33.0,4.2,0.91,4,937,7.4,0
OBS-01857,Acinetobacter baumannii,Ampicillin,Metro West Community Clinic,West District,2026-06,397,58,14.5,21.3,-6.8,19.8,5.2,-2.53,8,3576,-10.5,0
OBS-01858,Enterococcus faecium,Colistin,Valley Health District,East District,2025-12,587,156,26.7,23.7,3.0,26.8,4.4,0.74,4,2599,-3.3,0
OBS-01859,Escherichia coli,Meropenem,St. Jude General Hospital,East District,2026-02,437,226,51.7,28.6,23.1,30.7,10.5,7.81,4,2128,11.7,1
OBS-01860,Pseudomonas aeruginosa,Ciprofloxacin,North Suburbs Health Zone,Metro Central,2026-03,255,47,18.6,18.2,0.4,16.2,2.4,0.09,3,1107,-11.4,0
OBS-01861,Escherichia coli,Vancomycin,University Hospital Center,Metro North,2026-09,64,24,37.4,40.4,-3.1,38.7,4.2,-1.14,6,481,-2.6,0
OBS-01862,Enterococcus faecium,Vancomycin,Valley Health District,Metro North,2025-10,45,8,17.4,15.2,2.2,14.7,2.9,0.22,4,525,-12.6,0
OBS-01863,Klebsiella pneumoniae,Gentamicin,Metro West Community Clinic,West District,2025-11,188,90,48.1,24.1,23.9,31.5,11.6,8.14,2,629,13.1,1
OBS-01864,Klebsiella pneumoniae,Meropenem,St. Jude General Hospital,West District,2026-04,182,110,60.4,35.1,25.3,41.2,9.7,8.76,8,1533,25.4,1
OBS-01865,Escherichia coli,Ciprofloxacin,North Suburbs Health Zone,West District,2025-11,225,103,45.8,29.9,15.8,31.7,8.0,4.84,3,746,5.8,1
OBS-01866,Enterococcus faecium,Colistin,Valley Health District,West District,2026-01,259,96,37.0,38.4,-1.4,38.6,1.8,-0.19,4,1104,7.0,0
OBS-01867,Staphylococcus aureus,Colistin,University Hospital Center,Metro Central,2026-08,506,150,29.6,28.6,0.9,27.3,1.5,0.36,3,1901,-10.4,0
OBS-01868,Acinetobacter baumannii,Ciprofloxacin,University Hospital Center,East District,2025-12,132,63,47.8,27.3,20.5,29.9,10.2,6.52,2,459,22.8,1
OBS-01869,Acinetobacter baumannii,Meropenem,Eastside Medical Center,Metro Central,2026-07,177,78,44.3,46.7,-2.4,43.3,3.5,-1.49,6,1188,19.3,0
OBS-01870,Escherichia coli,Vancomycin,Metro West Community Clinic,Metro North,2026-09,398,178,44.7,38.6,6.1,40.4,3.0,2.02,6,2632,4.7,1
OBS-01871,Enterococcus faecium,Gentamicin,Valley Health District,Metro Central,2026-01,171,42,24.3,22.8,1.5,21.8,1.9,-0.04,6,1374,-5.7,1
OBS-01872,Escherichia coli,Meropenem,North Suburbs Health Zone,Metro Central,2025-12,235,62,26.3,29.6,-3.3,29.1,2.0,-0.93,5,1442,-13.7,0
OBS-01873,Acinetobacter baumannii,Colistin,North Suburbs Health Zone,East District,2025-12,67,13,19.7,30.5,-10.8,29.5,7.1,-4.0,4,450,-5.3,0
OBS-01874,Klebsiella pneumoniae,Ciprofloxacin,University Hospital Center,West District,2025-10,166,103,62.3,60.4,1.9,60.6,3.1,0.05,7,1397,27.3,0
OBS-01875,Acinetobacter baumannii,Ampicillin,Eastside Medical Center,Metro Central,2025-12,493,200,40.5,42.3,-1.8,39.2,1.7,-0.68,1,586,15.5,0
OBS-01876,Escherichia coli,Ampicillin,University Hospital Center,Metro North,2025-12,583,203,34.8,33.5,1.4,34.6,1.7,-0.26,5,3297,-5.2,0
OBS-01877,Pseudomonas aeruginosa,Colistin,University Hospital Center,Metro Central,2026-01,73,11,15.6,30.1,-14.5,26.8,7.0,-4.41,5,542,-14.4,0
OBS-01878,Staphylococcus aureus,Ampicillin,Metro West Community Clinic,West District,2026-03,355,175,49.4,25.2,24.2,28.4,10.3,7.96,7,2853,9.4,1
OBS-01879,Pseudomonas aeruginosa,Colistin,Eastside Medical Center,West District,2025-12,297,65,21.7,22.6,-0.8,23.9,1.1,0.0,4,1483,-8.3,0
OBS-01880,Pseudomonas aeruginosa,Ampicillin,North Suburbs Health Zone,Metro Central,2025-11,100,12,11.6,12.6,-1.1,12.9,1.5,-0.31,1,210,-18.4,0
OBS-01881,Escherichia coli,Meropenem,St. Jude General Hospital,West District,2026-06,142,55,39.0,33.8,5.2,35.6,3.8,1.47,4,848,-1.0,0
OBS-01882,Escherichia coli,Ampicillin,University Hospital Center,West District,2026-06,597,273,45.7,42.6,3.1,41.9,3.0,1.33,1,653,5.7,1
OBS-01883,Enterococcus faecium,Colistin,North Suburbs Health Zone,Metro Central,2025-12,150,34,22.9,19.9,3.0,20.3,3.1,0.91,1,375,-7.1,0
OBS-01884,Klebsiella pneumoniae,Ceftriaxone,St. Jude General Hospital,West District,2026-05,292,153,52.5,54.7,-2.2,53.3,2.7,-0.5,2,661,17.5,0
OBS-01885,Escherichia coli,Ciprofloxacin,Eastside Medical Center,East District,2026-06,543,353,65.0,43.4,21.6,47.5,8.5,6.47,5,2918,25.0,1
OBS-01886,Klebsiella pneumoniae,Ciprofloxacin,St. Jude General Hospital,West District,2025-12,584,215,36.8,36.7,0.1,37.4,2.5,-0.38,6,3824,1.8,0
OBS-01887,Enterococcus faecium,Ampicillin,Metro West Community Clinic,East District,2026-05,249,56,22.5,19.5,3.0,21.3,2.7,1.43,1,360,-7.5,0
OBS-01888,Enterococcus faecium,Vancomycin,University Hospital Center,West District,2025-12,300,49,16.5,15.7,0.7,17.4,2.2,0.18,8,2673,-13.5,0
OBS-01889,Klebsiella pneumoniae,Ciprofloxacin,Eastside Medical Center,Metro Central,2026-06,181,48,26.4,41.1,-14.7,39.8,7.5,-5.91,4,1017,-8.6,0
OBS-01890,Staphylococcus aureus,Ampicillin,St. Jude General Hospital,East District,2026-03,109,50,45.5,31.8,13.7,33.4,5.9,4.51,1,218,5.5,1
OBS-01891,Escherichia coli,Colistin,St. Jude General Hospital,Metro Central,2026-09,281,45,16.0,18.4,-2.4,17.6,3.7,-0.53,5,1733,-24.0,0
OBS-01892,Enterococcus faecium,Ceftriaxone,Valley Health District,East District,2026-07,362,149,41.1,39.9,1.2,42.0,2.2,0.45,1,539,11.1,0
OBS-01893,Pseudomonas aeruginosa,Vancomycin,University Hospital Center,Metro Central,2026-02,344,87,25.2,27.4,-2.2,26.9,2.1,-0.83,1,725,-4.8,0
OBS-01894,Staphylococcus aureus,Vancomycin,Metro West Community Clinic,West District,2026-08,106,34,32.4,32.1,0.4,34.1,2.3,0.07,4,575,-7.6,0
OBS-01895,Escherichia coli,Vancomycin,North Suburbs Health Zone,West District,2026-07,144,55,38.4,38.2,0.2,38.6,1.7,0.18,5,980,-1.6,0
OBS-01896,Klebsiella pneumoniae,Meropenem,North Suburbs Health Zone,East District,2025-10,531,128,24.0,23.0,1.1,22.0,3.4,-0.76,8,4590,-11.0,0
OBS-01897,Klebsiella pneumoniae,Vancomycin,Eastside Medical Center,West District,2025-12,567,223,39.4,36.1,3.3,37.4,2.0,0.65,4,2660,4.4,0
OBS-01898,Acinetobacter baumannii,Ciprofloxacin,Metro West Community Clinic,West District,2025-10,310,123,39.8,39.7,0.1,39.5,1.7,-0.32,2,754,14.8,0
OBS-01899,Enterococcus faecium,Meropenem,St. Jude General Hospital,Metro North,2026-05,567,132,23.3,23.5,-0.2,21.3,2.7,0.39,1,852,-6.7,0
OBS-01900,Klebsiella pneumoniae,Ciprofloxacin,St. Jude General Hospital,West District,2025-10,68,21,30.2,27.7,2.5,30.8,2.2,0.6,3,576,-4.8,0
OBS-01901,Escherichia coli,Vancomycin,Metro West Community Clinic,Metro Central,2026-01,565,264,46.7,43.9,2.7,45.9,3.4,0.69,6,3744,6.7,0
OBS-01902,Acinetobacter baumannii,Ampicillin,University Hospital Center,Metro Central,2025-11,62,26,41.7,48.9,-7.1,45.6,4.4,-2.26,8,821,16.7,0
OBS-01903,Pseudomonas aeruginosa,Gentamicin,Metro West Community Clinic,Metro Central,2025-11,306,33,10.8,16.5,-5.7,15.2,5.3,-1.26,7,2347,-19.2,0
OBS-01904,Escherichia coli,Ampicillin,Eastside Medical Center,Metro North,2026-07,559,117,20.9,26.6,-5.6,25.8,4.2,-1.28,8,4713,-19.1,1
OBS-01905,Klebsiella pneumoniae,Ciprofloxacin,St. Jude General Hospital,East District,2026-06,468,163,34.9,36.7,-1.8,37.4,3.3,-0.74,1,760,-0.1,0
OBS-01906,Klebsiella pneumoniae,Vancomycin,University Hospital Center,West District,2026-07,346,127,36.6,43.6,-6.9,41.5,4.1,-2.69,2,1046,1.6,0
OBS-01907,Enterococcus faecium,Ciprofloxacin,University Hospital Center,West District,2026-08,209,51,24.3,25.9,-1.5,25.0,3.3,-0.09,5,1402,-5.7,0
OBS-01908,Acinetobacter baumannii,Meropenem,North Suburbs Health Zone,West District,2026-07,91,34,37.8,23.8,14.0,28.8,7.6,4.84,8,914,12.8,1
OBS-01909,Pseudomonas aeruginosa,Vancomycin,St. Jude General Hospital,West District,2025-11,477,154,32.3,31.7,0.6,30.7,3.1,0.94,6,2934,2.3,0
OBS-01910,Klebsiella pneumoniae,Meropenem,North Suburbs Health Zone,East District,2026-08,381,180,47.3,43.4,3.9,43.7,4.6,2.33,4,1767,12.3,1
OBS-01911,Staphylococcus aureus,Ceftriaxone,Valley Health District,West District,2025-12,86,30,35.2,32.1,3.1,33.5,2.2,1.0,5,789,-4.8,0
OBS-01912,Pseudomonas aeruginosa,Vancomycin,Metro West Community Clinic,West District,2026-04,311,89,28.5,36.0,-7.5,32.4,4.8,-2.47,4,1607,-1.5,0
OBS-01913,Acinetobacter baumannii,Colistin,University Hospital Center,Metro Central,2026-05,196,94,47.7,44.6,3.1,46.1,3.7,1.52,1,533,22.7,1
OBS-01914,Klebsiella pneumoniae,Colistin,Metro West Community Clinic,Metro North,2026-08,321,190,59.2,58.1,1.1,58.8,1.5,0.26,7,2574,24.2,1
OBS-01915,Acinetobacter baumannii,Vancomycin,University Hospital Center,East District,2026-06,585,301,51.4,49.2,2.2,49.0,2.7,0.49,7,4401,26.4,0
OBS-01916,Staphylococcus aureus,Meropenem,Eastside Medical Center,West District,2026-05,579,230,39.8,39.6,0.2,39.3,1.1,-0.26,3,2014,-0.2,0
OBS-01917,Escherichia coli,Ceftriaxone,St. Jude General Hospital,Metro Central,2026-02,259,95,36.7,39.5,-2.8,38.8,2.6,-1.14,2,625,-3.3,0
OBS-01918,Enterococcus faecium,Meropenem,Eastside Medical Center,Metro North,2026-01,150,46,30.8,28.3,2.5,29.2,3.5,0.82,7,1219,0.8,0
OBS-01919,Escherichia coli,Colistin,University Hospital Center,Metro North,2025-10,368,125,34.0,32.3,1.8,32.2,3.4,1.16,5,2174,-6.0,0
OBS-01920,Enterococcus faecium,Ciprofloxacin,University Hospital Center,East District,2026-02,547,180,32.8,34.5,-1.7,34.0,3.5,-0.69,5,2859,2.8,0
OBS-01921,Staphylococcus aureus,Colistin,Valley Health District,Metro Central,2026-01,320,170,53.1,53.9,-0.8,54.8,1.9,-0.16,5,1664,13.1,0
OBS-01922,Escherichia coli,Ampicillin,Valley Health District,West District,2026-09,568,177,31.1,34.7,-3.6,34.1,2.6,-1.66,2,1250,-8.9,0
OBS-01923,Acinetobacter baumannii,Vancomycin,Metro West Community Clinic,Metro Central,2026-06,450,235,52.2,53.7,-1.5,55.2,3.5,-0.91,1,736,27.2,0
OBS-01924,Pseudomonas aeruginosa,Ciprofloxacin,North Suburbs Health Zone,East District,2026-04,271,57,21.2,21.3,-0.1,20.7,3.3,-0.33,2,759,-8.8,0
OBS-01925,Enterococcus faecium,Ampicillin,Eastside Medical Center,West District,2026-07,445,79,17.6,19.8,-2.1,20.9,1.6,-1.38,4,2146,-12.4,0
OBS-01926,Acinetobacter baumannii,Ampicillin,Metro West Community Clinic,East District,2026-09,375,157,41.8,41.9,-0.1,44.3,1.8,0.26,2,974,16.8,0
OBS-01927,Enterococcus faecium,Ciprofloxacin,St. Jude General Hospital,Metro Central,2026-07,224,56,25.0,23.9,1.1,24.8,3.6,-0.04,3,751,-5.0,0
OBS-01928,Pseudomonas aeruginosa,Meropenem,Valley Health District,West District,2026-09,399,4,1.0,12.8,-11.8,9.9,6.0,-3.0,1,507,-29.0,0
OBS-01929,Escherichia coli,Meropenem,Metro West Community Clinic,West District,2026-01,361,158,43.8,45.3,-1.5,44.3,2.3,-0.61,7,2704,3.8,0
OBS-01930,Klebsiella pneumoniae,Ciprofloxacin,Metro West Community Clinic,East District,2026-03,97,35,35.7,35.7,0.0,34.9,2.4,0.45,6,826,0.7,0
OBS-01931,Acinetobacter baumannii,Gentamicin,Valley Health District,East District,2025-12,583,255,43.8,40.5,3.3,39.0,4.3,0.73,5,3262,18.8,0
OBS-01932,Staphylococcus aureus,Ampicillin,Valley Health District,East District,2026-09,481,192,40.0,37.5,2.5,39.4,3.9,0.08,7,3671,-0.0,0
OBS-01933,Staphylococcus aureus,Colistin,University Hospital Center,Metro Central,2026-02,473,85,18.0,19.2,-1.2,19.4,1.3,-0.48,6,3074,-22.0,0
OBS-01934,Acinetobacter baumannii,Ciprofloxacin,Metro West Community Clinic,West District,2026-02,266,73,27.6,31.0,-3.4,31.3,2.6,-0.22,6,1744,2.6,0
OBS-01935,Escherichia coli,Ampicillin,University Hospital Center,Metro North,2026-03,454,118,26.1,28.1,-2.0,25.0,4.1,-0.66,5,2515,-13.9,0
OBS-01936,Klebsiella pneumoniae,Vancomycin,North Suburbs Health Zone,East District,2026-09,95,29,31.0,31.0,0.0,29.7,2.6,0.48,5,580,-4.0,0
OBS-01937,Acinetobacter baumannii,Colistin,University Hospital Center,Metro Central,2025-10,204,135,66.2,43.4,22.8,45.4,11.3,7.26,7,1573,41.2,1
OBS-01938,Staphylococcus aureus,Ampicillin,North Suburbs Health Zone,West District,2026-02,177,33,18.4,15.4,2.9,15.9,4.2,0.57,7,1450,-21.6,0
OBS-01939,Escherichia coli,Ciprofloxacin,University Hospital Center,East District,2026-09,134,39,28.8,31.9,-3.1,30.7,3.6,-0.5,2,508,-11.2,0
OBS-01940,Pseudomonas aeruginosa,Ceftriaxone,Metro West Community Clinic,West District,2025-10,589,210,35.6,11.6,24.0,16.9,10.3,7.72,1,646,5.6,1
OBS-01941,Staphylococcus aureus,Gentamicin,North Suburbs Health Zone,Metro North,2026-01,217,44,20.4,24.8,-4.4,24.2,3.0,-1.66,2,779,-19.6,0
OBS-01942,Staphylococcus aureus,Vancomycin,St. Jude General Hospital,East District,2026-05,458,92,20.2,21.2,-1.1,21.0,2.7,0.08,3,1558,-19.8,0
OBS-01943,Staphylococcus aureus,Ciprofloxacin,University Hospital Center,Metro Central,2025-12,248,31,12.3,6.9,5.4,8.9,3.0,1.49,1,568,-27.7,0
OBS-01944,Staphylococcus aureus,Colistin,University Hospital Center,West District,2026-03,585,186,31.9,33.7,-1.8,32.4,2.7,-1.0,7,4169,-8.1,0
OBS-01945,Enterococcus faecium,Meropenem,Eastside Medical Center,East District,2026-06,357,214,60.0,39.3,20.7,42.8,9.8,6.5,3,1186,30.0,1
OBS-01946,Acinetobacter baumannii,Colistin,Eastside Medical Center,East District,2026-02,72,33,46.3,48.3,-2.1,45.1,2.4,-0.67,1,468,21.3,0
OBS-01947,Enterococcus faecium,Colistin,Eastside Medical Center,West District,2026-03,241,99,40.9,16.9,24.0,20.5,10.3,8.28,3,812,10.9,1
OBS-01948,Enterococcus faecium,Ampicillin,Eastside Medical Center,West District,2026-08,501,182,36.4,36.0,0.3,39.0,1.2,0.14,2,1276,6.4,0
OBS-01949,Klebsiella pneumoniae,Meropenem,Valley Health District,East District,2026-08,541,218,40.4,22.3,18.0,26.5,8.8,5.7,3,1759,5.4,1
OBS-01950,Staphylococcus aureus,Gentamicin,University Hospital Center,Metro Central,2026-05,52,12,22.1,21.5,0.7,20.0,3.4,-0.24,6,697,-17.9,0
OBS-01951,Escherichia coli,Ceftriaxone,North Suburbs Health Zone,Metro North,2025-10,376,226,60.1,40.2,19.9,45.7,9.6,7.01,5,2255,20.1,1
OBS-01952,Klebsiella pneumoniae,Colistin,Valley Health District,Metro North,2026-02,378,106,28.2,21.4,6.7,24.4,3.2,2.43,4,1679,-6.8,1
OBS-01953,Enterococcus faecium,Vancomycin,Valley Health District,Metro Central,2026-06,445,149,33.5,33.6,-0.1,33.4,1.2,-0.65,2,1165,3.5,0
OBS-01954,Escherichia coli,Vancomycin,North Suburbs Health Zone,East District,2025-12,300,64,21.4,22.5,-1.1,20.3,3.9,-0.95,5,1680,-18.6,0
OBS-01955,Pseudomonas aeruginosa,Colistin,North Suburbs Health Zone,Metro Central,2026-06,587,118,20.2,21.4,-1.2,21.3,2.8,-1.05,4,2583,-9.8,0
OBS-01956,Acinetobacter baumannii,Meropenem,North Suburbs Health Zone,Metro Central,2025-10,286,122,42.6,45.1,-2.5,45.4,3.4,-0.92,6,2095,17.6,0
OBS-01957,Staphylococcus aureus,Ceftriaxone,Metro West Community Clinic,East District,2026-06,475,219,46.0,46.9,-0.9,45.9,2.0,0.05,7,3675,6.0,0
OBS-01958,Enterococcus faecium,Ceftriaxone,St. Jude General Hospital,East District,2026-03,176,84,47.8,24.5,23.2,28.3,11.0,7.76,8,1703,17.8,1
OBS-01959,Pseudomonas aeruginosa,Ampicillin,University Hospital Center,Metro Central,2025-11,298,97,32.5,31.6,0.9,30.5,3.2,0.31,7,2225,2.5,0
OBS-01960,Acinetobacter baumannii,Gentamicin,University Hospital Center,West District,2025-12,283,107,37.7,36.4,1.4,37.8,3.9,0.24,4,1472,12.7,0
OBS-01961,Escherichia coli,Gentamicin,Valley Health District,West District,2025-10,200,83,41.3,39.7,1.5,42.4,1.6,-0.36,7,1740,1.3,0
OBS-01962,Acinetobacter baumannii,Ciprofloxacin,Valley Health District,Metro North,2025-12,164,74,45.3,42.8,2.5,44.4,4.1,0.85,3,564,20.3,1
OBS-01963,Klebsiella pneumoniae,Meropenem,St. Jude General Hospital,Metro Central,2025-11,512,157,30.7,36.3,-5.6,33.7,4.4,-2.0,7,3856,-4.3,0
OBS-01964,Escherichia coli,Ceftriaxone,Valley Health District,West District,2026-09,164,76,46.3,42.7,3.6,44.0,3.4,0.97,7,1203,6.3,0
OBS-01965,Klebsiella pneumoniae,Colistin,North Suburbs Health Zone,Metro Central,2026-02,280,90,32.3,33.1,-0.8,32.3,1.9,-1.09,1,613,-2.7,0
OBS-01966,Klebsiella pneumoniae,Gentamicin,St. Jude General Hospital,Metro Central,2026-05,471,231,49.0,50.2,-1.2,50.2,1.6,-1.25,5,2686,14.0,0
OBS-01967,Pseudomonas aeruginosa,Ampicillin,Metro West Community Clinic,East District,2026-08,75,31,41.1,24.9,16.1,27.1,6.6,5.51,2,201,11.1,0
OBS-01968,Staphylococcus aureus,Meropenem,St. Jude General Hospital,East District,2026-02,428,206,48.0,50.2,-2.2,51.0,2.9,-0.45,6,2842,8.0,0
OBS-01969,Enterococcus faecium,Ciprofloxacin,North Suburbs Health Zone,West District,2026-08,472,5,1.0,23.3,-22.3,18.8,10.2,-7.18,7,3491,-29.0,0
OBS-01970,Pseudomonas aeruginosa,Colistin,St. Jude General Hospital,Metro Central,2026-09,328,64,19.5,21.2,-1.7,21.8,1.7,-0.58,4,1362,-10.5,0
OBS-01971,Escherichia coli,Ampicillin,Metro West Community Clinic,East District,2026-07,82,26,31.7,28.8,2.9,27.8,3.3,0.49,8,973,-8.3,0
OBS-01972,Acinetobacter baumannii,Vancomycin,University Hospital Center,West District,2026-04,341,194,56.8,33.7,23.1,37.1,10.2,7.63,4,1697,31.8,1
OBS-01973,Acinetobacter baumannii,Ampicillin,University Hospital Center,West District,2026-07,55,23,42.4,43.6,-1.2,41.5,2.7,-0.76,8,760,17.4,0
OBS-01974,Acinetobacter baumannii,Ceftriaxone,Valley Health District,Metro Central,2026-05,114,81,70.7,46.8,23.8,52.4,11.0,7.94,8,1148,45.7,1
OBS-01975,Pseudomonas aeruginosa,Ampicillin,St. Jude General Hospital,West District,2026-04,282,15,5.2,30.0,-24.8,23.5,11.0,-8.51,1,396,-24.8,0
OBS-01976,Enterococcus faecium,Vancomycin,Eastside Medical Center,West District,2026-08,429,142,33.0,33.3,-0.3,32.8,2.9,-0.28,3,1344,3.0,0
OBS-01977,Escherichia coli,Vancomycin,Metro West Community Clinic,East District,2025-12,512,142,27.7,29.7,-2.0,31.7,1.9,-1.23,2,1258,-12.3,0
OBS-01978,Escherichia coli,Ampicillin,North Suburbs Health Zone,West District,2026-02,181,63,34.8,30.7,4.1,31.4,3.0,1.7,2,661,-5.2,0
OBS-01979,Escherichia coli,Ciprofloxacin,Metro West Community Clinic,Metro North,2026-02,452,112,24.7,24.2,0.5,26.5,1.7,-0.53,2,1024,-15.3,0
OBS-01980,Klebsiella pneumoniae,Ceftriaxone,North Suburbs Health Zone,East District,2026-06,500,206,41.2,43.2,-1.9,43.4,2.3,-0.7,2,1077,6.2,0
OBS-01981,Pseudomonas aeruginosa,Gentamicin,Valley Health District,East District,2026-02,147,31,21.0,20.0,1.0,21.4,2.6,0.04,3,774,-9.0,0
OBS-01982,Staphylococcus aureus,Vancomycin,St. Jude General Hospital,East District,2026-04,42,22,52.7,28.5,24.2,34.5,10.5,8.37,3,471,12.7,1
OBS-01983,Escherichia coli,Gentamicin,Metro West Community Clinic,Metro Central,2026-09,104,29,28.1,29.3,-1.2,29.8,2.9,0.17,1,477,-11.9,0
OBS-01984,Pseudomonas aeruginosa,Ampicillin,Eastside Medical Center,Metro Central,2026-05,256,20,7.9,10.1,-2.2,9.5,3.6,-1.4,3,887,-22.1,0
OBS-01985,Klebsiella pneumoniae,Ceftriaxone,University Hospital Center,East District,2026-09,45,34,75.2,58.9,16.3,59.0,8.5,5.45,5,304,40.2,1
OBS-01986,Acinetobacter baumannii,Meropenem,University Hospital Center,East District,2026-09,286,195,68.0,48.4,19.6,52.5,8.3,6.61,8,2384,43.0,1
OBS-01987,Acinetobacter baumannii,Vancomycin,Eastside Medical Center,Metro Central,2026-05,100,52,51.5,49.5,2.0,48.1,2.5,0.6,2,429,26.5,0
OBS-01988,Escherichia coli,Ciprofloxacin,St. Jude General Hospital,East District,2025-10,514,206,40.1,41.6,-1.5,41.7,2.4,-0.7,3,1647,0.1,0
OBS-01989,Pseudomonas aeruginosa,Meropenem,North Suburbs Health Zone,Metro Central,2026-09,411,95,23.2,18.9,4.3,17.8,4.3,1.46,1,577,-6.8,0
OBS-01990,Staphylococcus aureus,Ciprofloxacin,Metro West Community Clinic,Metro North,2026-01,73,54,73.3,50.0,23.4,53.1,10.5,7.73,1,359,33.3,1
OBS-01991,Escherichia coli,Ciprofloxacin,North Suburbs Health Zone,East District,2026-09,556,281,50.5,46.8,3.7,47.3,3.0,1.52,2,1455,10.5,1
OBS-01992,Pseudomonas aeruginosa,Gentamicin,Eastside Medical Center,Metro North,2026-08,574,86,15.0,21.8,-6.7,18.8,5.7,-2.34,3,2011,-15.0,0
OBS-01993,Klebsiella pneumoniae,Vancomycin,North Suburbs Health Zone,East District,2025-12,325,153,47.1,47.8,-0.7,48.0,1.1,-0.77,5,1916,12.1,0
OBS-01994,Enterococcus faecium,Ciprofloxacin,Metro West Community Clinic,Metro North,2026-05,358,177,49.4,28.6,20.8,35.0,8.2,7.28,4,1757,19.4,1
OBS-01995,Escherichia coli,Ciprofloxacin,Eastside Medical Center,East District,2025-10,400,111,27.7,20.5,7.2,23.7,4.8,2.03,3,1537,-12.3,0
OBS-01996,Enterococcus faecium,Meropenem,St. Jude General Hospital,West District,2026-02,408,59,14.5,18.4,-4.0,18.3,2.7,-1.18,4,1906,-15.5,0
OBS-01997,Klebsiella pneumoniae,Colistin,University Hospital Center,West District,2026-06,455,184,40.4,43.7,-3.3,45.6,2.7,-0.77,1,644,5.4,0
OBS-01998,Enterococcus faecium,Ampicillin,North Suburbs Health Zone,Metro North,2026-07,297,55,18.7,21.3,-2.6,22.3,2.9,-0.88,4,1391,-11.3,0
OBS-01999,Acinetobacter baumannii,Colistin,University Hospital Center,East District,2026-01,345,120,34.7,37.8,-3.2,38.6,4.1,-0.5,7,2672,9.7,0
OBS-02000,Pseudomonas aeruginosa,Colistin,St. Jude General Hospital,West District,2026-05,91,24,26.5,24.0,2.5,25.6,2.6,1.73,5,706,-3.5,0
OBS-02001,Pseudomonas aeruginosa,Ciprofloxacin,Eastside Medical Center,West District,2025-12,227,36,15.8,16.3,-0.4,16.7,3.6,-0.31,4,962,-14.2,0
OBS-02002,Pseudomonas aeruginosa,Vancomycin,Eastside Medical Center,Metro Central,2025-10,356,129,36.1,41.1,-5.0,41.2,3.3,-1.18,8,2912,6.1,0
OBS-02003,Klebsiella pneumoniae,Ciprofloxacin,St. Jude General Hospital,Metro Central,2026-05,137,39,28.1,30.9,-2.8,30.7,4.1,-0.75,7,1316,-6.9,1
OBS-02004,Pseudomonas aeruginosa,Vancomycin,Eastside Medical Center,West District,2026-08,95,4,4.4,25.8,-21.4,21.4,10.0,-7.66,7,805,-25.6,0
OBS-02005,Pseudomonas aeruginosa,Meropenem,Eastside Medical Center,East District,2026-09,221,45,20.2,22.0,-1.8,20.9,1.8,-1.7,2,492,-9.8,0
OBS-02006,Klebsiella pneumoniae,Ampicillin,Eastside Medical Center,East District,2025-10,201,107,53.4,47.3,6.1,48.3,3.4,1.75,1,464,18.4,1
OBS-02007,Escherichia coli,Ciprofloxacin,Eastside Medical Center,Metro Central,2026-03,227,89,39.0,43.7,-4.7,40.5,3.4,-1.46,4,1135,-1.0,0
OBS-02008,Enterococcus faecium,Ceftriaxone,Eastside Medical Center,West District,2026-08,72,25,34.4,33.1,1.3,33.8,2.2,1.07,6,706,4.4,0
OBS-02009,Staphylococcus aureus,Ciprofloxacin,North Suburbs Health Zone,Metro North,2025-12,90,36,39.6,40.5,-0.9,42.2,1.2,0.15,8,951,-0.4,0
OBS-02010,Pseudomonas aeruginosa,Gentamicin,St. Jude General Hospital,Metro North,2026-08,89,28,31.0,22.2,8.8,23.5,6.3,2.71,2,232,1.0,1
OBS-02011,Enterococcus faecium,Ceftriaxone,University Hospital Center,East District,2026-09,248,51,20.4,7.4,13.0,11.9,7.3,4.68,1,594,-9.6,0
OBS-02012,Escherichia coli,Meropenem,North Suburbs Health Zone,Metro Central,2026-06,105,36,34.6,44.2,-9.6,42.9,5.8,-3.88,5,611,-5.4,0
OBS-02013,Escherichia coli,Meropenem,Valley Health District,East District,2026-07,598,259,43.3,38.4,5.0,39.0,3.0,2.07,3,2027,3.3,1
OBS-02014,Pseudomonas aeruginosa,Gentamicin,Metro West Community Clinic,East District,2025-12,410,4,1.0,15.6,-14.6,12.1,8.0,-4.75,1,658,-29.0,0
OBS-02015,Acinetobacter baumannii,Ceftriaxone,St. Jude General Hospital,Metro Central,2026-04,600,340,56.7,39.8,16.9,44.5,7.3,5.71,7,4280,31.7,1
OBS-02016,Pseudomonas aeruginosa,Ciprofloxacin,Valley Health District,Metro North,2026-05,168,70,41.4,44.2,-2.8,46.7,3.1,-1.2,5,1001,11.4,0
OBS-02017,Pseudomonas aeruginosa,Colistin,Metro West Community Clinic,East District,2026-01,42,11,25.7,27.4,-1.7,26.7,1.6,-0.59,1,293,-4.3,0
OBS-02018,Klebsiella pneumoniae,Colistin,Eastside Medical Center,Metro Central,2026-01,396,186,46.9,23.9,23.0,25.4,9.1,7.59,3,1243,11.9,1
OBS-02019,Pseudomonas aeruginosa,Meropenem,North Suburbs Health Zone,Metro North,2026-02,510,66,12.9,11.4,1.5,12.1,1.6,0.53,2,1345,-17.1,0
OBS-02020,Enterococcus faecium,Meropenem,Valley Health District,Metro North,2026-01,355,67,18.9,23.9,-5.0,22.5,5.2,-1.38,4,1639,-11.1,0
OBS-02021,Enterococcus faecium,Vancomycin,St. Jude General Hospital,Metro Central,2026-08,87,32,36.6,34.0,2.6,34.8,3.9,1.47,7,841,6.6,1
OBS-02022,Acinetobacter baumannii,Ceftriaxone,North Suburbs Health Zone,East District,2026-01,195,80,41.2,21.4,19.9,26.7,9.2,7.21,1,304,16.2,1
OBS-02023,Klebsiella pneumoniae,Ceftriaxone,St. Jude General Hospital,East District,2026-08,507,172,34.0,33.1,0.9,32.9,2.1,0.25,6,3263,-1.0,0
OBS-02024,Acinetobacter baumannii,Vancomycin,Metro West Community Clinic,West District,2026-03,129,40,31.1,34.2,-3.0,34.0,4.3,-1.4,3,524,6.1,0
OBS-02025,Staphylococcus aureus,Colistin,University Hospital Center,West District,2025-10,286,143,49.9,44.6,5.3,44.7,4.3,1.36,4,1408,9.9,1
OBS-02026,Escherichia coli,Gentamicin,University Hospital Center,West District,2026-03,573,364,63.5,44.7,18.8,46.0,9.4,6.0,6,3583,23.5,1
OBS-02027,Escherichia coli,Gentamicin,Metro West Community Clinic,Metro North,2025-10,157,46,29.4,25.8,3.7,23.7,4.8,0.62,8,1352,-10.6,0
OBS-02028,Klebsiella pneumoniae,Gentamicin,Metro West Community Clinic,Metro Central,2025-12,481,220,45.7,21.3,24.5,25.8,10.7,7.83,4,2060,10.7,1
OBS-02029,Klebsiella pneumoniae,Ciprofloxacin,Eastside Medical Center,Metro Central,2026-06,44,19,42.2,40.0,2.2,40.3,3.2,1.21,8,589,7.2,1
OBS-02030,Escherichia coli,Ceftriaxone,North Suburbs Health Zone,Metro North,2026-06,380,74,19.4,20.1,-0.7,20.6,2.4,0.08,6,2611,-20.6,0
OBS-02031,Pseudomonas aeruginosa,Ceftriaxone,Valley Health District,West District,2026-09,211,70,33.2,36.9,-3.7,38.2,2.9,-1.65,8,1786,3.2,0
OBS-02032,Enterococcus faecium,Ciprofloxacin,Eastside Medical Center,Metro North,2026-05,108,28,26.1,30.4,-4.3,29.1,2.3,-1.46,4,762,-3.9,0
OBS-02033,Klebsiella pneumoniae,Ceftriaxone,Metro West Community Clinic,West District,2025-12,379,144,38.1,42.5,-4.4,42.2,4.5,-1.6,5,2104,3.1,0
OBS-02034,Acinetobacter baumannii,Meropenem,University Hospital Center,West District,2025-12,95,39,40.9,40.4,0.6,40.5,3.4,0.15,1,235,15.9,0
OBS-02035,Acinetobacter baumannii,Meropenem,Valley Health District,Metro North,2025-12,100,55,55.0,41.5,13.5,44.2,7.7,3.95,3,479,30.0,1
OBS-02036,Enterococcus faecium,Meropenem,Valley Health District,Metro North,2026-09,107,27,25.3,28.4,-3.1,26.1,3.7,-1.55,2,479,-4.7,0
OBS-02037,Acinetobacter baumannii,Ceftriaxone,Valley Health District,Metro North,2026-09,169,87,51.3,51.6,-0.3,52.1,1.1,-0.3,1,540,26.3,0
OBS-02038,Enterococcus faecium,Meropenem,St. Jude General Hospital,East District,2026-09,264,141,53.4,29.5,24.0,32.6,9.9,8.17,3,909,23.4,1
OBS-02039,Klebsiella pneumoniae,Gentamicin,St. Jude General Hospital,Metro North,2026-03,82,17,20.3,18.1,2.3,17.7,3.7,0.72,4,444,-14.7,0
OBS-02040,Escherichia coli,Ampicillin,Eastside Medical Center,West District,2026-01,98,20,20.6,22.7,-2.2,24.0,3.3,-0.68,1,324,-19.4,0
OBS-02041,Staphylococcus aureus,Ampicillin,North Suburbs Health Zone,East District,2026-04,590,55,9.4,23.5,-14.1,20.0,6.5,-4.28,2,1344,-30.6,1
OBS-02042,Klebsiella pneumoniae,Ceftriaxone,St. Jude General Hospital,West District,2026-08,520,89,17.2,21.6,-4.4,21.4,4.4,-1.57,2,1242,-17.8,0
OBS-02043,Klebsiella pneumoniae,Ceftriaxone,Valley Health District,Metro North,2025-11,309,119,38.6,39.5,-0.9,40.7,2.0,-0.27,1,485,3.6,0
OBS-02044,Pseudomonas aeruginosa,Ciprofloxacin,Metro West Community Clinic,West District,2026-04,194,86,44.1,25.2,18.9,33.1,8.6,6.56,3,922,14.1,1
OBS-02045,Staphylococcus aureus,Ampicillin,St. Jude General Hospital,Metro Central,2026-03,417,97,23.1,21.0,2.2,21.3,2.3,0.89,7,3182,-16.9,0
OBS-02046,Staphylococcus aureus,Vancomycin,St. Jude General Hospital,West District,2026-01,196,69,35.1,32.0,3.1,33.2,4.1,1.51,7,1465,-4.9,0
OBS-02047,Pseudomonas aeruginosa,Colistin,St. Jude General Hospital,East District,2026-07,300,37,12.2,11.6,0.6,9.9,1.6,0.28,5,1703,-17.8,0
OBS-02048,Staphylococcus aureus,Ampicillin,University Hospital Center,East District,2026-07,270,121,44.8,50.1,-5.3,48.2,5.4,-1.87,4,1420,4.8,1
OBS-02049,Enterococcus faecium,Ceftriaxone,North Suburbs Health Zone,Metro North,2026-05,172,57,33.0,27.9,5.2,29.4,3.6,1.71,4,824,3.0,1
OBS-02050,Escherichia coli,Ciprofloxacin,Eastside Medical Center,Metro North,2026-02,460,226,49.1,35.0,14.1,40.8,8.0,4.55,4,2230,9.1,1
OBS-02051,Enterococcus faecium,Ceftriaxone,Valley Health District,East District,2026-02,143,57,40.1,43.4,-3.4,44.0,4.7,-1.66,3,826,10.1,0
OBS-02052,Escherichia coli,Ceftriaxone,Valley Health District,West District,2026-07,457,95,20.9,19.3,1.6,19.6,2.3,0.78,2,1039,-19.1,0
OBS-02053,Enterococcus faecium,Ciprofloxacin,Valley Health District,West District,2026-02,245,45,18.2,20.5,-2.3,20.6,4.1,-0.32,4,1316,-11.8,0
OBS-02054,Klebsiella pneumoniae,Gentamicin,Eastside Medical Center,West District,2025-12,98,32,32.6,33.5,-0.9,33.4,3.8,-0.39,6,824,-2.4,0
OBS-02055,Pseudomonas aeruginosa,Meropenem,St. Jude General Hospital,Metro North,2025-11,414,84,20.4,16.3,4.1,17.5,2.3,1.52,2,1220,-9.6,0
OBS-02056,Pseudomonas aeruginosa,Gentamicin,Eastside Medical Center,East District,2026-05,315,75,23.8,20.4,3.4,20.5,3.3,0.92,7,2510,-6.2,0
OBS-02057,Acinetobacter baumannii,Gentamicin,Valley Health District,East District,2026-09,244,47,19.2,21.1,-1.9,21.5,4.1,-0.89,6,1698,-5.8,0
OBS-02058,Acinetobacter baumannii,Ampicillin,Eastside Medical Center,West District,2026-04,105,36,34.4,30.8,3.6,30.3,2.4,0.92,7,1005,9.4,0
OBS-02059,Escherichia coli,Meropenem,Eastside Medical Center,East District,2026-03,588,313,53.2,49.3,3.9,51.6,3.0,1.77,1,642,13.2,1
OBS-02060,Acinetobacter baumannii,Colistin,Metro West Community Clinic,Metro Central,2026-03,448,301,67.1,50.2,16.9,51.9,7.3,5.07,3,1699,42.1,1
OBS-02061,Staphylococcus aureus,Ampicillin,Eastside Medical Center,West District,2025-12,285,55,19.4,20.6,-1.2,21.2,1.4,-0.73,2,626,-20.6,0
OBS-02062,Klebsiella pneumoniae,Meropenem,Eastside Medical Center,Metro Central,2026-02,434,186,42.8,44.9,-2.0,44.2,2.1,-0.43,3,1414,7.8,0
OBS-02063,Enterococcus faecium,Colistin,Valley Health District,Metro North,2026-01,465,128,27.6,29.6,-2.0,27.5,1.9,-0.44,3,1504,-2.4,0
OBS-02064,Pseudomonas aeruginosa,Meropenem,Valley Health District,Metro Central,2026-05,265,116,43.8,41.4,2.3,42.6,3.8,0.29,7,2241,13.8,0
OBS-02065,Enterococcus faecium,Ciprofloxacin,St. Jude General Hospital,Metro Central,2026-05,211,75,35.8,37.0,-1.2,38.0,3.9,-0.38,6,1388,5.8,0
OBS-02066,Enterococcus faecium,Ceftriaxone,North Suburbs Health Zone,Metro Central,2026-06,365,52,14.3,15.2,-0.9,17.1,2.4,-0.32,5,1955,-15.7,0
OBS-02067,Enterococcus faecium,Colistin,Valley Health District,Metro North,2026-04,305,77,25.2,27.0,-1.8,26.8,3.7,-1.04,8,2626,-4.8,0
OBS-02068,Enterococcus faecium,Ampicillin,St. Jude General Hospital,Metro Central,2026-05,207,81,39.1,38.7,0.4,38.4,1.0,-0.07,4,1209,9.1,0
OBS-02069,Enterococcus faecium,Ceftriaxone,North Suburbs Health Zone,East District,2026-09,267,52,19.5,20.9,-1.4,20.8,2.1,-0.36,3,1078,-10.5,0
OBS-02070,Staphylococcus aureus,Ampicillin,Valley Health District,East District,2026-04,239,90,37.8,16.6,21.3,19.4,8.5,7.45,4,1245,-2.2,1
OBS-02071,Escherichia coli,Vancomycin,Valley Health District,East District,2025-12,589,331,56.2,30.9,25.2,34.8,10.2,8.22,8,4794,16.2,1
OBS-02072,Acinetobacter baumannii,Gentamicin,St. Jude General Hospital,Metro Central,2025-10,535,79,14.8,35.3,-20.5,32.8,10.3,-6.28,3,2004,-10.2,0
OBS-02073,Pseudomonas aeruginosa,Ampicillin,Valley Health District,Metro North,2025-11,67,11,16.1,16.1,0.1,17.5,2.5,-0.47,7,828,-13.9,0
OBS-02074,Enterococcus faecium,Vancomycin,St. Jude General Hospital,Metro North,2026-04,546,230,42.1,40.7,1.4,42.3,2.9,0.59,2,1226,12.1,0
OBS-02075,Klebsiella pneumoniae,Ampicillin,Metro West Community Clinic,East District,2026-03,570,298,52.3,30.8,21.5,36.3,10.8,7.69,3,1960,17.3,1
OBS-02076,Klebsiella pneumoniae,Ceftriaxone,Valley Health District,West District,2026-01,170,55,32.2,32.6,-0.5,32.7,2.5,-0.19,6,1261,-2.8,0
OBS-02077,Enterococcus faecium,Gentamicin,University Hospital Center,Metro North,2025-12,194,51,26.4,25.4,1.0,24.1,2.1,0.35,3,959,-3.6,0
OBS-02078,Klebsiella pneumoniae,Gentamicin,Metro West Community Clinic,Metro North,2026-06,41,12,30.1,32.8,-2.7,31.9,3.9,-0.83,3,320,-4.9,0
OBS-02079,Enterococcus faecium,Vancomycin,University Hospital Center,East District,2026-01,272,69,25.5,27.1,-1.6,27.7,2.1,-0.27,3,1082,-4.5,0
OBS-02080,Escherichia coli,Ampicillin,North Suburbs Health Zone,Metro Central,2025-10,86,44,51.5,26.2,25.3,32.2,11.4,8.58,8,999,11.5,1
OBS-02081,Escherichia coli,Vancomycin,Metro West Community Clinic,Metro North,2026-01,79,7,8.8,21.9,-13.1,16.4,5.5,-4.59,7,653,-31.2,0
OBS-02082,Pseudomonas aeruginosa,Gentamicin,Metro West Community Clinic,Metro North,2026-06,131,61,46.7,39.4,7.3,43.6,4.1,1.44,3,695,16.7,1
OBS-02083,Staphylococcus aureus,Gentamicin,Eastside Medical Center,East District,2026-04,245,24,9.8,5.5,4.3,5.7,3.5,1.78,8,2176,-30.2,0
OBS-02084,Klebsiella pneumoniae,Meropenem,University Hospital Center,Metro North,2025-12,560,209,37.4,40.3,-2.9,38.2,4.3,-1.23,3,1738,2.4,0
OBS-02085,Pseudomonas aeruginosa,Colistin,University Hospital Center,East District,2026-06,228,73,31.9,26.9,5.0,29.0,4.9,1.24,3,825,1.9,1
OBS-02086,Escherichia coli,Ampicillin,University Hospital Center,East District,2026-01,90,26,28.3,25.7,2.6,25.9,3.3,0.84,6,789,-11.7,0
OBS-02087,Enterococcus faecium,Ampicillin,University Hospital Center,Metro Central,2026-08,584,264,45.2,38.8,6.4,40.5,3.6,2.47,2,1246,15.2,1
OBS-02088,Staphylococcus aureus,Colistin,St. Jude General Hospital,Metro North,2025-10,362,155,42.7,37.2,5.5,37.5,3.8,2.28,8,3063,2.7,1
OBS-02089,Escherichia coli,Gentamicin,Metro West Community Clinic,East District,2025-12,113,39,34.1,38.0,-3.9,36.8,2.7,-1.09,1,275,-5.9,0
OBS-02090,Enterococcus faecium,Ciprofloxacin,Metro West Community Clinic,East District,2026-08,274,63,23.0,27.0,-4.0,25.6,3.0,-2.05,7,2260,-7.0,0
OBS-02091,Pseudomonas aeruginosa,Ampicillin,St. Jude General Hospital,East District,2026-09,527,131,24.8,21.9,2.9,21.2,1.8,1.54,5,2708,-5.2,0
OBS-02092,Escherichia coli,Vancomycin,University Hospital Center,Metro Central,2026-03,478,235,49.3,33.5,15.7,39.1,8.1,5.64,2,1143,9.3,1
OBS-02093,Pseudomonas aeruginosa,Colistin,North Suburbs Health Zone,East District,2025-10,424,29,6.7,9.0,-2.3,9.3,2.5,-0.51,2,1201,-23.3,0
OBS-02094,Staphylococcus aureus,Ceftriaxone,North Suburbs Health Zone,East District,2025-12,528,155,29.3,32.1,-2.8,31.3,3.8,-1.1,1,578,-10.7,1
OBS-02095,Klebsiella pneumoniae,Ampicillin,University Hospital Center,Metro Central,2025-11,138,63,45.5,48.0,-2.5,46.2,3.6,-0.51,8,1223,10.5,0
OBS-02096,Pseudomonas aeruginosa,Ciprofloxacin,University Hospital Center,Metro North,2026-09,453,115,25.5,20.2,5.3,21.4,5.1,1.18,7,3457,-4.5,0
OBS-02097,Staphylococcus aureus,Ciprofloxacin,Metro West Community Clinic,West District,2026-01,208,39,18.9,17.1,1.8,16.4,3.0,1.32,2,684,-21.1,0
OBS-02098,Escherichia coli,Vancomycin,Metro West Community Clinic,Metro North,2025-12,438,172,39.2,32.9,6.3,35.0,4.7,2.43,8,3899,-0.8,0
OBS-02099,Pseudomonas aeruginosa,Gentamicin,Metro West Community Clinic,West District,2026-08,400,105,26.3,27.0,-0.7,24.3,3.1,-0.27,7,2971,-3.7,0
OBS-02100,Enterococcus faecium,Gentamicin,Metro West Community Clinic,East District,2026-01,133,28,21.1,19.4,1.7,19.5,3.5,0.63,2,638,-8.9,0
OBS-02101,Klebsiella pneumoniae,Ciprofloxacin,Metro West Community Clinic,East District,2025-12,167,7,4.0,18.2,-14.2,14.6,6.2,-4.49,4,792,-31.0,0
OBS-02102,Escherichia coli,Vancomycin,Eastside Medical Center,West District,2026-04,329,160,48.5,47.9,0.6,47.7,2.9,0.24,5,1983,8.5,0
OBS-02103,Pseudomonas aeruginosa,Ampicillin,St. Jude General Hospital,Metro Central,2025-10,470,98,20.8,19.6,1.2,20.7,3.7,0.58,3,1747,-9.2,0
OBS-02104,Acinetobacter baumannii,Gentamicin,North Suburbs Health Zone,West District,2026-04,498,181,36.3,42.3,-6.0,42.1,3.5,-1.56,5,2843,11.3,0
OBS-02105,Escherichia coli,Ampicillin,University Hospital Center,West District,2026-03,74,14,18.5,20.2,-1.7,18.8,2.7,-0.38,7,699,-21.5,1
OBS-02106,Staphylococcus aureus,Meropenem,Eastside Medical Center,East District,2026-09,521,196,37.6,12.7,24.9,18.9,11.1,8.78,4,2235,-2.4,1
OBS-02107,Acinetobacter baumannii,Ampicillin,Metro West Community Clinic,Metro North,2026-05,120,29,24.4,24.4,0.0,23.9,1.0,0.17,8,1066,-0.6,0
OBS-02108,Pseudomonas aeruginosa,Meropenem,Metro West Community Clinic,West District,2026-01,250,54,21.4,19.3,2.1,19.3,1.9,0.67,6,1575,-8.6,0
OBS-02109,Enterococcus faecium,Ciprofloxacin,University Hospital Center,East District,2026-03,205,103,50.1,32.9,17.2,37.0,9.2,5.47,2,730,20.1,1
OBS-02110,Pseudomonas aeruginosa,Meropenem,St. Jude General Hospital,East District,2026-07,577,103,17.8,16.4,1.5,15.1,2.5,1.05,5,3252,-12.2,0
OBS-02111,Pseudomonas aeruginosa,Ceftriaxone,North Suburbs Health Zone,East District,2026-02,485,182,37.5,29.8,7.7,32.5,6.0,2.18,7,3571,7.5,1
OBS-02112,Pseudomonas aeruginosa,Vancomycin,Eastside Medical Center,Metro North,2026-02,114,19,16.8,13.9,2.9,16.8,2.3,0.73,5,776,-13.2,0
OBS-02113,Acinetobacter baumannii,Ceftriaxone,University Hospital Center,Metro North,2026-09,322,36,11.3,15.4,-4.2,14.1,4.8,-1.45,5,1956,-13.7,0
OBS-02114,Pseudomonas aeruginosa,Ampicillin,Eastside Medical Center,Metro Central,2026-06,189,112,59.3,37.8,21.5,42.5,10.5,6.52,3,731,29.3,1
OBS-02115,Acinetobacter baumannii,Gentamicin,North Suburbs Health Zone,Metro North,2026-07,142,47,33.1,17.0,16.1,19.2,6.9,5.59,5,887,8.1,1
OBS-02116,Acinetobacter baumannii,Ampicillin,University Hospital Center,Metro Central,2026-09,157,58,36.9,36.9,-0.1,38.9,2.7,0.67,3,766,11.9,0
OBS-02117,Pseudomonas aeruginosa,Vancomycin,Metro West Community Clinic,East District,2026-01,462,46,10.0,9.3,0.7,9.0,1.2,0.41,5,2549,-20.0,0
OBS-02118,Klebsiella pneumoniae,Vancomycin,University Hospital Center,Metro Central,2026-01,83,33,39.9,42.3,-2.4,40.2,2.9,-1.44,1,287,4.9,0
OBS-02119,Pseudomonas aeruginosa,Ampicillin,St. Jude General Hospital,Metro North,2026-09,95,49,51.1,30.8,20.3,34.4,7.9,6.72,4,444,21.1,1
OBS-02120,Klebsiella pneumoniae,Vancomycin,St. Jude General Hospital,Metro North,2026-09,381,148,38.9,39.2,-0.4,39.0,2.3,0.07,8,3299,3.9,0
OBS-02121,Acinetobacter baumannii,Ampicillin,University Hospital Center,East District,2026-07,522,187,35.8,39.7,-3.8,39.4,4.6,-1.68,6,3183,10.8,0
OBS-02122,Escherichia coli,Ceftriaxone,Metro West Community Clinic,Metro North,2025-11,409,142,34.6,36.9,-2.3,36.3,1.9,-0.86,5,2377,-5.4,0
OBS-02123,Pseudomonas aeruginosa,Ampicillin,North Suburbs Health Zone,Metro North,2025-11,268,41,15.1,16.6,-1.5,14.5,2.1,-1.23,2,863,-14.9,0
OBS-02124,Klebsiella pneumoniae,Colistin,University Hospital Center,Metro North,2026-04,178,81,45.3,44.3,1.0,42.6,1.9,0.17,3,601,10.3,0
OBS-02125,Staphylococcus aureus,Colistin,University Hospital Center,East District,2026-04,150,55,36.8,32.7,4.1,31.8,3.4,1.31,4,659,-3.2,0
OBS-02126,Enterococcus faecium,Ceftriaxone,North Suburbs Health Zone,West District,2026-06,73,19,26.3,26.4,-0.1,24.0,1.9,0.0,1,405,-3.7,0
OBS-02127,Enterococcus faecium,Colistin,Valley Health District,Metro North,2026-07,430,127,29.5,25.6,3.9,24.7,4.3,1.05,5,2498,-0.5,0
OBS-02128,Enterococcus faecium,Ciprofloxacin,Valley Health District,West District,2026-05,105,30,28.5,20.4,8.1,21.0,6.2,2.25,5,813,-1.5,0
OBS-02129,Pseudomonas aeruginosa,Meropenem,Eastside Medical Center,Metro Central,2025-12,589,42,7.1,5.2,2.0,7.9,2.4,0.71,4,2593,-22.9,0
OBS-02130,Acinetobacter baumannii,Ceftriaxone,Eastside Medical Center,West District,2026-04,225,84,37.1,41.3,-4.1,42.3,4.6,-0.98,6,1629,12.1,0
OBS-02131,Klebsiella pneumoniae,Meropenem,University Hospital Center,Metro North,2026-06,279,17,6.0,31.4,-25.4,26.0,10.9,-7.86,3,891,-29.0,0
OBS-02132,Escherichia coli,Meropenem,University Hospital Center,Metro Central,2026-01,264,96,36.2,40.9,-4.8,40.3,4.5,-1.5,1,415,-3.8,0
OBS-02133,Escherichia coli,Gentamicin,Valley Health District,Metro Central,2026-08,507,201,39.6,43.0,-3.4,42.2,2.2,-1.64,7,3785,-0.4,1
OBS-02134,Staphylococcus aureus,Meropenem,North Suburbs Health Zone,East District,2026-03,98,18,18.0,17.0,1.0,20.4,1.6,0.31,4,530,-22.0,0
OBS-02135,Escherichia coli,Ciprofloxacin,University Hospital Center,Metro North,2026-09,539,182,33.8,33.6,0.1,32.2,3.2,-0.1,5,2832,-6.2,0
OBS-02136,Enterococcus faecium,Vancomycin,University Hospital Center,Metro Central,2025-12,509,156,30.7,29.5,1.2,31.3,2.8,0.62,5,2629,0.7,0
OBS-02137,Enterococcus faecium,Vancomycin,St. Jude General Hospital,Metro Central,2026-05,207,63,30.4,29.8,0.7,31.4,3.7,0.23,3,1009,0.4,0
OBS-02138,Pseudomonas aeruginosa,Ciprofloxacin,North Suburbs Health Zone,West District,2026-02,144,58,40.1,34.6,5.5,33.4,2.9,2.27,8,1445,10.1,1
OBS-02139,Pseudomonas aeruginosa,Vancomycin,Eastside Medical Center,West District,2025-11,310,75,24.1,25.2,-1.1,22.8,3.7,-1.13,3,1005,-5.9,0
OBS-02140,Klebsiella pneumoniae,Ceftriaxone,North Suburbs Health Zone,Metro North,2026-08,191,61,31.7,28.3,3.3,24.9,3.7,1.01,8,1751,-3.3,0
OBS-02141,Klebsiella pneumoniae,Meropenem,Eastside Medical Center,Metro Central,2026-07,434,228,52.6,51.9,0.7,54.0,2.0,0.74,6,2855,17.6,0
OBS-02142,Pseudomonas aeruginosa,Ceftriaxone,Valley Health District,Metro North,2026-01,295,154,52.2,32.4,19.8,34.9,9.5,6.21,8,2731,22.2,1
OBS-02143,Klebsiella pneumoniae,Ciprofloxacin,University Hospital Center,Metro Central,2025-11,162,41,25.4,29.1,-3.7,26.1,4.5,-1.17,1,483,-9.6,0
OBS-02144,Klebsiella pneumoniae,Gentamicin,Eastside Medical Center,West District,2026-09,115,39,34.1,36.9,-2.7,36.9,2.5,-0.48,1,397,-0.9,0
OBS-02145,Staphylococcus aureus,Colistin,Valley Health District,Metro Central,2026-08,194,147,75.9,50.2,25.6,54.4,12.2,8.34,4,1006,35.9,1
OBS-02146,Enterococcus faecium,Colistin,University Hospital Center,East District,2026-09,545,89,16.3,29.1,-12.9,25.9,7.3,-4.9,2,1192,-13.7,0
OBS-02147,Staphylococcus aureus,Gentamicin,Eastside Medical Center,Metro North,2026-01,226,75,33.1,14.0,19.0,18.8,10.0,6.11,8,1941,-6.9,1
OBS-02148,Escherichia coli,Ampicillin,University Hospital Center,West District,2026-08,306,129,42.0,40.0,2.0,39.2,2.0,0.3,6,2188,2.0,0
OBS-02149,Klebsiella pneumoniae,Meropenem,Valley Health District,Metro Central,2026-09,247,93,37.7,38.3,-0.6,39.1,3.5,-0.37,4,1186,2.7,0
OBS-02150,Escherichia coli,Colistin,Metro West Community Clinic,West District,2026-06,52,17,32.1,31.7,0.3,33.1,1.1,-0.0,6,500,-7.9,0
OBS-02151,Escherichia coli,Vancomycin,Eastside Medical Center,West District,2026-06,113,29,25.8,25.0,0.8,25.7,3.4,0.1,6,1041,-14.2,0
OBS-02152,Enterococcus faecium,Ampicillin,North Suburbs Health Zone,East District,2026-07,446,106,23.7,24.0,-0.3,24.7,0.9,0.01,3,1606,-6.3,0
OBS-02153,Acinetobacter baumannii,Gentamicin,Eastside Medical Center,West District,2026-01,229,69,30.0,25.2,4.9,27.3,3.0,1.68,5,1426,5.0,1
OBS-02154,Klebsiella pneumoniae,Meropenem,Eastside Medical Center,Metro North,2025-10,122,52,42.6,41.9,0.7,43.8,2.2,0.26,7,1108,7.6,0
OBS-02155,Acinetobacter baumannii,Meropenem,St. Jude General Hospital,East District,2026-07,194,85,43.6,41.5,2.1,44.9,1.5,0.47,3,935,18.6,0
OBS-02156,Staphylococcus aureus,Meropenem,St. Jude General Hospital,Metro North,2026-07,363,64,17.7,21.0,-3.3,18.2,3.1,-0.93,6,2568,-22.3,0
OBS-02157,Staphylococcus aureus,Meropenem,North Suburbs Health Zone,Metro North,2026-08,216,132,61.2,53.9,7.4,54.1,5.6,3.23,7,1880,21.2,1
OBS-02158,Klebsiella pneumoniae,Ciprofloxacin,North Suburbs Health Zone,West District,2025-11,305,107,35.0,28.2,6.8,28.1,3.7,2.4,6,2199,0.0,1
OBS-02159,Acinetobacter baumannii,Colistin,St. Jude General Hospital,Metro North,2026-01,268,111,41.4,38.4,3.0,39.1,2.9,1.04,2,921,16.4,0
OBS-02160,Escherichia coli,Colistin,Metro West Community Clinic,Metro North,2026-09,105,46,43.7,27.8,15.8,32.3,7.1,5.0,3,693,3.7,1
OBS-02161,Klebsiella pneumoniae,Vancomycin,St. Jude General Hospital,East District,2026-09,563,251,44.6,50.2,-5.6,50.8,5.2,-1.04,5,3204,9.6,0
OBS-02162,Pseudomonas aeruginosa,Ceftriaxone,University Hospital Center,West District,2026-06,588,139,23.7,17.6,6.1,18.4,4.4,2.15,7,4421,-6.3,0
OBS-02163,Escherichia coli,Ciprofloxacin,Metro West Community Clinic,Metro Central,2026-06,308,108,35.1,33.1,1.9,34.3,3.7,1.06,6,2182,-4.9,0
OBS-02164,Pseudomonas aeruginosa,Vancomycin,University Hospital Center,Metro Central,2025-10,221,56,25.2,24.7,0.5,24.7,2.9,-0.35,7,1888,-4.8,0
OBS-02165,Staphylococcus aureus,Ampicillin,Valley Health District,West District,2026-01,573,185,32.4,32.4,-0.0,31.2,1.3,0.65,6,3655,-7.6,0
OBS-02166,Enterococcus faecium,Ampicillin,Eastside Medical Center,West District,2026-09,161,24,15.2,16.6,-1.4,16.1,2.5,-0.63,5,1160,-14.8,0
OBS-02167,Pseudomonas aeruginosa,Gentamicin,University Hospital Center,Metro Central,2026-07,486,168,34.6,19.8,14.8,21.3,8.1,5.29,3,1582,4.6,0
OBS-02168,Enterococcus faecium,Ciprofloxacin,St. Jude General Hospital,East District,2025-12,584,228,39.1,36.2,2.9,36.5,4.4,0.76,5,3081,9.1,0
OBS-02169,Enterococcus faecium,Ampicillin,Metro West Community Clinic,Metro Central,2025-11,497,86,17.3,20.2,-2.9,19.7,3.0,-0.69,8,4104,-12.7,0
OBS-02170,Acinetobacter baumannii,Ceftriaxone,Metro West Community Clinic,East District,2026-07,204,134,65.7,63.7,1.9,61.1,4.1,0.87,2,721,40.7,0
OBS-02171,Acinetobacter baumannii,Ciprofloxacin,St. Jude General Hospital,Metro North,2026-04,459,108,23.6,26.7,-3.1,26.3,1.9,-0.94,7,3273,-1.4,0
OBS-02172,Enterococcus faecium,Ciprofloxacin,St. Jude General Hospital,Metro Central,2026-03,205,25,12.0,15.1,-3.1,15.4,3.7,-0.86,4,1146,-18.0,0
OBS-02173,Klebsiella pneumoniae,Vancomycin,St. Jude General Hospital,Metro Central,2026-03,374,122,32.6,26.2,6.4,25.9,5.7,1.82,1,515,-2.4,0
OBS-02174,Klebsiella pneumoniae,Ceftriaxone,Valley Health District,Metro Central,2026-03,467,230,49.3,35.8,13.6,38.6,7.2,4.55,3,1766,14.3,1
OBS-02175,Escherichia coli,Ciprofloxacin,North Suburbs Health Zone,West District,2026-06,207,88,42.7,39.7,3.0,40.0,4.3,0.94,7,1733,2.7,0
OBS-02176,Klebsiella pneumoniae,Meropenem,Metro West Community Clinic,Metro North,2026-06,248,88,35.4,39.2,-3.8,40.0,2.4,-0.35,7,1895,0.4,0
OBS-02177,Enterococcus faecium,Ciprofloxacin,Metro West Community Clinic,East District,2026-08,595,237,39.9,22.3,17.5,25.6,7.4,6.56,2,1446,9.9,1
OBS-02178,Acinetobacter baumannii,Colistin,St. Jude General Hospital,Metro Central,2025-11,198,70,35.3,43.8,-8.5,43.9,4.8,-3.01,4,1181,10.3,0
OBS-02179,Klebsiella pneumoniae,Gentamicin,Metro West Community Clinic,Metro North,2025-11,397,186,46.7,43.4,3.3,45.3,3.1,0.99,4,1733,11.7,0
OBS-02180,Escherichia coli,Ceftriaxone,North Suburbs Health Zone,East District,2026-09,455,77,17.0,17.0,-0.0,16.9,2.2,-0.18,1,751,-23.0,0
OBS-02181,Escherichia coli,Ampicillin,Valley Health District,East District,2026-07,46,16,34.6,36.6,-2.0,35.9,3.0,-0.2,3,513,-5.4,0
OBS-02182,Escherichia coli,Vancomycin,Valley Health District,East District,2026-01,170,57,33.8,33.5,0.2,33.9,1.8,1.23,2,629,-6.2,0
OBS-02183,Escherichia coli,Ampicillin,Metro West Community Clinic,Metro Central,2026-03,586,212,36.1,35.8,0.3,37.9,3.4,0.52,7,4481,-3.9,0
OBS-02184,Pseudomonas aeruginosa,Gentamicin,North Suburbs Health Zone,Metro North,2026-09,194,55,28.4,28.2,0.2,28.2,2.7,-0.11,1,444,-1.6,0
OBS-02185,Staphylococcus aureus,Ceftriaxone,North Suburbs Health Zone,Metro North,2026-07,136,24,17.9,24.5,-6.5,22.6,4.9,-2.34,6,936,-22.1,0
OBS-02186,Acinetobacter baumannii,Ceftriaxone,Metro West Community Clinic,Metro North,2026-03,268,133,49.6,48.3,1.3,48.5,3.4,0.38,6,1966,24.6,0
OBS-02187,Enterococcus faecium,Ciprofloxacin,North Suburbs Health Zone,East District,2025-12,495,153,30.9,32.4,-1.5,29.9,3.3,-0.63,1,682,0.9,0
OBS-02188,Acinetobacter baumannii,Ampicillin,North Suburbs Health Zone,East District,2025-11,445,89,19.9,32.6,-12.7,31.9,5.3,-4.34,8,3858,-5.1,0
OBS-02189,Staphylococcus aureus,Colistin,Valley Health District,West District,2026-02,331,122,36.7,35.8,0.9,37.2,3.7,-0.12,6,2243,-3.3,0
OBS-02190,Klebsiella pneumoniae,Vancomycin,Metro West Community Clinic,East District,2025-11,513,267,52.1,48.5,3.5,47.5,2.5,1.67,7,3765,17.1,1
OBS-02191,Enterococcus faecium,Colistin,University Hospital Center,West District,2026-09,429,129,30.2,20.7,9.4,22.0,5.0,3.8,2,1057,0.2,1
OBS-02192,Pseudomonas aeruginosa,Colistin,Eastside Medical Center,Metro Central,2026-07,567,86,15.2,17.4,-2.2,16.3,2.5,-0.84,3,1952,-14.8,0
OBS-02193,Klebsiella pneumoniae,Ciprofloxacin,St. Jude General Hospital,Metro North,2026-04,509,173,34.1,29.8,4.3,32.5,3.9,1.81,3,1597,-0.9,0
OBS-02194,Acinetobacter baumannii,Ciprofloxacin,St. Jude General Hospital,Metro North,2026-02,407,215,52.8,36.2,16.6,39.8,7.1,6.16,5,2351,27.8,1
OBS-02195,Acinetobacter baumannii,Ceftriaxone,Metro West Community Clinic,Metro North,2026-08,377,178,47.1,45.5,1.7,42.9,3.3,1.01,1,674,22.1,0
OBS-02196,Acinetobacter baumannii,Meropenem,Metro West Community Clinic,West District,2026-02,395,123,31.1,35.5,-4.5,35.6,3.9,-2.14,2,1052,6.1,0
OBS-02197,Klebsiella pneumoniae,Ampicillin,Eastside Medical Center,Metro Central,2025-10,257,81,31.5,30.6,0.9,28.5,1.4,-0.14,1,330,-3.5,0
OBS-02198,Enterococcus faecium,Ampicillin,St. Jude General Hospital,East District,2026-08,57,10,17.3,19.5,-2.3,18.7,3.0,-0.69,4,461,-12.7,0
OBS-02199,Pseudomonas aeruginosa,Vancomycin,Metro West Community Clinic,Metro North,2026-05,482,71,14.8,13.2,1.5,15.2,3.0,0.81,5,2689,-15.2,0
OBS-02200,Staphylococcus aureus,Gentamicin,St. Jude General Hospital,Metro Central,2026-06,205,64,31.2,30.9,0.3,32.1,1.7,-0.44,8,1902,-8.8,0
OBS-02201,Escherichia coli,Ciprofloxacin,Valley Health District,Metro North,2026-04,165,51,30.8,30.6,0.2,34.1,1.1,0.03,6,1064,-9.2,0
OBS-02202,Pseudomonas aeruginosa,Colistin,University Hospital Center,Metro Central,2026-04,320,46,14.5,13.7,0.8,15.3,2.9,0.6,8,2950,-15.5,0
OBS-02203,Staphylococcus aureus,Vancomycin,Eastside Medical Center,Metro North,2026-02,426,63,14.7,7.6,7.1,8.0,3.4,1.61,1,548,-25.3,0
OBS-02204,Pseudomonas aeruginosa,Colistin,Metro West Community Clinic,West District,2026-05,362,92,25.5,24.5,1.0,24.6,1.6,0.37,3,1353,-4.5,0
OBS-02205,Klebsiella pneumoniae,Ciprofloxacin,Metro West Community Clinic,Metro Central,2026-03,260,46,17.7,18.3,-0.6,19.8,3.0,-0.37,4,1415,-17.3,0
OBS-02206,Escherichia coli,Colistin,North Suburbs Health Zone,East District,2026-05,350,116,33.0,38.5,-5.5,35.6,5.0,-1.87,7,2777,-7.0,0
OBS-02207,Pseudomonas aeruginosa,Ceftriaxone,University Hospital Center,West District,2026-03,138,36,26.0,23.4,2.6,26.7,2.9,0.31,3,582,-4.0,0
OBS-02208,Staphylococcus aureus,Vancomycin,St. Jude General Hospital,Metro North,2026-02,396,199,50.2,32.2,18.0,37.2,7.8,6.0,6,2537,10.2,1
OBS-02209,Acinetobacter baumannii,Ciprofloxacin,St. Jude General Hospital,Metro North,2026-04,229,103,44.9,41.5,3.4,41.6,2.7,1.42,3,783,19.9,1
OBS-02210,Enterococcus faecium,Vancomycin,North Suburbs Health Zone,Metro North,2026-08,514,154,29.9,12.7,17.2,14.3,7.7,5.3,3,1845,-0.1,1
OBS-02211,Acinetobacter baumannii,Gentamicin,University Hospital Center,East District,2026-06,368,160,43.4,41.9,1.4,42.8,2.6,0.29,6,2541,18.4,0
OBS-02212,Enterococcus faecium,Colistin,University Hospital Center,East District,2025-12,143,60,42.1,29.9,12.2,31.2,6.6,4.95,6,1115,12.1,1
OBS-02213,Acinetobacter baumannii,Ciprofloxacin,North Suburbs Health Zone,Metro Central,2025-10,93,50,53.4,50.9,2.5,50.7,2.9,1.49,6,878,28.4,1
OBS-02214,Pseudomonas aeruginosa,Ceftriaxone,St. Jude General Hospital,East District,2026-05,354,95,26.8,32.1,-5.3,31.7,3.1,-2.23,8,3019,-3.2,0
OBS-02215,Enterococcus faecium,Meropenem,Eastside Medical Center,Metro North,2026-02,581,225,38.7,23.5,15.2,25.8,8.5,4.63,8,4849,8.7,1
OBS-02216,Pseudomonas aeruginosa,Ceftriaxone,Eastside Medical Center,West District,2026-01,336,154,45.9,47.4,-1.5,43.8,2.0,0.01,5,2038,15.9,0
OBS-02217,Staphylococcus aureus,Ceftriaxone,Metro West Community Clinic,Metro Central,2026-01,167,23,13.9,14.1,-0.2,14.3,3.1,-0.18,4,989,-26.1,0
OBS-02218,Escherichia coli,Gentamicin,University Hospital Center,Metro North,2026-08,477,138,28.9,29.0,-0.1,30.3,1.0,0.19,3,1500,-11.1,0
OBS-02219,Klebsiella pneumoniae,Vancomycin,Metro West Community Clinic,Metro Central,2026-03,531,192,36.2,33.3,2.9,34.5,4.0,1.44,3,1921,1.2,0
OBS-02220,Acinetobacter baumannii,Ampicillin,University Hospital Center,East District,2026-08,360,169,47.0,31.3,15.7,33.4,8.8,5.11,2,862,22.0,1
OBS-02221,Enterococcus faecium,Meropenem,Eastside Medical Center,Metro North,2026-05,143,29,20.2,26.5,-6.3,25.9,3.9,-2.14,1,455,-9.8,0
OBS-02222,Staphylococcus aureus,Gentamicin,North Suburbs Health Zone,Metro North,2026-02,430,233,54.1,36.0,18.1,40.2,8.2,6.17,5,2454,14.1,1
OBS-02223,Klebsiella pneumoniae,Ceftriaxone,North Suburbs Health Zone,Metro Central,2026-02,254,159,62.6,40.0,22.6,45.1,9.8,7.43,4,1268,27.6,1
OBS-02224,Staphylococcus aureus,Gentamicin,North Suburbs Health Zone,East District,2026-03,69,41,59.2,44.5,14.6,47.9,8.0,5.22,1,137,19.2,1
OBS-02225,Staphylococcus aureus,Meropenem,Metro West Community Clinic,Metro Central,2026-06,388,71,18.2,32.6,-14.4,31.5,5.9,-4.91,4,1685,-21.8,0
OBS-02226,Enterococcus faecium,Ceftriaxone,Eastside Medical Center,East District,2025-12,439,77,17.4,21.1,-3.7,21.5,3.7,-0.75,5,2386,-12.6,0
OBS-02227,Acinetobacter baumannii,Colistin,Metro West Community Clinic,West District,2026-07,488,248,50.7,50.1,0.6,49.8,1.4,-0.41,6,3065,25.7,0
OBS-02228,Staphylococcus aureus,Colistin,Valley Health District,East District,2026-06,570,82,14.5,12.3,2.2,12.2,1.6,-0.09,3,1816,-25.5,0
OBS-02229,Klebsiella pneumoniae,Ciprofloxacin,North Suburbs Health Zone,West District,2026-09,180,70,38.8,40.7,-1.9,42.0,3.3,-0.72,2,563,3.8,0
OBS-02230,Acinetobacter baumannii,Vancomycin,North Suburbs Health Zone,Metro Central,2026-05,376,146,38.8,39.3,-0.4,39.2,2.8,-0.04,1,723,13.8,0
OBS-02231,Pseudomonas aeruginosa,Colistin,St. Jude General Hospital,East District,2026-01,548,93,17.0,22.1,-5.1,20.7,3.3,-1.61,7,3967,-13.0,0
OBS-02232,Acinetobacter baumannii,Ciprofloxacin,St. Jude General Hospital,Metro North,2026-09,70,38,54.2,55.6,-1.4,56.3,1.5,-0.54,4,437,29.2,0
OBS-02233,Staphylococcus aureus,Vancomycin,Metro West Community Clinic,Metro Central,2025-11,543,339,62.4,47.2,15.2,48.9,7.9,5.63,4,2497,22.4,1
OBS-02234,Escherichia coli,Vancomycin,St. Jude General Hospital,Metro North,2025-11,519,263,50.6,34.0,16.7,37.1,9.2,6.6,8,4497,10.6,1
OBS-02235,Staphylococcus aureus,Ampicillin,Metro West Community Clinic,Metro North,2026-01,131,57,43.6,40.2,3.4,41.0,3.3,0.89,6,1157,3.6,0
OBS-02236,Acinetobacter baumannii,Ceftriaxone,St. Jude General Hospital,West District,2026-09,366,192,52.5,36.7,15.8,40.2,7.4,5.06,1,515,27.5,1
OBS-02237,Escherichia coli,Ciprofloxacin,Metro West Community Clinic,Metro North,2026-07,50,15,29.9,29.1,0.8,30.9,3.4,0.05,2,277,-10.1,0
OBS-02238,Acinetobacter baumannii,Ampicillin,Eastside Medical Center,Metro North,2026-08,397,172,43.3,46.0,-2.7,45.6,4.2,-1.57,6,2494,18.3,0
OBS-02239,Acinetobacter baumannii,Ciprofloxacin,Valley Health District,East District,2026-06,554,218,39.3,23.0,16.2,23.8,7.5,5.3,2,1220,14.3,1
OBS-02240,Pseudomonas aeruginosa,Meropenem,Valley Health District,West District,2026-01,111,34,30.6,28.9,1.7,28.8,3.8,-0.19,7,1002,0.6,0
OBS-02241,Acinetobacter baumannii,Ampicillin,University Hospital Center,West District,2026-04,490,202,41.3,44.8,-3.6,46.2,4.4,-0.34,3,1560,16.3,0
OBS-02242,Enterococcus faecium,Ceftriaxone,North Suburbs Health Zone,Metro North,2026-01,287,9,3.2,22.7,-19.5,17.7,9.8,-6.25,6,2088,-26.8,0
OBS-02243,Pseudomonas aeruginosa,Vancomycin,North Suburbs Health Zone,Metro Central,2026-03,501,81,16.1,20.3,-4.1,18.8,4.3,-1.35,5,2895,-13.9,0
OBS-02244,Staphylococcus aureus,Vancomycin,North Suburbs Health Zone,Metro North,2026-07,230,43,18.8,19.3,-0.4,18.4,2.6,-0.98,8,2072,-21.2,0
OBS-02245,Escherichia coli,Ampicillin,Eastside Medical Center,Metro North,2026-04,177,66,37.0,42.0,-4.9,40.4,3.7,-1.61,1,487,-3.0,0
OBS-02246,Klebsiella pneumoniae,Ampicillin,St. Jude General Hospital,Metro North,2026-06,427,278,65.0,45.5,19.5,48.4,8.9,6.92,7,3248,30.0,1
OBS-02247,Acinetobacter baumannii,Ciprofloxacin,North Suburbs Health Zone,East District,2026-02,462,111,24.1,38.3,-14.2,35.5,6.1,-4.48,2,1013,-0.9,0
OBS-02248,Staphylococcus aureus,Colistin,Valley Health District,Metro North,2026-03,459,173,37.6,21.5,16.1,23.6,7.6,5.06,5,2480,-2.4,1
OBS-02249,Klebsiella pneumoniae,Gentamicin,Metro West Community Clinic,Metro Central,2025-12,259,30,11.4,15.1,-3.7,12.0,2.2,-1.1,8,2126,-23.6,0
OBS-02250,Klebsiella pneumoniae,Ampicillin,University Hospital Center,Metro Central,2026-02,317,176,55.6,36.7,18.9,38.4,7.5,6.16,5,1867,20.6,1
OBS-02251,Pseudomonas aeruginosa,Vancomycin,University Hospital Center,Metro Central,2026-07,85,11,13.2,16.8,-3.6,17.2,3.2,-0.81,7,859,-16.8,0
OBS-02252,Enterococcus faecium,Vancomycin,Metro West Community Clinic,Metro Central,2026-07,217,51,23.5,26.1,-2.7,25.0,3.1,-1.09,3,959,-6.5,0
OBS-02253,Acinetobacter baumannii,Ceftriaxone,North Suburbs Health Zone,East District,2026-03,154,62,40.1,41.0,-0.9,40.8,1.2,-1.06,6,1095,15.1,0
OBS-02254,Acinetobacter baumannii,Gentamicin,North Suburbs Health Zone,Metro North,2026-05,504,190,37.7,36.4,1.3,38.3,2.5,0.4,2,1194,12.7,1
OBS-02255,Staphylococcus aureus,Vancomycin,Metro West Community Clinic,Metro Central,2025-11,317,21,6.6,2.0,4.6,4.8,4.7,1.41,7,2286,-33.4,0
OBS-02256,Acinetobacter baumannii,Ceftriaxone,Metro West Community Clinic,Metro Central,2026-06,250,149,59.7,54.0,5.6,56.5,4.1,2.74,8,2330,34.7,1
OBS-02257,Pseudomonas aeruginosa,Ceftriaxone,University Hospital Center,Metro North,2026-01,330,97,29.3,22.1,7.2,24.7,5.0,2.75,7,2603,-0.7,0
OBS-02258,Escherichia coli,Meropenem,Valley Health District,Metro Central,2026-07,155,96,62.1,42.8,19.3,45.9,8.2,7.19,1,383,22.1,1
OBS-02259,Escherichia coli,Meropenem,Metro West Community Clinic,Metro North,2026-04,397,141,35.6,35.1,0.5,33.3,1.5,-0.49,3,1376,-4.4,0
OBS-02260,Pseudomonas aeruginosa,Ciprofloxacin,Valley Health District,Metro North,2026-01,75,19,25.2,30.0,-4.8,28.6,4.8,-0.82,2,534,-4.8,0
OBS-02261,Escherichia coli,Colistin,Eastside Medical Center,Metro Central,2025-10,546,91,16.7,18.1,-1.4,17.4,3.9,-0.67,1,898,-23.3,0
OBS-02262,Acinetobacter baumannii,Meropenem,University Hospital Center,East District,2026-03,117,25,21.0,17.5,3.5,18.0,2.9,1.56,4,548,-4.0,0
OBS-02263,Pseudomonas aeruginosa,Ciprofloxacin,Valley Health District,Metro North,2025-12,597,289,48.4,25.3,23.1,31.8,9.4,7.82,5,3273,18.4,1
OBS-02264,Klebsiella pneumoniae,Gentamicin,North Suburbs Health Zone,East District,2026-07,249,56,22.4,38.4,-16.1,35.2,6.5,-4.78,7,1886,-12.6,0
OBS-02265,Pseudomonas aeruginosa,Vancomycin,University Hospital Center,Metro North,2026-02,311,68,21.9,19.9,2.0,19.2,4.1,0.76,1,691,-8.1,0
OBS-02266,Escherichia coli,Ciprofloxacin,Metro West Community Clinic,Metro Central,2025-10,352,77,21.8,24.2,-2.4,25.2,3.0,-0.45,4,1653,-18.2,0
OBS-02267,Staphylococcus aureus,Meropenem,St. Jude General Hospital,West District,2025-10,599,108,18.1,18.1,-0.0,15.7,3.4,0.15,3,2051,-21.9,0
OBS-02268,Escherichia coli,Meropenem,St. Jude General Hospital,Metro Central,2026-07,282,95,33.7,28.9,4.9,30.5,2.8,1.43,6,1942,-6.3,0
OBS-02269,Klebsiella pneumoniae,Ciprofloxacin,Metro West Community Clinic,East District,2026-01,596,312,52.3,32.5,19.8,35.5,9.9,6.38,7,4520,17.3,1
OBS-02270,Pseudomonas aeruginosa,Ciprofloxacin,St. Jude General Hospital,Metro Central,2026-05,179,52,29.0,23.0,6.0,23.8,3.5,1.79,4,936,-1.0,0
OBS-02271,Escherichia coli,Ciprofloxacin,North Suburbs Health Zone,Metro North,2026-07,131,45,34.1,36.1,-2.0,34.0,2.4,-1.0,8,1195,-5.9,1
OBS-02272,Staphylococcus aureus,Meropenem,University Hospital Center,Metro Central,2025-11,593,213,36.0,37.1,-1.1,36.6,3.0,-0.65,4,2616,-4.0,0
OBS-02273,Staphylococcus aureus,Ciprofloxacin,Valley Health District,West District,2026-05,230,114,49.7,33.2,16.5,35.2,6.8,5.78,3,801,9.7,1
OBS-02274,Enterococcus faecium,Vancomycin,Eastside Medical Center,West District,2025-11,153,50,32.7,17.5,15.3,19.3,6.7,4.37,8,1565,2.7,1
OBS-02275,Staphylococcus aureus,Vancomycin,St. Jude General Hospital,West District,2026-02,290,183,63.0,39.5,23.5,44.0,9.1,7.3,5,1708,23.0,1
OBS-02276,Pseudomonas aeruginosa,Colistin,University Hospital Center,Metro North,2026-03,135,26,19.6,19.5,0.1,18.2,2.4,0.02,3,786,-10.4,0
OBS-02277,Klebsiella pneumoniae,Meropenem,Metro West Community Clinic,East District,2025-11,57,19,33.2,30.9,2.3,33.3,3.7,0.88,3,519,-1.8,0
OBS-02278,Staphylococcus aureus,Vancomycin,North Suburbs Health Zone,Metro North,2026-04,253,148,58.3,33.2,25.1,38.6,10.7,8.93,1,648,18.3,1
OBS-02279,Escherichia coli,Meropenem,University Hospital Center,West District,2026-04,516,162,31.4,34.6,-3.2,32.7,2.5,-1.26,2,1390,-8.6,0
OBS-02280,Escherichia coli,Gentamicin,University Hospital Center,East District,2026-03,593,69,11.6,33.9,-22.4,27.9,9.3,-7.13,6,3787,-28.4,0
OBS-02281,Acinetobacter baumannii,Gentamicin,St. Jude General Hospital,East District,2026-06,214,115,53.6,51.2,2.5,51.8,4.1,1.02,2,698,28.6,0
OBS-02282,Enterococcus faecium,Colistin,Valley Health District,West District,2026-02,478,173,36.2,36.4,-0.2,36.0,1.6,-0.46,8,4137,6.2,0
OBS-02283,Staphylococcus aureus,Ampicillin,St. Jude General Hospital,Metro Central,2026-06,359,75,20.8,21.9,-1.1,20.3,2.8,-0.58,5,2078,-19.2,0
OBS-02284,Klebsiella pneumoniae,Ampicillin,Valley Health District,Metro Central,2026-07,73,19,26.6,29.4,-2.9,32.1,2.1,-1.03,2,447,-8.4,0
OBS-02285,Klebsiella pneumoniae,Ciprofloxacin,North Suburbs Health Zone,East District,2025-10,453,137,30.3,32.6,-2.2,32.0,3.2,-0.6,1,795,-4.7,0
OBS-02286,Klebsiella pneumoniae,Ampicillin,Metro West Community Clinic,Metro North,2026-01,275,88,31.9,37.4,-5.5,32.7,3.1,-2.13,6,1842,-3.1,0
OBS-02287,Pseudomonas aeruginosa,Ampicillin,St. Jude General Hospital,Metro North,2025-11,580,194,33.4,38.0,-4.6,39.6,2.8,-1.64,4,2580,3.4,0
OBS-02288,Klebsiella pneumoniae,Gentamicin,St. Jude General Hospital,Metro North,2025-11,244,50,20.5,20.0,0.5,19.7,1.3,-0.31,3,1033,-14.5,0
OBS-02289,Escherichia coli,Colistin,Eastside Medical Center,Metro Central,2026-01,42,20,48.2,28.7,19.4,35.4,8.0,6.57,4,249,8.2,1
OBS-02290,Pseudomonas aeruginosa,Gentamicin,Valley Health District,West District,2026-05,153,65,42.2,16.4,25.8,21.2,12.2,8.39,4,975,12.2,1
OBS-02291,Acinetobacter baumannii,Ciprofloxacin,St. Jude General Hospital,East District,2025-11,42,7,15.6,13.1,2.5,11.9,2.5,0.41,7,355,-9.4,0
OBS-02292,Escherichia coli,Ampicillin,Metro West Community Clinic,Metro North,2026-01,546,202,37.0,34.7,2.3,36.8,2.3,1.01,3,1791,-3.0,0
OBS-02293,Acinetobacter baumannii,Gentamicin,Metro West Community Clinic,West District,2026-09,437,168,38.5,30.4,8.0,31.0,5.3,3.08,1,491,13.5,1
OBS-02294,Pseudomonas aeruginosa,Ceftriaxone,St. Jude General Hospital,West District,2026-05,437,44,10.1,23.1,-12.9,21.9,6.7,-3.78,5,2360,-19.9,0
OBS-02295,Acinetobacter baumannii,Ceftriaxone,Eastside Medical Center,Metro North,2026-01,161,43,26.4,26.3,0.1,27.3,2.1,-0.27,7,1226,1.4,0
OBS-02296,Staphylococcus aureus,Ciprofloxacin,St. Jude General Hospital,Metro Central,2026-03,418,145,34.7,33.5,1.2,33.5,3.0,0.84,2,1018,-5.3,0
OBS-02297,Acinetobacter baumannii,Vancomycin,Eastside Medical Center,Metro North,2025-10,306,212,69.3,45.6,23.8,50.9,10.6,7.86,4,1614,44.3,1
OBS-02298,Klebsiella pneumoniae,Colistin,North Suburbs Health Zone,West District,2025-10,369,192,51.9,46.0,5.9,46.7,5.1,1.75,8,3194,16.9,1
OBS-02299,Pseudomonas aeruginosa,Colistin,Metro West Community Clinic,East District,2026-04,492,173,35.3,33.7,1.5,30.5,3.8,0.62,7,3569,5.3,0
OBS-02300,Acinetobacter baumannii,Meropenem,Eastside Medical Center,Metro Central,2025-12,559,237,42.3,43.6,-1.3,43.7,3.7,-0.86,2,1245,17.3,0
OBS-02301,Acinetobacter baumannii,Ampicillin,Metro West Community Clinic,East District,2025-10,440,343,77.9,54.7,23.3,59.0,10.9,7.73,3,1442,52.9,1
OBS-02302,Staphylococcus aureus,Colistin,Valley Health District,East District,2025-12,272,102,37.5,39.3,-1.9,38.3,3.0,-1.33,8,2409,-2.5,0
OBS-02303,Pseudomonas aeruginosa,Meropenem,University Hospital Center,East District,2026-05,48,28,58.5,34.0,24.5,37.2,11.2,8.34,1,248,28.5,1
OBS-02304,Acinetobacter baumannii,Meropenem,Metro West Community Clinic,East District,2025-11,468,185,39.4,34.0,5.5,34.3,3.3,1.73,2,1021,14.4,1
OBS-02305,Pseudomonas aeruginosa,Colistin,Metro West Community Clinic,Metro Central,2026-02,157,62,39.7,26.7,13.1,29.1,6.5,4.74,7,1165,9.7,1
OBS-02306,Pseudomonas aeruginosa,Ampicillin,North Suburbs Health Zone,Metro Central,2025-10,170,43,25.2,25.6,-0.4,24.4,2.7,-0.66,2,677,-4.8,0
OBS-02307,Escherichia coli,Ciprofloxacin,St. Jude General Hospital,Metro North,2026-01,477,132,27.8,25.1,2.7,25.8,1.8,1.21,3,1516,-12.2,0
OBS-02308,Enterococcus faecium,Colistin,Metro West Community Clinic,East District,2025-10,479,158,33.0,32.4,0.6,34.9,1.6,0.82,8,4104,3.0,0
OBS-02309,Enterococcus faecium,Vancomycin,Eastside Medical Center,East District,2026-04,352,9,2.6,27.1,-24.5,21.3,11.0,-7.94,1,737,-27.4,0
OBS-02310,Klebsiella pneumoniae,Vancomycin,Valley Health District,East District,2026-04,149,89,59.5,35.7,23.8,40.2,9.8,7.68,1,517,24.5,1
OBS-02311,Enterococcus faecium,Gentamicin,Valley Health District,Metro North,2026-09,543,97,17.9,22.1,-4.2,21.8,3.2,-1.49,5,2841,-12.1,0
OBS-02312,Staphylococcus aureus,Ciprofloxacin,North Suburbs Health Zone,West District,2026-06,207,89,43.1,42.9,0.2,44.2,1.9,-0.0,3,833,3.1,0
OBS-02313,Klebsiella pneumoniae,Vancomycin,North Suburbs Health Zone,Metro North,2026-04,43,17,40.1,39.0,1.1,38.2,2.5,0.94,8,654,5.1,0
OBS-02314,Staphylococcus aureus,Colistin,Valley Health District,West District,2025-12,322,37,11.5,9.9,1.6,10.2,3.6,0.45,3,1055,-28.5,0
OBS-02315,Staphylococcus aureus,Ampicillin,Metro West Community Clinic,West District,2026-06,340,108,31.8,34.2,-2.4,35.0,2.2,-1.03,5,1992,-8.2,0
OBS-02316,Klebsiella pneumoniae,Ceftriaxone,St. Jude General Hospital,Metro North,2026-03,77,33,42.2,46.2,-3.9,44.4,3.7,-0.78,1,338,7.2,0
OBS-02317,Acinetobacter baumannii,Colistin,Metro West Community Clinic,West District,2026-02,168,42,24.9,25.4,-0.4,24.0,3.1,-0.25,3,674,-0.1,0
OBS-02318,Klebsiella pneumoniae,Colistin,St. Jude General Hospital,East District,2026-09,427,96,22.5,42.5,-20.0,37.4,8.9,-6.28,7,3319,-12.5,0
OBS-02319,Enterococcus faecium,Ampicillin,Eastside Medical Center,East District,2025-12,302,50,16.5,16.1,0.5,15.2,1.5,0.24,6,2156,-13.5,1
OBS-02320,Staphylococcus aureus,Gentamicin,Valley Health District,East District,2026-02,166,37,22.3,22.9,-0.6,25.1,2.6,-0.62,2,433,-17.7,0
OBS-02321,Klebsiella pneumoniae,Ceftriaxone,Metro West Community Clinic,Metro Central,2026-06,514,320,62.3,43.4,18.9,46.5,9.6,6.39,3,1719,27.3,1
OBS-02322,Klebsiella pneumoniae,Colistin,Valley Health District,East District,2026-06,106,29,27.5,37.6,-10.1,38.0,6.4,-2.95,3,638,-7.5,0
OBS-02323,Staphylococcus aureus,Ceftriaxone,St. Jude General Hospital,West District,2026-04,58,14,23.6,22.6,1.0,20.7,1.6,0.56,5,517,-16.4,0
OBS-02324,Escherichia coli,Meropenem,St. Jude General Hospital,Metro North,2026-03,240,77,31.9,30.4,1.5,29.2,2.9,0.36,5,1586,-8.1,0
OBS-02325,Enterococcus faecium,Meropenem,University Hospital Center,Metro Central,2025-11,92,13,14.4,18.8,-4.4,18.3,4.5,-1.54,7,853,-15.6,0
OBS-02326,Staphylococcus aureus,Ciprofloxacin,University Hospital Center,West District,2025-12,557,6,1.0,13.9,-12.9,12.2,6.4,-4.28,2,1361,-39.0,0
OBS-02327,Enterococcus faecium,Meropenem,St. Jude General Hospital,West District,2026-06,122,35,28.5,28.5,-0.1,30.2,2.4,0.35,1,217,-1.5,1
OBS-02328,Escherichia coli,Meropenem,Eastside Medical Center,West District,2025-11,149,55,36.9,34.5,2.4,33.6,2.5,1.21,4,900,-3.1,0
OBS-02329,Staphylococcus aureus,Vancomycin,Valley Health District,West District,2025-10,437,110,25.2,21.6,3.6,19.9,4.3,1.36,2,1003,-14.8,0
OBS-02330,Enterococcus faecium,Gentamicin,Metro West Community Clinic,Metro Central,2026-09,140,24,16.8,15.2,1.6,12.8,2.2,0.67,5,1047,-13.2,0
OBS-02331,Enterococcus faecium,Ampicillin,Metro West Community Clinic,East District,2026-03,163,33,20.3,20.7,-0.4,18.9,2.7,0.45,1,252,-9.7,0
OBS-02332,Klebsiella pneumoniae,Colistin,Metro West Community Clinic,Metro North,2026-09,63,30,48.0,51.8,-3.8,52.4,2.4,-0.82,2,417,13.0,0
OBS-02333,Enterococcus faecium,Vancomycin,North Suburbs Health Zone,Metro Central,2026-05,519,94,18.2,14.8,3.4,15.3,3.2,0.97,3,1913,-11.8,0
OBS-02334,Staphylococcus aureus,Ciprofloxacin,North Suburbs Health Zone,Metro Central,2026-04,564,290,51.4,52.2,-0.8,50.4,1.2,-0.72,1,670,11.4,0
OBS-02335,Klebsiella pneumoniae,Meropenem,University Hospital Center,West District,2026-02,542,277,51.1,44.6,6.5,47.8,4.5,1.78,8,4447,16.1,1
OBS-02336,Klebsiella pneumoniae,Ciprofloxacin,North Suburbs Health Zone,West District,2026-06,47,18,38.8,49.4,-10.6,49.4,5.3,-3.05,2,237,3.8,0
OBS-02337,Enterococcus faecium,Gentamicin,Valley Health District,East District,2026-03,552,249,45.1,24.1,21.0,28.2,10.5,6.53,8,4482,15.1,1
OBS-02338,Pseudomonas aeruginosa,Meropenem,University Hospital Center,Metro North,2026-04,206,51,24.9,22.4,2.5,23.7,4.1,1.24,3,730,-5.1,1
OBS-02339,Staphylococcus aureus,Ceftriaxone,Valley Health District,West District,2026-06,506,176,34.8,33.6,1.1,33.1,1.4,-0.98,6,3218,-5.2,0
OBS-02340,Staphylococcus aureus,Vancomycin,North Suburbs Health Zone,East District,2025-11,161,44,27.5,24.6,2.9,24.6,2.3,1.45,7,1302,-12.5,0
OBS-02341,Pseudomonas aeruginosa,Gentamicin,Valley Health District,Metro North,2025-11,96,18,18.7,19.8,-1.1,20.7,2.8,-0.43,6,685,-11.3,0
OBS-02342,Klebsiella pneumoniae,Ampicillin,St. Jude General Hospital,Metro Central,2026-05,262,90,34.4,35.2,-0.8,34.1,3.4,0.05,1,413,-0.6,0
OBS-02343,Enterococcus faecium,Ceftriaxone,Eastside Medical Center,Metro North,2026-02,155,7,4.6,9.4,-4.8,4.9,5.1,-1.24,4,987,-25.4,0
OBS-02344,Klebsiella pneumoniae,Colistin,Metro West Community Clinic,East District,2026-06,265,110,41.4,23.5,17.9,27.0,9.3,5.68,2,592,6.4,1
OBS-02345,Acinetobacter baumannii,Vancomycin,St. Jude General Hospital,Metro Central,2026-03,87,56,64.6,42.5,22.1,46.0,10.1,7.76,4,473,39.6,1
OBS-02346,Enterococcus faecium,Colistin,Valley Health District,West District,2026-09,453,122,26.9,24.3,2.6,25.7,3.9,0.62,5,2440,-3.1,0
OBS-02347,Acinetobacter baumannii,Vancomycin,Eastside Medical Center,Metro North,2026-02,135,79,58.3,59.1,-0.8,60.4,1.4,-0.3,2,321,33.3,0
OBS-02348,Pseudomonas aeruginosa,Ampicillin,North Suburbs Health Zone,East District,2025-12,557,83,14.9,11.7,3.2,8.2,3.3,1.58,8,4805,-15.1,0
OBS-02349,Escherichia coli,Colistin,North Suburbs Health Zone,Metro North,2026-06,368,246,67.0,54.8,12.1,57.7,5.6,3.8,6,2314,27.0,1
OBS-02350,Staphylococcus aureus,Colistin,St. Jude General Hospital,Metro North,2026-01,549,249,45.4,30.9,14.5,31.1,8.1,5.45,6,3603,5.4,1
OBS-02351,Enterococcus faecium,Ciprofloxacin,Valley Health District,West District,2025-12,432,152,35.2,21.8,13.4,26.5,7.7,4.43,4,1787,5.2,1
OBS-02352,Enterococcus faecium,Vancomycin,Eastside Medical Center,East District,2026-04,519,5,1.0,23.0,-22.0,19.4,8.9,-7.39,8,4274,-29.0,0
OBS-02353,Staphylococcus aureus,Meropenem,St. Jude General Hospital,West District,2025-11,433,87,20.2,20.4,-0.2,22.3,3.1,-0.41,6,2782,-19.8,0
OBS-02354,Enterococcus faecium,Vancomycin,University Hospital Center,West District,2026-08,261,77,29.6,30.4,-0.9,31.2,2.5,-0.79,1,361,-0.4,0
OBS-02355,Klebsiella pneumoniae,Ceftriaxone,St. Jude General Hospital,Metro North,2026-05,114,36,31.3,35.1,-3.8,33.6,2.7,-1.29,5,774,-3.7,0
OBS-02356,Staphylococcus aureus,Gentamicin,University Hospital Center,West District,2025-10,216,32,14.9,13.6,1.3,15.9,3.7,1.0,3,868,-25.1,0
OBS-02357,Enterococcus faecium,Ceftriaxone,North Suburbs Health Zone,Metro North,2026-05,568,178,31.3,33.2,-1.9,35.7,3.3,-0.92,3,1907,1.3,0
OBS-02358,Staphylococcus aureus,Colistin,University Hospital Center,Metro Central,2026-05,251,106,42.1,39.4,2.7,41.1,3.9,0.9,7,1880,2.1,0
OBS-02359,Enterococcus faecium,Meropenem,Eastside Medical Center,Metro North,2026-09,527,110,20.9,23.5,-2.6,23.7,3.5,-0.01,7,3952,-9.1,0
OBS-02360,Klebsiella pneumoniae,Meropenem,Metro West Community Clinic,West District,2026-09,93,31,33.8,34.6,-0.9,33.9,1.7,-0.61,8,1002,-1.2,0
OBS-02361,Pseudomonas aeruginosa,Ceftriaxone,Metro West Community Clinic,West District,2026-07,220,55,25.1,19.2,5.9,18.7,4.0,2.26,4,959,-4.9,0
OBS-02362,Klebsiella pneumoniae,Colistin,St. Jude General Hospital,East District,2025-10,525,271,51.6,47.3,4.3,50.9,5.0,1.35,3,1727,16.6,1
OBS-02363,Pseudomonas aeruginosa,Ceftriaxone,North Suburbs Health Zone,West District,2026-02,361,100,27.6,32.5,-4.9,30.1,2.9,-1.75,1,509,-2.4,0
OBS-02364,Staphylococcus aureus,Ampicillin,St. Jude General Hospital,West District,2026-06,551,141,25.6,24.6,1.0,24.9,2.2,-0.45,8,4631,-14.4,0
OBS-02365,Escherichia coli,Ceftriaxone,Valley Health District,Metro Central,2026-01,190,52,27.3,28.2,-0.9,27.6,3.7,-0.4,5,1092,-12.7,0
OBS-02366,Enterococcus faecium,Vancomycin,University Hospital Center,West District,2026-09,224,32,14.4,16.0,-1.5,14.0,1.7,-1.19,4,976,-15.6,0
OBS-02367,Enterococcus faecium,Meropenem,North Suburbs Health Zone,Metro Central,2025-11,515,103,20.1,22.4,-2.3,21.5,2.8,-0.4,2,1269,-9.9,0
OBS-02368,Acinetobacter baumannii,Ciprofloxacin,North Suburbs Health Zone,Metro Central,2026-04,98,54,55.1,42.1,13.1,45.1,7.5,4.36,3,494,30.1,1
OBS-02369,Pseudomonas aeruginosa,Colistin,Metro West Community Clinic,West District,2026-07,73,4,5.4,28.0,-22.6,24.6,10.1,-7.35,4,533,-24.6,0
OBS-02370,Acinetobacter baumannii,Ciprofloxacin,University Hospital Center,Metro North,2025-12,224,107,47.8,47.1,0.7,48.3,1.8,0.34,1,485,22.8,0
OBS-02371,Acinetobacter baumannii,Ciprofloxacin,St. Jude General Hospital,East District,2025-12,315,116,36.7,35.2,1.6,36.1,3.1,-0.04,7,2508,11.7,0
OBS-02372,Acinetobacter baumannii,Ciprofloxacin,St. Jude General Hospital,West District,2026-05,261,76,29.3,28.3,1.0,27.4,2.5,0.65,1,352,4.3,0
OBS-02373,Escherichia coli,Colistin,Valley Health District,Metro Central,2025-10,243,109,44.8,32.4,12.4,34.8,5.3,3.93,5,1371,4.8,1
OBS-02374,Pseudomonas aeruginosa,Ampicillin,Metro West Community Clinic,Metro North,2025-11,203,64,31.5,26.2,5.3,29.1,3.8,1.95,8,1962,1.5,1
OBS-02375,Klebsiella pneumoniae,Ceftriaxone,St. Jude General Hospital,Metro North,2026-07,447,237,52.9,51.8,1.1,50.0,2.8,0.58,1,663,17.9,0
OBS-02376,Pseudomonas aeruginosa,Ceftriaxone,Valley Health District,East District,2025-11,270,105,39.0,36.1,2.9,37.2,2.3,1.0,4,1195,9.0,0
OBS-02377,Staphylococcus aureus,Meropenem,Metro West Community Clinic,Metro Central,2025-12,436,144,33.0,30.6,2.4,30.1,2.7,0.92,2,1035,-7.0,0
OBS-02378,Acinetobacter baumannii,Vancomycin,North Suburbs Health Zone,Metro Central,2025-12,469,231,49.2,45.6,3.7,46.4,2.3,1.01,7,3564,24.2,0
OBS-02379,Klebsiella pneumoniae,Ampicillin,University Hospital Center,East District,2026-03,540,206,38.2,35.7,2.5,35.5,3.4,1.52,4,2345,3.2,1
OBS-02380,Pseudomonas aeruginosa,Ciprofloxacin,North Suburbs Health Zone,Metro Central,2026-06,348,38,10.9,14.8,-3.8,12.3,4.4,-1.36,7,2487,-19.1,0
OBS-02381,Pseudomonas aeruginosa,Vancomycin,North Suburbs Health Zone,Metro Central,2025-12,598,62,10.4,16.1,-5.7,15.0,4.3,-1.51,1,653,-19.6,0
OBS-02382,Acinetobacter baumannii,Vancomycin,University Hospital Center,Metro Central,2025-12,119,39,32.7,37.0,-4.3,36.0,3.3,-1.31,3,597,7.7,0
OBS-02383,Klebsiella pneumoniae,Ceftriaxone,St. Jude General Hospital,East District,2026-02,270,96,35.6,36.0,-0.4,37.2,3.6,0.17,1,408,0.6,0
OBS-02384,Klebsiella pneumoniae,Meropenem,University Hospital Center,Metro North,2025-10,290,125,43.2,30.7,12.6,34.3,7.9,3.69,3,1103,8.2,1
OBS-02385,Enterococcus faecium,Vancomycin,Eastside Medical Center,East District,2025-10,271,46,17.1,16.3,0.8,17.7,1.7,0.48,2,764,-12.9,0
OBS-02386,Enterococcus faecium,Ciprofloxacin,University Hospital Center,West District,2026-07,253,78,30.7,5.9,24.8,10.4,10.6,8.28,5,1634,0.7,1
OBS-02387,Klebsiella pneumoniae,Colistin,University Hospital Center,West District,2025-12,175,60,34.1,36.4,-2.3,35.0,4.0,-1.2,7,1278,-0.9,1
OBS-02388,Acinetobacter baumannii,Gentamicin,Valley Health District,Metro North,2025-11,315,135,42.9,29.9,13.0,33.5,7.3,4.88,3,1133,17.9,1
OBS-02389,Pseudomonas aeruginosa,Vancomycin,Metro West Community Clinic,West District,2026-03,97,38,38.7,20.5,18.2,23.2,9.2,5.26,3,401,8.7,1
OBS-02390,Escherichia coli,Ampicillin,North Suburbs Health Zone,East District,2026-07,324,30,9.3,27.9,-18.6,24.2,9.7,-5.96,6,2075,-30.7,0
OBS-02391,Pseudomonas aeruginosa,Gentamicin,St. Jude General Hospital,Metro North,2026-05,140,62,44.3,23.5,20.8,27.3,9.1,6.8,6,1190,14.3,1
OBS-02392,Klebsiella pneumoniae,Ciprofloxacin,North Suburbs Health Zone,East District,2026-01,171,57,33.5,37.8,-4.3,37.8,3.5,-1.45,7,1463,-1.5,0
OBS-02393,Pseudomonas aeruginosa,Meropenem,Valley Health District,West District,2026-02,145,35,24.3,22.9,1.4,19.9,2.4,0.44,7,1137,-5.7,0
OBS-02394,Staphylococcus aureus,Ciprofloxacin,North Suburbs Health Zone,Metro North,2025-10,202,84,41.5,42.9,-1.4,44.6,3.9,-1.54,1,589,1.5,0
OBS-02395,Pseudomonas aeruginosa,Colistin,University Hospital Center,East District,2025-10,210,100,47.7,24.8,22.8,28.3,9.2,7.05,4,944,17.7,1
OBS-02396,Pseudomonas aeruginosa,Ciprofloxacin,Eastside Medical Center,Metro Central,2026-02,182,52,28.6,29.7,-1.2,30.8,2.1,-0.89,4,829,-1.4,0
OBS-02397,Klebsiella pneumoniae,Gentamicin,St. Jude General Hospital,West District,2026-05,183,73,39.8,41.8,-2.0,38.9,2.5,0.31,8,1647,4.8,0
OBS-02398,Pseudomonas aeruginosa,Gentamicin,Valley Health District,East District,2025-12,135,50,36.8,29.9,6.9,32.5,4.0,2.44,3,711,6.8,1
OBS-02399,Pseudomonas aeruginosa,Gentamicin,Valley Health District,East District,2026-09,224,44,19.6,21.0,-1.4,21.7,2.4,0.85,2,501,-10.4,0
OBS-02400,Staphylococcus aureus,Ciprofloxacin,North Suburbs Health Zone,West District,2026-08,243,66,27.4,28.3,-0.9,28.3,3.1,-0.32,7,1857,-12.6,0
OBS-02401,Acinetobacter baumannii,Ceftriaxone,Metro West Community Clinic,West District,2026-03,406,123,30.4,30.8,-0.5,32.6,1.4,-0.35,2,1178,5.4,0
OBS-02402,Staphylococcus aureus,Gentamicin,Metro West Community Clinic,East District,2026-04,98,50,51.4,47.1,4.3,48.1,3.2,0.98,5,806,11.4,0
OBS-02403,Pseudomonas aeruginosa,Gentamicin,Metro West Community Clinic,Metro North,2026-09,368,94,25.4,25.6,-0.1,23.3,0.9,-0.99,3,1377,-4.6,0
OBS-02404,Staphylococcus aureus,Vancomycin,University Hospital Center,Metro Central,2026-09,447,177,39.7,16.8,22.9,21.9,9.1,7.14,5,2531,-0.3,1
OBS-02405,Pseudomonas aeruginosa,Meropenem,Valley Health District,East District,2026-09,122,38,31.6,26.8,4.7,29.7,5.0,1.54,6,1081,1.6,1
OBS-02406,Klebsiella pneumoniae,Meropenem,Eastside Medical Center,Metro Central,2025-11,401,136,33.9,34.5,-0.5,35.7,3.3,-0.47,3,1592,-1.1,0
OBS-02407,Pseudomonas aeruginosa,Ampicillin,University Hospital Center,West District,2026-01,224,110,48.9,29.7,19.2,35.5,9.4,6.84,5,1500,18.9,1
OBS-02408,Klebsiella pneumoniae,Meropenem,Eastside Medical Center,Metro Central,2026-02,51,20,38.8,34.5,4.3,36.9,3.8,1.31,3,209,3.8,1
OBS-02409,Staphylococcus aureus,Meropenem,Valley Health District,West District,2025-10,459,245,53.3,36.0,17.3,39.4,9.3,6.38,3,1631,13.3,1
OBS-02410,Escherichia coli,Ceftriaxone,Eastside Medical Center,West District,2026-01,108,19,17.2,22.1,-4.9,21.0,3.9,-1.24,3,618,-22.8,0
OBS-02411,Escherichia coli,Gentamicin,University Hospital Center,Metro Central,2025-10,264,51,19.2,22.2,-3.0,20.4,4.2,-0.87,2,703,-20.8,0
OBS-02412,Acinetobacter baumannii,Meropenem,University Hospital Center,Metro North,2026-02,135,46,33.9,31.7,2.2,33.4,2.1,1.37,8,1174,8.9,1
OBS-02413,Escherichia coli,Gentamicin,St. Jude General Hospital,West District,2025-10,512,111,21.7,27.0,-5.3,27.4,4.1,-1.21,3,1834,-18.3,0
OBS-02414,Pseudomonas aeruginosa,Ampicillin,St. Jude General Hospital,West District,2025-10,486,165,34.0,31.0,2.9,33.5,2.7,1.18,8,4004,4.0,0
OBS-02415,Acinetobacter baumannii,Gentamicin,Eastside Medical Center,Metro Central,2025-10,273,175,64.3,40.8,23.5,46.8,10.5,7.92,6,1925,39.3,1
OBS-02416,Staphylococcus aureus,Gentamicin,University Hospital Center,Metro North,2026-08,250,44,17.5,12.2,5.3,11.8,3.9,1.96,2,651,-22.5,0
OBS-02417,Enterococcus faecium,Vancomycin,Metro West Community Clinic,East District,2026-02,485,262,54.0,32.4,21.6,37.4,9.3,7.4,2,1173,24.0,1
OBS-02418,Pseudomonas aeruginosa,Colistin,Eastside Medical Center,Metro Central,2026-09,510,85,16.6,16.1,0.6,14.4,2.5,0.25,4,2181,-13.4,0
OBS-02419,Staphylococcus aureus,Ceftriaxone,Eastside Medical Center,West District,2026-04,472,102,21.6,15.8,5.8,18.5,3.1,1.93,1,628,-18.4,0
OBS-02420,Klebsiella pneumoniae,Ceftriaxone,St. Jude General Hospital,East District,2026-04,524,181,34.5,32.6,1.9,32.2,3.8,1.2,2,1265,-0.5,0
OBS-02421,Acinetobacter baumannii,Ampicillin,St. Jude General Hospital,Metro Central,2026-05,216,74,34.1,33.8,0.3,33.0,3.0,0.23,4,1067,9.1,0
OBS-02422,Klebsiella pneumoniae,Colistin,Metro West Community Clinic,Metro North,2026-05,313,175,55.9,33.3,22.7,36.3,11.3,8.01,5,1751,20.9,1
OBS-02423,Pseudomonas aeruginosa,Ampicillin,Eastside Medical Center,Metro North,2026-06,301,71,23.6,21.6,2.0,21.2,3.3,0.42,7,2386,-6.4,0
OBS-02424,Klebsiella pneumoniae,Colistin,Eastside Medical Center,East District,2026-09,427,118,27.7,28.6,-0.9,26.9,1.7,-0.29,4,1828,-7.3,0
OBS-02425,Pseudomonas aeruginosa,Gentamicin,North Suburbs Health Zone,Metro North,2026-01,312,80,25.8,22.7,3.1,23.5,3.3,0.38,7,2266,-4.2,0
OBS-02426,Escherichia coli,Ceftriaxone,Eastside Medical Center,Metro North,2026-06,360,181,50.3,52.2,-1.9,51.6,3.0,-0.5,6,2456,10.3,0
OBS-02427,Escherichia coli,Ampicillin,Valley Health District,East District,2026-01,56,12,20.9,16.7,4.2,15.2,2.5,0.89,6,402,-19.1,0
OBS-02428,Acinetobacter baumannii,Ciprofloxacin,Eastside Medical Center,West District,2025-10,540,178,33.0,30.5,2.5,34.9,4.2,1.02,5,3081,8.0,0
OBS-02429,Pseudomonas aeruginosa,Meropenem,North Suburbs Health Zone,East District,2026-02,508,222,43.7,40.7,3.0,40.8,3.5,0.87,4,2108,13.7,0
OBS-02430,Acinetobacter baumannii,Vancomycin,North Suburbs Health Zone,East District,2026-04,464,301,64.8,51.3,13.6,51.8,7.0,3.62,5,2609,39.8,1
OBS-02431,Staphylococcus aureus,Ceftriaxone,St. Jude General Hospital,East District,2026-08,129,25,19.1,21.1,-2.0,24.5,2.7,0.06,5,960,-20.9,0
OBS-02432,Acinetobacter baumannii,Ceftriaxone,St. Jude General Hospital,Metro Central,2025-12,526,235,44.6,39.0,5.6,42.3,2.8,2.16,8,4343,19.6,1
OBS-02433,Acinetobacter baumannii,Colistin,Eastside Medical Center,Metro Central,2026-09,434,211,48.6,47.8,0.8,47.9,3.6,0.17,8,3532,23.6,0
OBS-02434,Staphylococcus aureus,Vancomycin,North Suburbs Health Zone,Metro Central,2026-03,273,43,15.8,22.9,-7.1,21.4,4.7,-1.93,1,449,-24.2,0
OBS-02435,Acinetobacter baumannii,Ceftriaxone,University Hospital Center,Metro North,2025-10,534,245,45.8,43.1,2.7,45.4,4.2,0.87,7,4118,20.8,0
OBS-02436,Staphylococcus aureus,Ampicillin,Valley Health District,Metro Central,2026-06,227,46,20.1,12.5,7.6,15.1,4.9,2.87,3,824,-19.9,0
OBS-02437,Staphylococcus aureus,Ceftriaxone,Valley Health District,East District,2025-11,564,13,2.3,4.5,-2.2,6.3,2.1,-0.3,1,845,-37.7,0
OBS-02438,Pseudomonas aeruginosa,Meropenem,Metro West Community Clinic,East District,2026-08,436,105,24.0,20.9,3.1,21.0,3.9,0.53,1,727,-6.0,0
OBS-02439,Klebsiella pneumoniae,Colistin,Valley Health District,Metro North,2026-09,449,164,36.6,39.0,-2.4,39.8,3.5,-1.02,8,3654,1.6,0
OBS-02440,Enterococcus faecium,Colistin,St. Jude General Hospital,East District,2026-07,182,27,14.7,27.6,-13.0,25.8,6.5,-4.92,3,656,-15.3,0
OBS-02441,Enterococcus faecium,Vancomycin,Metro West Community Clinic,West District,2026-09,598,35,5.9,8.5,-2.6,8.0,2.6,-1.01,2,1451,-24.1,0
OBS-02442,Staphylococcus aureus,Ampicillin,University Hospital Center,Metro North,2025-10,451,73,16.1,21.2,-5.1,20.2,4.5,-2.14,2,1035,-23.9,0
OBS-02443,Escherichia coli,Ampicillin,University Hospital Center,Metro North,2026-06,589,256,43.4,41.5,2.0,43.5,3.7,-0.45,2,1309,3.4,0
OBS-02444,Staphylococcus aureus,Gentamicin,Eastside Medical Center,Metro North,2026-01,132,64,48.8,50.8,-2.0,47.5,3.6,-1.29,8,1340,8.8,0
OBS-02445,Acinetobacter baumannii,Ampicillin,Eastside Medical Center,East District,2025-12,338,163,48.1,33.0,15.1,34.5,7.1,5.2,7,2496,23.1,1
OBS-02446,Enterococcus faecium,Gentamicin,University Hospital Center,Metro Central,2026-08,374,59,15.7,13.4,2.3,14.8,2.6,0.78,4,1700,-14.3,0
OBS-02447,Enterococcus faecium,Ciprofloxacin,St. Jude General Hospital,East District,2026-03,500,151,30.3,26.1,4.2,26.4,4.2,1.1,7,3563,0.3,0
OBS-02448,Escherichia coli,Ceftriaxone,Eastside Medical Center,West District,2026-01,416,171,41.1,37.0,4.1,37.7,3.6,1.69,1,598,1.1,1
OBS-02449,Pseudomonas aeruginosa,Meropenem,Metro West Community Clinic,East District,2026-08,95,35,37.2,38.7,-1.5,39.5,2.9,-0.35,4,505,7.2,0
OBS-02450,Enterococcus faecium,Ciprofloxacin,North Suburbs Health Zone,Metro Central,2026-04,554,91,16.4,19.1,-2.8,21.2,2.1,-1.46,8,4484,-13.6,0
OBS-02451,Enterococcus faecium,Colistin,Valley Health District,Metro North,2026-08,391,63,16.1,22.3,-6.1,19.1,4.9,-1.82,2,1162,-13.9,0
OBS-02452,Escherichia coli,Ciprofloxacin,North Suburbs Health Zone,East District,2026-07,563,233,41.3,42.8,-1.6,43.3,2.9,-1.51,3,1786,1.3,0
OBS-02453,Staphylococcus aureus,Vancomycin,St. Jude General Hospital,Metro Central,2026-05,199,35,17.5,17.8,-0.3,19.2,1.1,-0.24,1,460,-22.5,0
OBS-02454,Escherichia coli,Meropenem,St. Jude General Hospital,Metro Central,2026-06,505,220,43.5,47.6,-4.1,47.0,2.3,-1.79,2,1141,3.5,0
OBS-02455,Acinetobacter baumannii,Ampicillin,Metro West Community Clinic,Metro North,2026-08,346,132,38.2,35.7,2.5,34.9,3.9,1.0,5,2049,13.2,0
OBS-02456,Enterococcus faecium,Vancomycin,St. Jude General Hospital,West District,2025-12,228,7,3.2,2.0,1.2,2.0,3.2,-0.23,6,1746,-26.8,0
OBS-02457,Escherichia coli,Ciprofloxacin,North Suburbs Health Zone,Metro Central,2026-04,434,251,57.9,44.2,13.7,46.1,7.6,5.06,2,974,17.9,1
OBS-02458,Escherichia coli,Ceftriaxone,St. Jude General Hospital,Metro North,2025-10,162,114,70.4,45.7,24.7,50.8,11.9,8.64,4,931,30.4,1
OBS-02459,Staphylococcus aureus,Meropenem,Valley Health District,East District,2026-02,263,178,67.6,66.8,0.8,66.8,2.3,0.19,5,1531,27.6,0
OBS-02460,Enterococcus faecium,Meropenem,Valley Health District,East District,2026-03,46,14,30.5,16.7,13.8,23.8,6.5,4.65,8,459,0.5,1
OBS-02461,Enterococcus faecium,Gentamicin,University Hospital Center,East District,2025-12,260,82,31.5,29.6,1.8,32.0,2.7,0.33,6,1818,1.5,0
OBS-02462,Klebsiella pneumoniae,Meropenem,North Suburbs Health Zone,East District,2026-01,227,78,34.2,34.8,-0.7,33.4,3.7,-0.39,1,559,-0.8,0
OBS-02463,Staphylococcus aureus,Vancomycin,Valley Health District,Metro Central,2026-01,499,236,47.4,29.0,18.3,31.8,8.0,5.65,7,3543,7.4,1
OBS-02464,Pseudomonas aeruginosa,Meropenem,Valley Health District,East District,2025-10,403,100,24.8,26.9,-2.1,28.1,3.1,-0.46,6,2581,-5.2,0
OBS-02465,Acinetobacter baumannii,Vancomycin,St. Jude General Hospital,West District,2026-03,56,24,42.8,41.3,1.5,43.3,2.4,1.13,5,454,17.8,0
OBS-02466,Pseudomonas aeruginosa,Vancomycin,Metro West Community Clinic,Metro North,2025-11,502,151,30.0,25.2,4.8,25.3,3.6,1.23,6,3317,-0.0,0
OBS-02467,Enterococcus faecium,Ampicillin,North Suburbs Health Zone,Metro North,2026-01,276,87,31.5,11.1,20.4,15.2,8.5,6.81,3,1097,1.5,1
OBS-02468,Acinetobacter baumannii,Ceftriaxone,North Suburbs Health Zone,East District,2026-07,172,108,62.6,54.7,7.9,57.3,5.6,2.24,2,584,37.6,1
OBS-02469,Staphylococcus aureus,Vancomycin,Valley Health District,Metro North,2025-12,302,49,16.1,20.3,-4.2,19.0,4.4,-0.77,1,447,-23.9,0
OBS-02470,Klebsiella pneumoniae,Ampicillin,Metro West Community Clinic,Metro North,2025-10,466,322,69.1,45.1,24.0,51.7,11.7,7.41,7,3515,34.1,1
OBS-02471,Acinetobacter baumannii,Ampicillin,University Hospital Center,Metro North,2026-03,198,94,47.7,42.5,5.2,42.7,4.4,1.29,7,1737,22.7,1
OBS-02472,Enterococcus faecium,Ceftriaxone,University Hospital Center,Metro North,2026-03,449,169,37.7,31.6,6.1,32.8,4.5,1.75,8,3926,7.7,1
OBS-02473,Staphylococcus aureus,Ceftriaxone,University Hospital Center,East District,2026-04,348,73,20.9,20.1,0.8,24.5,1.6,0.26,1,460,-19.1,0
OBS-02474,Escherichia coli,Ceftriaxone,Eastside Medical Center,Metro North,2025-11,244,101,41.5,34.7,6.8,36.3,3.7,1.82,6,1822,1.5,1
OBS-02475,Acinetobacter baumannii,Ciprofloxacin,University Hospital Center,Metro North,2026-04,70,32,46.4,47.2,-0.8,47.4,3.5,0.15,1,122,21.4,0
OBS-02476,Escherichia coli,Gentamicin,Valley Health District,West District,2026-04,108,15,13.7,21.5,-7.8,19.6,5.3,-2.52,3,530,-26.3,0
OBS-02477,Escherichia coli,Vancomycin,Eastside Medical Center,Metro Central,2026-01,161,59,36.5,37.9,-1.4,39.4,2.6,-0.56,5,863,-3.5,0
OBS-02478,Staphylococcus aureus,Colistin,University Hospital Center,West District,2025-12,593,244,41.2,42.3,-1.2,42.1,1.6,0.14,1,865,1.2,0
OBS-02479,Staphylococcus aureus,Colistin,University Hospital Center,Metro North,2026-02,377,140,37.0,40.6,-3.6,40.3,3.3,-1.23,1,744,-3.0,0
OBS-02480,Escherichia coli,Ceftriaxone,University Hospital Center,Metro North,2026-03,71,11,15.6,14.2,1.4,15.2,1.5,0.44,4,625,-24.4,0
OBS-02481,Staphylococcus aureus,Ceftriaxone,St. Jude General Hospital,East District,2026-06,168,67,39.9,41.8,-2.0,42.1,3.3,-0.81,7,1517,-0.1,0
OBS-02482,Acinetobacter baumannii,Vancomycin,St. Jude General Hospital,East District,2026-04,44,10,22.3,22.7,-0.5,22.2,1.2,-0.57,3,225,-2.7,0
OBS-02483,Enterococcus faecium,Ciprofloxacin,North Suburbs Health Zone,West District,2026-04,578,172,29.8,27.6,2.1,26.1,1.6,0.72,2,1426,-0.2,0
OBS-02484,Klebsiella pneumoniae,Vancomycin,Valley Health District,East District,2025-10,293,133,45.4,45.6,-0.2,45.0,1.1,0.58,5,1672,10.4,0
OBS-02485,Klebsiella pneumoniae,Colistin,University Hospital Center,Metro Central,2026-08,533,106,19.9,27.8,-7.9,25.3,3.9,-2.79,4,2520,-15.1,0
OBS-02486,Escherichia coli,Ciprofloxacin,St. Jude General Hospital,West District,2026-05,241,129,53.3,30.0,23.3,35.1,9.9,7.36,8,2306,13.3,1
OBS-02487,Escherichia coli,Meropenem,North Suburbs Health Zone,Metro Central,2026-07,86,28,32.9,37.1,-4.2,32.8,3.9,-1.79,3,383,-7.1,0
OBS-02488,Enterococcus faecium,Vancomycin,Metro West Community Clinic,Metro Central,2026-07,568,167,29.4,9.6,19.8,13.4,9.5,6.59,4,2569,-0.6,1
OBS-02489,Enterococcus faecium,Meropenem,Eastside Medical Center,East District,2026-02,333,84,25.3,21.4,4.0,22.4,4.6,1.28,8,2995,-4.7,0
OBS-02490,Staphylococcus aureus,Ampicillin,St. Jude General Hospital,West District,2026-09,171,30,17.7,21.4,-3.7,21.0,4.2,-1.07,7,1362,-22.3,0
OBS-02491,Escherichia coli,Gentamicin,North Suburbs Health Zone,West District,2026-03,113,41,36.0,34.0,2.0,35.9,3.9,0.72,2,517,-4.0,0
OBS-02492,Enterococcus faecium,Ceftriaxone,Eastside Medical Center,Metro Central,2026-05,210,39,18.6,20.1,-1.5,19.9,2.7,-0.99,4,1165,-11.4,0
OBS-02493,Pseudomonas aeruginosa,Ampicillin,University Hospital Center,East District,2025-10,402,178,44.3,28.5,15.8,30.9,8.6,6.14,2,1114,14.3,1
OBS-02494,Enterococcus faecium,Gentamicin,St. Jude General Hospital,East District,2026-05,317,39,12.2,15.0,-2.8,13.0,4.0,-1.3,5,1952,-17.8,0
OBS-02495,Acinetobacter baumannii,Gentamicin,St. Jude General Hospital,West District,2025-10,524,51,9.8,31.6,-21.8,29.7,11.1,-6.87,8,4243,-15.2,0
OBS-02496,Escherichia coli,Gentamicin,Eastside Medical Center,East District,2026-02,592,244,41.3,38.3,3.0,39.6,4.4,1.01,2,1375,1.3,0
OBS-02497,Klebsiella pneumoniae,Ceftriaxone,Valley Health District,Metro North,2025-12,592,115,19.5,23.2,-3.7,23.7,3.7,-1.56,2,1246,-15.5,0
OBS-02498,Staphylococcus aureus,Vancomycin,University Hospital Center,Metro Central,2026-01,597,121,20.2,15.6,4.7,12.7,3.7,0.8,6,3915,-19.8,0
OBS-02499,Enterococcus faecium,Gentamicin,Valley Health District,Metro Central,2026-08,586,227,38.7,24.5,14.2,29.4,6.2,4.89,8,5014,8.7,1
OBS-02500,Enterococcus faecium,Colistin,St. Jude General Hospital,West District,2026-02,251,65,25.9,27.3,-1.4,27.4,3.2,-0.51,7,1911,-4.1,0
